id;institución;nombre;categoria;descripcion;enlace
2824;Ministerio de Agricultura, Ganadería y Alimentación -MAGA-;115. Permiso fitosanitario de importación;Economía;Permiso Fitosanitario de Importación;https://apps.maga.gob.gt/simplificacion/Formularios?tipoId=1
2825;Ministerio de Agricultura, Ganadería y Alimentación -MAGA-;99. Etiquetas para certificar semilla;Manejo de Animales y Vegetales;Solicitud de etiquetas para certificar semilla;https://apps.maga.gob.gt/simplificacion/Formularios?tipoId=1
2826;Ministerio de Agricultura, Ganadería y Alimentación -MAGA-;180. Gestión de constancia para la importación de productos y subproductos de origen vegetal procesados que no representen riesgo fitosanitario;Economía;Gestión de constancia para la importación de productos y subproductos de origen vegetal procesados que no representen riesgo fitosanitario;https://apps.maga.gob.gt/simplificacion/Formularios?tipoId=1
2827;Ministerio de Agricultura, Ganadería y Alimentación -MAGA-;100. Licencia de registro de planta acondicionadora y almacenamiento de semilla certificada;Manejo de Animales y Vegetales;Licencia de registro de planta acondicionadora y almacenamiento de semilla certificada;https://apps.maga.gob.gt/simplificacion/Formularios?tipoId=1
2829;Ministerio de Agricultura, Ganadería y Alimentación -MAGA-;168. Registro de Productos Formulados (Carta de Acceso);Medio Ambiente;Registro de Productos Formulados (Carta de Acceso);https://apps.maga.gob.gt/simplificacion/Formularios?tipoId=1
2830;Ministerio de Agricultura, Ganadería y Alimentación -MAGA-;101. Pruebas de Análisis de Laboratorio de Calidad de Semilla;Manejo de Animales y Vegetales;Pruebas de Análisis de Laboratorio de Calidad de Semilla;https://apps.maga.gob.gt/simplificacion/Formularios?tipoId=1
2831;Ministerio de Agricultura, Ganadería y Alimentación -MAGA-;181. Registro o Renovación de Personas Individuales o Jurídicas que se dedican al Tratamiento de Embalaje de Madera Utilizado en Comercio Internacional;Economía;Registro o Renovación de Personas Individuales o Jurídicas que se dedican al Tratamiento de Embalaje de Madera Utilizado en Comercio Internacional;https://apps.maga.gob.gt/simplificacion/Formularios?tipoId=1
2832;Ministerio de Agricultura, Ganadería y Alimentación -MAGA-;102. Certificado registro de unidades de producción de semilla certificada;Manejo de Animales y Vegetales;Certificado registro de unidades de producción de semilla certificada;https://apps.maga.gob.gt/simplificacion/Formularios?tipoId=1
2833;Ministerio de Agricultura, Ganadería y Alimentación -MAGA-;177. Registro o Renovación de Personas Individuales o Jurídicas que se dediquen a la extracción, manejo y transporte de desechos sólidos inorgánicos, provenientes de los buques.;Medio Ambiente;Registro o Renovación de Personas Individuales o Jurídicas que se dediquen a la extracción, manejo y transporte de desechos sólidos inorgánicos, provenientes de los buques.;https://apps.maga.gob.gt/simplificacion/Formularios?tipoId=1
2834;Ministerio de Agricultura, Ganadería y Alimentación -MAGA-;103. Certificado de Autorización de Uso de Productos Obtenidos por Biotecnología de Precisión para Uso Agrícola;Manejo de Animales y Vegetales;Certificado de Autorización de Uso de Productos Obtenidos por Biotecnología de Precisión para Uso Agrícola;https://apps.maga.gob.gt/simplificacion/Formularios?tipoId=1
2836;Ministerio de Agricultura, Ganadería y Alimentación -MAGA-;169. Renovación Registro de Productos Formulados (Carta de Acceso);Medio Ambiente;Renovación Registro de Productos Formulados (Carta de Acceso);https://apps.maga.gob.gt/simplificacion/Formularios?tipoId=1
2837;Ministerio de Agricultura, Ganadería y Alimentación -MAGA-;104. Certificado de Autorización de Uso Confinado de OVM para Uso Agrícola;Manejo de Animales y Vegetales;Certificado de Autorización de Uso Confinado de OVM para Uso Agrícola;https://apps.maga.gob.gt/simplificacion/Formularios?tipoId=1
2838;Ministerio de Agricultura, Ganadería y Alimentación -MAGA-;112. Certificado fitosanitario de exportación;Economía;Emisión de Certificado Fitosanitario de Exportación o Reexportación;https://apps.maga.gob.gt/simplificacion/Formularios?tipoId=1
2842;Ministerio de Agricultura, Ganadería y Alimentación -MAGA-;105. Certificado para Liberación pre comercial de Semilla Genéticamente modificada para uso Agrícola;Manejo de Animales y Vegetales;Certificado para Liberación pre comercial de Semilla Genéticamente modificada para uso Agrícola;https://apps.maga.gob.gt/simplificacion/Formularios?tipoId=1
2843;Ministerio de Agricultura, Ganadería y Alimentación -MAGA-;132. Reconocimiento de Registro de Fertilizantes y Enmiendas de Uso Agrícola;Medio Ambiente;Reconocimiento de Registro de Fertilizantes y Enmiendas de Uso Agrícola;https://apps.maga.gob.gt/simplificacion/Formularios?tipoId=1
2844;Ministerio de Agricultura, Ganadería y Alimentación -MAGA-;179. Autorización de Importación para Muestras de Suelo de Referencia Certificada con Fines de Análisis, Físicos-Químicos.;Economía;Autorización de Importación para Muestras de Suelo de Referencia Certificada con Fines de Análisis, Físicos-Químicos.;https://apps.maga.gob.gt/simplificacion/Formularios?tipoId=1
2845;Ministerio de Agricultura, Ganadería y Alimentación -MAGA-;133. Renovación de Registro de Fertilizantes y Enmiendas de uso Agrícola otorgado por reconocimiento;Medio Ambiente;Renovación de Registro de Fertilizantes y Enmiendas de uso Agrícola otorgado por reconocimiento;https://apps.maga.gob.gt/simplificacion/Formularios?tipoId=1
2846;Ministerio de Agricultura, Ganadería y Alimentación -MAGA-;31. Reconocimiento de registro sanitario de productos utilizados en alimentación animal;Manejo de Animales y Vegetales;Solicitud para el reconocimiento de registro sanitario de productos utilizados en alimentación animal;https://apps.maga.gob.gt/simplificacion/Formularios?categoriaId=8&unidadId=2&tipoId=1
2847;Ministerio de Agricultura, Ganadería y Alimentación -MAGA-;178. Registro o Renovación de Estación de Cuarentena Posentrada;Manejo de Animales y Vegetales;Registro o Renovación de Estación de Cuarentena Posentrada;https://apps.maga.gob.gt/simplificacion/Formularios?tipoId=1
2848;Ministerio de Agricultura, Ganadería y Alimentación -MAGA-;106. Certificado para liberación comercial de semilla genéticamente modificada para uso agrícola bajo procedimiento simplificado;Manejo de Animales y Vegetales;Certificado para liberación comercial de semilla genéticamente modificada para uso agrícola bajo procedimiento simplificado;https://apps.maga.gob.gt/simplificacion/Formularios?tipoId=1
2850;Ministerio de Agricultura, Ganadería y Alimentación -MAGA-;122. Registro de Personas Individuales o Jurídicas para Importación y Comercialización de Insumos Agrícolas;Medio Ambiente;Registro De Personas Individuales o Jurídicas Que Se Encargan A La Importación Y Comercialización De Insumos Agrícolas.;https://apps.maga.gob.gt/simplificacion/Formularios?tipoId=1
2851;Ministerio de Agricultura, Ganadería y Alimentación -MAGA-;171. Permiso o retorno de importación de insumos para uso agrícola (Agroquímicos, Plaguicidas Inorgánicos, Sustancias Afines a Plaguicidas, Plaguicidas Microbiológicos, Plaguicidas Bioquímicos, Plaguicidas Botánicos, Artrópodos, Predadores, Parásitos y Parasitoides);Medio Ambiente;Permiso o retorno de importación de insumos para uso agrícola (Agroquímicos, Plaguicidas Inorgánicos, Sustancias Afines a Plaguicidas, Plaguicidas Microbiológicos, Plaguicidas Bioquímicos, Plaguicidas Botánicos, Artrópodos, Predadores, Parásitos y Parasitoides);https://apps.maga.gob.gt/simplificacion/Formularios?tipoId=1
2852;Ministerio de Agricultura, Ganadería y Alimentación -MAGA-;107. Certificado para liberación experimental de semilla genéticamente modificada para uso agrícola;Manejo de Animales y Vegetales;Registro de Eventos Biotecnológicos de Organismos Vivos Modificados -OVM- para Uso Agrícola;https://apps.maga.gob.gt/simplificacion/Formularios?tipoId=1
2854;Ministerio de Agricultura, Ganadería y Alimentación -MAGA-;13. Registro sanitario para biológicos de uso veterinario;Manejo de Animales y Vegetales;Solicitud de registro sanitario para biológicos de uso veterinario;https://apps.maga.gob.gt/simplificacion/Formularios?categoriaId=8&unidadId=2&tipoId=1
2855;Ministerio de Agricultura, Ganadería y Alimentación -MAGA-;212. Concesión de Permiso de Pesca Artesanal;Manejo de Animales y Vegetales;"Concesión de Permiso de Pesca Artesanal, actividad que se realiza sin embarcaciones o con embarcaciones entre cero punto cuarenta y seis toneladas y cero punto noventa y nueve toneladas de regstro neto; se puede realizar en esteros, lagos, lagunas, ríos y mares";https://apps.maga.gob.gt/simplificacion/Formularios?tipoId=1
2856;Ministerio de Agricultura, Ganadería y Alimentación -MAGA-;124. Registro de personas individuales o jurídicas interesadas en la formulación de insumos agrícolas;Medio Ambiente;Registro de personas individuales o jurídicas interesadas en la formulación de insumos agrícolas;https://apps.maga.gob.gt/simplificacion/Formularios?tipoId=1
2857;Ministerio de Agricultura, Ganadería y Alimentación -MAGA-;214. Licencia o prórroga de Acuicultura Comercial;Economía;Cultivo de organismos acuáticos bajo condiciones controladas realizadas con propósito de obtener beneficios económicos;https://apps.maga.gob.gt/simplificacion/Formularios?tipoId=1
2858;Ministerio de Agricultura, Ganadería y Alimentación -MAGA-;215. Permiso o prorroga de Acuicultura artesanal;Manejo de Animales y Vegetales;Cultivo realizado por una persona individual y los miembros de su núcleo familiar, cuya producción total está destinada a la alimentación de la familia;https://apps.maga.gob.gt/simplificacion/Formularios?tipoId=1
2859;Ministerio de Agricultura, Ganadería y Alimentación -MAGA-;14. Registro sanitario para medicamentos, químicos y ectoparasiticidas de uso veterinario;Manejo de Animales y Vegetales;Solicitud registro sanitario para medicamentos, químicos y ectoparasiticidas de uso veterinario;https://apps.maga.gob.gt/simplificacion/Formularios?categoriaId=8&unidadId=2&tipoId=1
2860;Ministerio de Agricultura, Ganadería y Alimentación -MAGA-;126. Registro de Regentes de Insumos Agrícolas;Inscripciones y Registros;Registro de Regentes de Insumos Agrícolas;https://apps.maga.gob.gt/simplificacion/Formularios?tipoId=1
2862;Ministerio de Agricultura, Ganadería y Alimentación -MAGA-;216. Permiso o Prorroga de Pesca Científica en Aguas Continentales;Manejo de Animales y Vegetales;Permiso o Prorroga de Pesca Científica en Aguas Continentales;https://apps.maga.gob.gt/simplificacion/Formularios?tipoId=1
2863;Ministerio de Agricultura, Ganadería y Alimentación -MAGA-;217. Permiso o prorroga de acuicultura científica;Manejo de Animales y Vegetales;La que se realiza con propósito de investigación técnica o cientifíca.;https://apps.maga.gob.gt/simplificacion/Formularios?tipoId=1
2864;Ministerio de Agricultura, Ganadería y Alimentación -MAGA-;15. Registro sanitario de productos utilizados en la alimentación animal;Manejo de Animales y Vegetales;Solicitud de registro sanitario de productos utilizados en la alimentación animal;https://apps.maga.gob.gt/simplificacion/Formularios?categoriaId=8&unidadId=2&tipoId=1
2865;Ministerio de Agricultura, Ganadería y Alimentación -MAGA-;230. Autorización de torneo de pesca deportiva en aguas continentales;Salud;Autorización de torneo de pesca deportiva en aguas continentales;https://apps.maga.gob.gt/simplificacion/Formularios?tipoId=1
2866;Ministerio de Agricultura, Ganadería y Alimentación -MAGA-;170. Licencia o retorno de importación de insumos para uso agrícola (Fertilizantes, Enmiendas, Sustancias Afines a Fertilizantes o Enmiendas de Uso Agrícola);Medio Ambiente;Licencia o retorno de importación de insumos para uso agrícola (Fertilizantes, Enmiendas, Sustancias Afines a Fertilizantes o Enmiendas de Uso Agrícola);https://apps.maga.gob.gt/simplificacion/Formularios?tipoId=1
2867;Ministerio de Agricultura, Ganadería y Alimentación -MAGA-;128. Registro de Expendios de Insumos Agrícolas;Inscripciones y Registros;Registro de Expendios de Insumos Agrícolas;https://apps.maga.gob.gt/simplificacion/Formularios?tipoId=1
2868;Ministerio de Agricultura, Ganadería y Alimentación -MAGA-;16. Registro sanitario y renovación de registro sanitario simplificado para medicamentos veterinarios y productos afines;Manejo de Animales y Vegetales;Solicitud de registro sanitario y renovación de registro sanitario simplificado para medicamentos veterinarios y productos afines;https://apps.maga.gob.gt/simplificacion/Formularios?categoriaId=8&unidadId=2&tipoId=1
2871;Ministerio de Agricultura, Ganadería y Alimentación -MAGA-;123. Renovación de registro de personas individuales o jurídicas interesadas en importar y comercializar insumos agrícolas;Economía;RENOVACION DE REGISTRO DE PERSONAS INDIVIDUALES O JURIDICAS INTERESADAS EN IMPORTAR Y COMERCIALIZAR INSUMOS AGRICOLAS;https://apps.maga.gob.gt/simplificacion/Formularios?tipoId=1
2872;Ministerio de Agricultura, Ganadería y Alimentación -MAGA-;125. Renovación de registro de personas individuales o jurídicas que se encargan a la formulación de insumos agrícolas;Inscripciones y Registros;Renovación de registro de personas individuales o jurídicas que se encargan a la formulación de insumos agrícolas;https://apps.maga.gob.gt/simplificacion/Formularios?tipoId=1
2873;Ministerio de Agricultura, Ganadería y Alimentación -MAGA-;18. Renovación de registro sanitario para productos utilizados en alimentación animal;Manejo de Animales y Vegetales;Renovación de registro sanitario para productos utilizados en alimentación animal;https://apps.maga.gob.gt/simplificacion/Formularios?categoriaId=8&unidadId=2&tipoId=1
2874;Ministerio de Agricultura, Ganadería y Alimentación -MAGA-;127. Renovación de registro de regentes de insumos agrícolas;Inscripciones y Registros;RENOVACION DE REGISTRO DE REGENTES DE INSUMOS AGRICOLAS;https://apps.maga.gob.gt/simplificacion/Formularios?tipoId=1
2876;Ministerio de Agricultura, Ganadería y Alimentación -MAGA-;17. Renovación de registro sanitario para medicamentos veterinarios y productos afines;Manejo de Animales y Vegetales;Renovación de registro sanitario para medicamentos veterinarios y productos afines;https://apps.maga.gob.gt/simplificacion/Formularios?categoriaId=8&unidadId=2&tipoId=1
2877;Ministerio de Agricultura, Ganadería y Alimentación -MAGA-;113. Registro de Fertilizantes;Inscripciones y Registros;Registro de Fertilizantes;https://apps.maga.gob.gt/simplificacion/Formularios?tipoId=1
2879;Ministerio de Agricultura, Ganadería y Alimentación -MAGA-;19. Cesión de registro sanitario de productos utilizados en alimentación animal;Manejo de Animales y Vegetales;Cesión de registro sanitario de productos utilizados en alimentación animal;https://apps.maga.gob.gt/simplificacion/Formularios?categoriaId=8&unidadId=2&tipoId=1
2880;Ministerio de Agricultura, Ganadería y Alimentación -MAGA-;131. Renovación del Registro de Fertilizantes y Enmiendas de uso Agrícola;Medio Ambiente;Renovación del Registro de Fertilizantes y Enmiendas de uso Agrícola;https://apps.maga.gob.gt/simplificacion/Formularios?tipoId=1
2881;Ministerio de Agricultura, Ganadería y Alimentación -MAGA-;110. Registro de Enmiendas;Inscripciones y Registros;Registro de Enmiendas;https://apps.maga.gob.gt/simplificacion/Formularios?tipoId=1
2882;Ministerio de Agricultura, Ganadería y Alimentación -MAGA-;109. Registro de sustancias afines a fertilizantes o a enmiendas;Inscripciones y Registros;Registro de sustancias afines a fertilizantes o a enmiendas;https://apps.maga.gob.gt/simplificacion/Formularios?tipoId=1
2883;Ministerio de Agricultura, Ganadería y Alimentación -MAGA-;135. Renovación de Registro de Sustancias Afines a Fertilizantes o a Enmiendas;Medio Ambiente;Renovación de Registro de Sustancias Afines a Fertilizantes o a Enmiendas;https://apps.maga.gob.gt/simplificacion/Formularios?tipoId=1
2884;Ministerio de Agricultura, Ganadería y Alimentación -MAGA-;130. Modificación de Registros de Fertilizantes y Enmiendas;Inscripciones y Registros;Modificación de Registros de Fertilizantes y Enmiendas;https://apps.maga.gob.gt/simplificacion/Formularios?tipoId=1
2885;Ministerio de Agricultura, Ganadería y Alimentación -MAGA-;224. Licencia o prórroga de Pesca Comercial de Gran Escala;Medio Ambiente;Actividad que se realiza con embarcaciones mayores de treinta punto uno hasta ciento cincuenta toneladas de registro neto;https://apps.maga.gob.gt/simplificacion/Formularios?tipoId=1
2886;Ministerio de Agricultura, Ganadería y Alimentación -MAGA-;30. Permiso de importación de insumos para uso en animales reactivos pruebas de diagnóstico (kits);Manejo de Animales y Vegetales;Permiso de importación de insumos para uso en animales reactivos pruebas de diagnóstico (kits);https://apps.maga.gob.gt/simplificacion/Formularios?categoriaId=8&unidadId=2&tipoId=1
2887;Ministerio de Agricultura, Ganadería y Alimentación -MAGA-;9. Registro sanitario de funcionamiento de comercializadores (importadores y exportadores) de productos utilizados en alimentación animal.;Medio Ambiente;Solicitud de registro sanitario de funcionamiento de comercializadores (importadores y exportadores) de productos utilizados en alimentación animal.;https://apps.maga.gob.gt/simplificacion/Formularios?categoriaId=8&unidadId=2&tipoId=1
2888;Ministerio de Agricultura, Ganadería y Alimentación -MAGA-;226. Licencia o prórroga de Pesca Comercial de Túnidos;Medio Ambiente;Actividad que se realiza en aguas jurisdiccionales del Océano Pacífico a partir de las cien millas náuticas de la Zona Económica Exclusiva;https://apps.maga.gob.gt/simplificacion/Formularios?tipoId=1
2889;Ministerio de Agricultura, Ganadería y Alimentación -MAGA-;134. Modificación de Registro de Sustancias Afines a Fertilizantes;Inscripciones y Registros;Modificación de Registro de Sustancias Afines a Fertilizantes;https://apps.maga.gob.gt/simplificacion/Formularios?tipoId=1
2890;Ministerio de Agricultura, Ganadería y Alimentación -MAGA-;183. Constancia de importación de productos y subproductos de insumos agrícolas (nota SAT);Medio Ambiente;Constancia de importación de productos y subproductos de insumos agrícolas (nota SAT);https://sigie.maga.gob.gt/
2891;Ministerio de Agricultura, Ganadería y Alimentación -MAGA-;227. Licencia o prórroga de Pesca Deportiva;Medio Ambiente;Pesca que se realiza con propósito de esparcimiento y recreación, con o sin embarcaciones, simpre  que las especies capturadas no sean objeto de comercialización;https://apps.maga.gob.gt/simplificacion/Formularios?tipoId=1
2892;Ministerio de Agricultura, Ganadería y Alimentación -MAGA-;111. Endoso de registro de fertilizantes, enmiendas y sustancias afines a fertilizantes o a enmiendas;Inscripciones y Registros;Endoso de registro de fertilizantes, enmiendas y sustancias afines a fertilizantes o a enmiendas;https://apps.maga.gob.gt/simplificacion/Formularios?tipoId=1
2893;Ministerio de Agricultura, Ganadería y Alimentación -MAGA-;116. Registro de Ingrediente Activo Grado Técnico por Equivalencia;Medio Ambiente;Registro de Ingrediente Activo Grado Técnico por Equivalencia.;https://apps.maga.gob.gt/simplificacion/Formularios?tipoId=1
2895;Ministerio de Agricultura, Ganadería y Alimentación -MAGA-;182. Constancia de importación de productos y subproductos de insumos agrícolas (nota SAT anual);Medio Ambiente;Constancia de importación de productos y subproductos de insumos agrícolas (nota SAT anual);https://sigie.maga.gob.gt/
2896;Ministerio de Agricultura, Ganadería y Alimentación -MAGA-;140. Modificación al Registro de Artrópodos, Predadores, Parásitos, Parasitoides;Medio Ambiente;Modificación al Registro de Artrópodos, Predadores, Parásitos, Parasitoides;https://apps.maga.gob.gt/simplificacion/Formularios?tipoId=1
2898;Ministerio de Agricultura, Ganadería y Alimentación -MAGA-;6. Registro sanitario de funcionamiento de comercializadores (importadores, exportadores, droguerías o distribuidoras) de medicamentos veterinarios y productos afines.;Medio Ambiente;Solicitud de registro sanitario de funcionamiento de comercializadores (importadores, exportadores, droguerías o distribuidoras) de medicamentos veterinarios y productos afines.;https://apps.maga.gob.gt/simplificacion/Formularios?categoriaId=8&unidadId=2&tipoId=1
2899;Ministerio de Agricultura, Ganadería y Alimentación -MAGA-;137. Cesión del Registro de Fertilizantes, Enmiendas o Sustancias Afines a Fertilizantes o a Enmiendas;Inscripciones y Registros;Solicitud de cesión del Registro de Fertilizantes, Enmiendas o Sustancias Afines a Fertilizantes o a Enmiendas;https://apps.maga.gob.gt/simplificacion/Formularios?tipoId=1
2900;Ministerio de Agricultura, Ganadería y Alimentación -MAGA-;221. Certificado de Transformación (Anexo IV);Medio Ambiente;Certificado de Transformación (Anexo IV);https://apps.maga.gob.gt/simplificacion/Formularios?tipoId=1
2901;Ministerio de Agricultura, Ganadería y Alimentación -MAGA-;152. Endoso (Autorización de Uso) de Registro de Sustancias Afines a Plaguicidas, Plaguicidas Microbiano, Plaguicidas Bioquímicos, Artrópodos, Predadores, Parásitos y Parasitoides;Medio Ambiente;Endoso (Autorización de Uso) de Registro de Sustancias Afines a Plaguicidas, Plaguicidas Microbiano, Plaguicidas Bioquímicos, Artrópodos, Predadores, Parásitos y Parasitoides;https://apps.maga.gob.gt/simplificacion/Formularios?tipoId=1
2902;Ministerio de Agricultura, Ganadería y Alimentación -MAGA-;222. Certificado de Atún a granel;Medio Ambiente;Certificado de Atún a granel;https://apps.maga.gob.gt/simplificacion/Formularios?tipoId=1
2904;Ministerio de Agricultura, Ganadería y Alimentación -MAGA-;114. Importación con fines experimentales de fertilizantes, enmiendas o sustancias afines a fertilizantes o a enmiendas;Medio Ambiente;Importación con fines experimentales de fertilizantes, enmiendas o sustancias afines a fertilizantes o a enmiendas;https://apps.maga.gob.gt/simplificacion/Formularios?tipoId=1
2905;Ministerio de Agricultura, Ganadería y Alimentación -MAGA-;172. Verificación de reetiquetado de plaguicidas;Medio Ambiente;Cuando se determine por parte del personal oficial en el puerto de ingreso al territorio nacional (marítimo, aéreo terrestre) que la etiqueta que identifica un producto agroquímico no cumple con la normativa vigente en esta materia, el mismo podrá ser reetiquetado.;https://apps.maga.gob.gt/simplificacion/Formularios?tipoId=1
2906;Ministerio de Agricultura, Ganadería y Alimentación -MAGA-;117. Registro de Productos Formulados;Medio Ambiente;Registro de Productos Formulados.;https://apps.maga.gob.gt/simplificacion/Formularios?tipoId=1
2908;Ministerio de Agricultura, Ganadería y Alimentación -MAGA-;165. Importación de insumos para uso agrícola de tipo experimental de sustancias afines a plaguicidas, plaguicidas microbianos, plaguicidas bioquímicos, artrópodos, predadores, parásitos y parasitoides;Medio Ambiente;Importación de insumos para uso agrícola de tipo experimental de sustancias afines a plaguicidas, plaguicidas microbianos, plaguicidas bioquímicos, artrópodos, predadores, parásitos y parasitoides;https://apps.maga.gob.gt/simplificacion/Formularios?tipoId=1
2909;Ministerio de Agricultura, Ganadería y Alimentación -MAGA-;8. Registro sanitario de funcionamiento registrante de medicamentos veterinarios y productos afines.;Medio Ambiente;Solicitud de registro sanitario de funcionamiento registrante de medicamentos veterinarios y productos afines.;https://apps.maga.gob.gt/simplificacion/Formularios?categoriaId=8&unidadId=2&tipoId=1
2910;Ministerio de Agricultura, Ganadería y Alimentación -MAGA-;142. Cesión de Registro de Artrópodos, Predadores, Parásitos y Parasitoides;Medio Ambiente;Cesión de Registro de Artrópodos, Predadores, Parásitos y Parasitoides;https://apps.maga.gob.gt/simplificacion/Formularios?tipoId=1
2911;Ministerio de Agricultura, Ganadería y Alimentación -MAGA-;162. Endoso (autorización de uso) de registro de productos agroquímicos formulados;Medio Ambiente;Endoso de Registro de Productos Agroquímicos.;https://apps.maga.gob.gt/simplificacion/Formularios?tipoId=1
2912;Ministerio de Agricultura, Ganadería y Alimentación -MAGA-;138. Registro de Fertilizantes, Enmiendas y Sustancias Afines a Fertilizantes o a Enmiendas con fines de Exportación;Economía;Registro de Fertilizantes, Enmiendas y Sustancias Afines a Fertilizantes o a Enmiendas con fines de Exportación;https://apps.maga.gob.gt/simplificacion/Formularios?tipoId=1
2913;Ministerio de Agricultura, Ganadería y Alimentación -MAGA-;220. Registro de Pescador de subsistencia en Aguas Continentales;Manejo de Animales y Vegetales;Registro de Pescador de subsistencia en Aguas Continentales;https://apps.maga.gob.gt/simplificacion/Formularios?tipoId=1
2914;Ministerio de Agricultura, Ganadería y Alimentación -MAGA-;209. Registro de los Comités de Ética en el Uso y Cuidado Animal;Manejo de Animales y Vegetales;Registro de los Comités de Ética en el Uso y Cuidado Animal;http://apps.maga.gob.gt/simplificacion/Formularios/Download/61
2915;Ministerio de Agricultura, Ganadería y Alimentación -MAGA-;143. Registro de Plaguicidas Botánicos de Uso Agrícola con Fines Exclusivos de Exportación;Medio Ambiente;Registro de Plaguicidas Botánicos de Uso Agrícola con Fines Exclusivos de Exportación;https://apps.maga.gob.gt/simplificacion/Formularios?tipoId=1
2917;Ministerio de Agricultura, Ganadería y Alimentación -MAGA-;32. Reconocimiento de registro sanitario de medicamentos veterinarios y productos afines;Manejo de Animales y Vegetales;Reconocimiento de registro sanitario de medicamentos veterinarios y productos afines;https://apps.maga.gob.gt/simplificacion/Formularios?categoriaId=8&unidadId=2&tipoId=1
2918;Ministerio de Agricultura, Ganadería y Alimentación -MAGA-;121. Registro de Plaguicidas Inorgánicos;Medio Ambiente;Registro de Plaguicidas Inorgánicos.;https://apps.maga.gob.gt/simplificacion/Formularios?tipoId=1
2920;Ministerio de Agricultura, Ganadería y Alimentación -MAGA-;218. Certificado de Captura de la Comunidad Europea;Medio Ambiente;certificado de captura;https://apps.maga.gob.gt/simplificacion/Formularios?tipoId=1
2921;Ministerio de Agricultura, Ganadería y Alimentación -MAGA-;5. Registro sanitario de funcionamiento registrante de productos utilizados en alimentación animal.;Medio Ambiente;Solicitud de registro sanitario de funcionamiento registrante de productos utilizados en alimentación animal.;https://apps.maga.gob.gt/simplificacion/Formularios?categoriaId=8&unidadId=2&tipoId=1
2922;Ministerio de Agricultura, Ganadería y Alimentación -MAGA-;136. Renovación de Registro de Fertilizantes, Enmiendas y Sustancias Afines a Fertilizantes o a Enmiendas con Fines de Exportación;Inscripciones y Registros;Renovación de Registro de Fertilizantes, Enmiendas y Sustancias Afines a Fertilizantes o a Enmiendas con Fines de Exportación;https://apps.maga.gob.gt/simplificacion/Formularios?tipoId=1
2924;Ministerio de Agricultura, Ganadería y Alimentación -MAGA-;153. Renovación de Registro de Plaguicidas Inorgánicos;Medio Ambiente;Renovación de Registro de Plaguicidas Inorgánicos.;https://apps.maga.gob.gt/simplificacion/Formularios?tipoId=1
2925;Ministerio de Agricultura, Ganadería y Alimentación -MAGA-;144. Renovación de Registro de Plaguicidas Botánicos de Uso Agrícola;Medio Ambiente;Renovación de Registro de Plaguicidas Botánicos de Uso Agrícola;https://apps.maga.gob.gt/simplificacion/Formularios?tipoId=1
2926;Ministerio de Agricultura, Ganadería y Alimentación -MAGA-;156. Endoso (Autorización de Uso) del Registro de Plaguicida Inorgánico;Medio Ambiente;Endoso (Autorización de Uso) del Registro de Plaguicida Inorgánico;https://apps.maga.gob.gt/simplificacion/Formularios?tipoId=1
2927;Ministerio de Agricultura, Ganadería y Alimentación -MAGA-;204. Registro de adiestradores de animales;Manejo de Animales y Vegetales;Registro de adiestradores de animales;http://apps.maga.gob.gt/simplificacion/Formularios/Download/281
2928;Ministerio de Agricultura, Ganadería y Alimentación -MAGA-;223. Certificado Estadístico Patudo;Medio Ambiente;Estadístico de patudo;https://apps.maga.gob.gt/simplificacion/Formularios?tipoId=1
2929;Ministerio de Agricultura, Ganadería y Alimentación -MAGA-;161. Registro Experimental de Productos Agroquímicos;Medio Ambiente;Solicitud de Registro Experimental de Productos Agroquímicos;https://apps.maga.gob.gt/simplificacion/Formularios?tipoId=1
2930;Ministerio de Agricultura, Ganadería y Alimentación -MAGA-;33. Reconocimiento de registro sanitario de biológicos veterinarios;Manejo de Animales y Vegetales;Reconocimiento de registro sanitario de biológicos veterinarios;https://apps.maga.gob.gt/simplificacion/Formularios?categoriaId=8&unidadId=2&tipoId=1
2931;Ministerio de Agricultura, Ganadería y Alimentación -MAGA-;108. Registro de ingredientes activos grado técnico;Inscripciones y Registros;Registro de ingredientes activos grado técnico;https://apps.maga.gob.gt/simplificacion/Formularios?tipoId=1
2932;Ministerio de Agricultura, Ganadería y Alimentación -MAGA-;164. Registro de Plaguicida Inorgánico de Tipo Experimental;Medio Ambiente;Registro  de Plaguicida Inorgánico de Tipo Experimental;https://apps.maga.gob.gt/simplificacion/Formularios?tipoId=1
2933;Ministerio de Agricultura, Ganadería y Alimentación -MAGA-;160. Rectificaciones Registrales de Productos Agroquímicos;Medio Ambiente;Rectificaciones Registrales de Productos Agroquímicos;https://apps.maga.gob.gt/simplificacion/Formularios?tipoId=1
2934;Ministerio de Agricultura, Ganadería y Alimentación -MAGA-;229. Permiso o prórroga de Pesca Comercial Artesanal;Manejo de Animales y Vegetales;Permiso o prórroga de Pesca Comercial Artesanal;https://apps.maga.gob.gt/simplificacion/Formularios?tipoId=1
2935;Ministerio de Agricultura, Ganadería y Alimentación -MAGA-;167. Renovación de registro de ingrediente activo grado técnico;Medio Ambiente;Renovación de registro de ingrediente activo grado técnico;https://apps.maga.gob.gt/simplificacion/Formularios?tipoId=1
2936;Ministerio de Agricultura, Ganadería y Alimentación -MAGA-;173. Registro de Plaguicidas Bioquímicos;Medio Ambiente;Registro de Plaguicidas Bioquímicos.;https://apps.maga.gob.gt/simplificacion/Formularios?tipoId=1
2937;Ministerio de Agricultura, Ganadería y Alimentación -MAGA-;154. Modificación al Registro de Plaguicidas Inorgánicos;Medio Ambiente;Modificación al Registro de Plaguicidas Inorgánicos;https://apps.maga.gob.gt/simplificacion/Formularios?tipoId=1
2938;Ministerio de Agricultura, Ganadería y Alimentación -MAGA-;228. Permiso o prórroga de Pesca Comercial de Pequeña Escala;Manejo de Animales y Vegetales;Permiso o prórroga de Pesca Comercial de Pequeña Escala;https://apps.maga.gob.gt/simplificacion/Formularios?tipoId=1
2939;Ministerio de Agricultura, Ganadería y Alimentación -MAGA-;34. Modificación del registro sanitario de medicamentos veterinarios y productos afines;Manejo de Animales y Vegetales;Modificación del registro sanitario de medicamentos veterinarios y productos afines;https://apps.maga.gob.gt/simplificacion/Formularios?categoriaId=8&unidadId=2&tipoId=1
2940;Ministerio de Agricultura, Ganadería y Alimentación -MAGA-;157. Cesión de Registro de Producto Agroquímico;Medio Ambiente;Solicitud de cesión de Registro de Producto Agroquímico;https://apps.maga.gob.gt/simplificacion/Formularios?tipoId=1
2941;Ministerio de Agricultura, Ganadería y Alimentación -MAGA-;4. Registro sanitario de funcionamiento de farmacias de medicamentos veterinarios y productos afines o expendios de productos utilizados en alimentación animal.;Medio Ambiente;Solicitud de registro sanitario de funcionamiento de farmacias de medicamentos veterinarios y productos afines o expendios de productos utilizados en alimentación animal.;https://apps.maga.gob.gt/simplificacion/Formularios?categoriaId=8&unidadId=2&tipoId=1
2943;Ministerio de Agricultura, Ganadería y Alimentación -MAGA-;155. Cesión de Registro de Plaguicidas Inorgánicos;Medio Ambiente;Cesión de Registro de Plaguicidas Inorgánicos;https://apps.maga.gob.gt/simplificacion/Formularios?tipoId=1
2944;Ministerio de Agricultura, Ganadería y Alimentación -MAGA-;118. Registro de plaguicidas microbiológicos de uso agrícola;Medio Ambiente;Registro De Plaguicidas Microbiológicos.;https://apps.maga.gob.gt/simplificacion/Formularios?tipoId=1
2945;Ministerio de Agricultura, Ganadería y Alimentación -MAGA-;3. Permiso zoosanitario;Medio Ambiente;Solicitud de permiso zoosanitario;https://apps.maga.gob.gt/simplificacion/Formularios?tipoId=1
2946;Ministerio de Agricultura, Ganadería y Alimentación -MAGA-;174. Renovación de Registro de Plaguicidas Bioquímicos;Medio Ambiente;Renovación de Registro de Plaguicidas Bioquímicos.;https://apps.maga.gob.gt/simplificacion/Formularios?tipoId=1
2947;Ministerio de Agricultura, Ganadería y Alimentación -MAGA-;200. Registro de Asociaciones protectoras de animales;Manejo de Animales y Vegetales;Registro de Asociaciones protectoras de animales;http://apps.maga.gob.gt/simplificacion/Formularios/Download/281
2948;Ministerio de Agricultura, Ganadería y Alimentación -MAGA-;225. Licencia o prórroga de Pesca Comercial de Mediana Escala;Manejo de Animales y Vegetales;Actividad que se realiza con embarcaciones entre dos y treinta toneladas de registro neto;https://apps.maga.gob.gt/simplificacion/Formularios?tipoId=1
2949;Ministerio de Agricultura, Ganadería y Alimentación -MAGA-;219. Certificado de Pesca Responsable  (No aleteo);Medio Ambiente;Certificado de Pesca Responsable  (No aleteo);https://apps.maga.gob.gt/simplificacion/Formularios?tipoId=1
2952;Ministerio de Agricultura, Ganadería y Alimentación -MAGA-;195. Licencia sanitaria de funcionamiento para establecimientos que producen, transforman y distribuyen alimentos cárnicos;Medio Ambiente;Emisión de licencia sanitaria de funcionamiento para establecimientos que producen, transforman y distribuyen alimentos cárnicos;https://visar.maga.gob.gt/?page_id=13000
2953;Ministerio de Agricultura, Ganadería y Alimentación -MAGA-;120. Registro de Sustancias Afines a Plaguicidas de uso agrícola;Medio Ambiente;Registro de Sustancias Afines a Plaguicidas de uso agrícola;https://apps.maga.gob.gt/simplificacion/Formularios?tipoId=1
2954;Ministerio de Agricultura, Ganadería y Alimentación -MAGA-;11. Modificación al registro sanitario de funcionamiento de empresa relacionada con los insumos para uso en animales.;Medio Ambiente;Solicitud de modificación al registro sanitario de funcionamiento de empresa relacionada con los insumos para uso en animales.;https://apps.maga.gob.gt/simplificacion/Formularios?categoriaId=25&unidadId=22&tipoId=21
2955;Ministerio de Agricultura, Ganadería y Alimentación -MAGA-;38. Licencia de registro y funcionamiento de establecimiento avícola de aves de combate tipo A y B;Medio Ambiente;Solicitud de Licencia de registro y funcionamiento de establecimiento avícola de aves de combate tipo A y B;https://apps.maga.gob.gt/simplificacion/Formularios?categoriaId=25&unidadId=22&tipoId=21
2956;Ministerio de Agricultura, Ganadería y Alimentación -MAGA-;146. Registro de Plaguicidas Microbiológicos con fines Exclusivos de Exportación;Medio Ambiente;Registro de Plaguicidas Microbiológicos con fines Exclusivos de Exportación.;https://apps.maga.gob.gt/simplificacion/Formularios?tipoId=1
2957;Ministerio de Agricultura, Ganadería y Alimentación -MAGA-;86. Traspaso de ganado ovino, caprino y bufalino;Medio Ambiente;solicitud de traspaso de ganado ovino, caprino y bufalino;https://visar.maga.gob.gt/
2958;Ministerio de Agricultura, Ganadería y Alimentación -MAGA-;211. Registro de clubes deportivos federados y no federados que utilizan animales;Manejo de Animales y Vegetales;Registro de clubes deportivos federados y no federados que utilizan animales;http://apps.maga.gob.gt/simplificacion/Formularios/Download/62
2959;Ministerio de Agricultura, Ganadería y Alimentación -MAGA-;74. Autorización para la importación de productos de origen  vegetal orgánicos no procesados;Medio Ambiente;Autorización para la importación de productos de origen  vegetal orgánicos no procesados;https://apps.maga.gob.gt/simplificacion/Formularios?tipoId=1
2960;Ministerio de Agricultura, Ganadería y Alimentación -MAGA-;39. Licencia de registro y funcionamiento de establecimiento avícola de aves de combate tipo C, D  y E;Medio Ambiente;Solicitud de Licencia de registro y funcionamiento de establecimiento avícola de aves de combate tipo C, D y E;https://apps.maga.gob.gt/simplificacion/Formularios?categoriaId=25&unidadId=22&tipoId=21
2961;Ministerio de Agricultura, Ganadería y Alimentación -MAGA-;1. Constancia zoosanitaria;Medio Ambiente;Solicitud de constancia zoosanitaria.;https://apps.maga.gob.gt/simplificacion/Formularios?tipoId=1
2962;Ministerio de Agricultura, Ganadería y Alimentación -MAGA-;192. Licencia sanitaria de funcionamiento para salas de ordeño y centros de acopio de leche cruda;Medio Ambiente;Emisión de licencia sanitaria de funcionamiento para salas de ordeño y centros de acopio de leche cruda;https://visar.maga.gob.gt/?page_id=1340
2963;Ministerio de Agricultura, Ganadería y Alimentación -MAGA-;91. Licencia de comercialización de semillas, partes de plantas y plantas frutales certificadas;Manejo de Animales y Vegetales;Licencia de comercialización de semillas, partes de plantas y plantas frutales certificadas;https://apps.maga.gob.gt/simplificacion/Formularios?tipoId=1
2964;Ministerio de Agricultura, Ganadería y Alimentación -MAGA-;41. Licencia de registro y funcionamiento de  unidad de producción avícola Tipo C,  D y E;Medio Ambiente;Licencia de registro y funcionamiento de  unidad de producción avícola Tipo C,  D y E;https://apps.maga.gob.gt/simplificacion/Formularios?categoriaId=25&unidadId=22&tipoId=21
2965;Ministerio de Agricultura, Ganadería y Alimentación -MAGA-;191. Licencia sanitaria de funcionamiento para establecimientos que producen y distribuyen huevos de mesa;Medio Ambiente;Emisión de licencia sanitaria de funcionamiento para establecimientos que producen y distribuyen huevos de mesa;https://visar.maga.gob.gt/?page_id=1340
2966;Ministerio de Agricultura, Ganadería y Alimentación -MAGA-;12. Registro de regente de empresa de productos utilizados en alimentación animal, medicamentos veterinarios y productos afines;Medio Ambiente;Solicitud de registro de regente de empresa de productos utilizados en alimentación animal, medicamentos veterinarios y productos afines;https://apps.maga.gob.gt/simplificacion/Formularios?categoriaId=25&unidadId=22&tipoId=21
2968;Ministerio de Agricultura, Ganadería y Alimentación -MAGA-;206. Certificación de Registro de la Unidad de Bienestar Animal;Manejo de Animales y Vegetales;Certificación de Registro de la Unidad de Bienestar Animal;https://apps.maga.gob.gt/simplificacion/Formularios?categoriaId=30&unidadId=21&tipoId=21
2969;Ministerio de Agricultura, Ganadería y Alimentación -MAGA-;45. Licencia de registro y funcionamiento de  unidad de producción avícola para incubadora;Medio Ambiente;Licencia de registro y funcionamiento de  unidad de producción avícola para incubadora;https://apps.maga.gob.gt/simplificacion/Formularios?categoriaId=25&unidadId=22&tipoId=21
2970;Ministerio de Agricultura, Ganadería y Alimentación -MAGA-;147. Renovación de Registro de Plaguicidas Microbiológicos de uso Agrícola;Medio Ambiente;Renovación de Registro de Plaguicidas Microbiológicos de uso Agrícola;https://apps.maga.gob.gt/simplificacion/Formularios?tipoId=1
2971;Ministerio de Agricultura, Ganadería y Alimentación -MAGA-;187. Licencia sanitaria de funcionamiento para unidades de producción, centros de acopio, transformadoras, envasadoras y almacenadoras de miel de abejas;Medio Ambiente;Emisión de licencia sanitaria de funcionamiento para unidades de producción, centros de acopio, transformadoras, envasadoras y almacenadoras de miel de abejas.;https://visar.maga.gob.gt/?page_id=1340
2972;Ministerio de Agricultura, Ganadería y Alimentación -MAGA-;60. Registro de regente del Departamento de Protección y Sanidad Animal;Medio Ambiente;Registro de regente del Departamento de Protección y Sanidad Animal;https://apps.maga.gob.gt/simplificacion/Formularios?tipoId=1
2973;Ministerio de Agricultura, Ganadería y Alimentación -MAGA-;92. Licencia de Productor Semilla, Partes de Plantas y Plantas Frutales;Manejo de Animales y Vegetales;Licencia de Productor Semilla, Partes de Plantas y Plantas Frutales;https://apps.maga.gob.gt/simplificacion/Formularios?tipoId=1
2974;Ministerio de Agricultura, Ganadería y Alimentación -MAGA-;44. Licencia de registro de Planta de Proceso;Medio Ambiente;Licencia de registro de Planta de Proceso;https://apps.maga.gob.gt/simplificacion/Formularios?categoriaId=25&unidadId=22&tipoId=21
2976;Ministerio de Agricultura, Ganadería y Alimentación -MAGA-;190. Licencia sanitaria de funcionamiento para establecimientos que producen, transforman y distribuyen alimentos hidrobiológicos;Medio Ambiente;Emisión de licencia sanitaria de funcionamiento para establecimientos que producen, transforman y distribuyen alimentos hidrobiológicos;https://visar.maga.gob.gt/?page_id=1340
2977;Ministerio de Agricultura, Ganadería y Alimentación -MAGA-;148. Modificación al Registro de Plaguicidas Microbiológicos de Uso Agrícola;Medio Ambiente;Modificaciones al registro de plaguicidas por diferentes causales, por etiqutetas, cambio de titular, nombre o razón social, u otros;https://apps.maga.gob.gt/simplificacion/Formularios?tipoId=1
2978;Ministerio de Agricultura, Ganadería y Alimentación -MAGA-;203. Registro de criaderos de animales;Manejo de Animales y Vegetales;Registro de criaderos de animales;http://apps.maga.gob.gt/simplificacion/Formularios/Download/55
2979;Ministerio de Agricultura, Ganadería y Alimentación -MAGA-;35. Modificación del registro sanitario productos utilizados en la alimentación animal;Manejo de Animales y Vegetales;Modificación del registro sanitario productos utilizados en la alimentación animal;https://apps.maga.gob.gt/simplificacion/Formularios?tipoId=1
2980;Ministerio de Agricultura, Ganadería y Alimentación -MAGA-;88. Certificación de Carta Genealógica de Ganado Bovino y Equino;Medio Ambiente;Certificación de Carta Genealógica de Ganado Bovino y Equino;https://visar.maga.gob.gt/
2981;Ministerio de Agricultura, Ganadería y Alimentación -MAGA-;42. Autorización de biológicos contra influenza aviar, primera aplicación;Medio Ambiente;Autorización de biológicos contra influenza aviar, primera aplicación;https://apps.maga.gob.gt/simplificacion/Formularios?categoriaId=25&unidadId=22&tipoId=21
2982;Ministerio de Agricultura, Ganadería y Alimentación -MAGA-;193. Licencia sanitaria de funcionamiento para registro de empresa importadora, exportadora y comercializadora nacional de alimentos no procesados de origen vegtal;Medio Ambiente;Emisión de licencia sanitaria de funcionamiento para registro de empresa importadora, exportadora y comercializadora nacional de alimentos no procesados de origen vegtal;https://visar.maga.gob.gt/?page_id=1340
2983;Ministerio de Agricultura, Ganadería y Alimentación -MAGA-;119. Registro de Plaguicidas Botánicos;Medio Ambiente;Registro de Plaguicidas Botánicos.;https://apps.maga.gob.gt/simplificacion/Formularios?tipoId=1
2984;Ministerio de Agricultura, Ganadería y Alimentación -MAGA-;93. Inscripción de Campos o Unidades de Producción de Partes de Plantas y Plantas Frutales Certificados;Manejo de Animales y Vegetales;Inscripción de Campos o Unidades de Producción de Partes de Plantas y Plantas Frutales Certificados;https://apps.maga.gob.gt/simplificacion/Formularios?tipoId=1
2985;Ministerio de Agricultura, Ganadería y Alimentación -MAGA-;188. Permiso de Inocuidad  de importación para alimentos naturales no procesados de origen animal, vegetal e hidrobiológico;Medio Ambiente;Permiso de Inocuidad  de importación para alimentos naturales no procesados de origen animal, vegetal e hidrobiológico;https://apps.maga.gob.gt/simplificacion/Formularios?tipoId=1
2986;Ministerio de Agricultura, Ganadería y Alimentación -MAGA-;61. Reconocimiento o renovación de pruebas de análisis y diagnóstico de laboratorio;Medio Ambiente;Reconocimiento o renovación de pruebas de análisis y diagnóstico de laboratorio;https://apps.maga.gob.gt/simplificacion/Formularios?categoriaId=25&unidadId=22&tipoId=21
2988;Ministerio de Agricultura, Ganadería y Alimentación -MAGA-;21. Cesión de registro sanitario para productos biológicos para uso veterinario;Medio Ambiente;Solicitud de cesión de registro sanitario para productos biológicos de uso veterinario;https://apps.maga.gob.gt/simplificacion/Formularios?categoriaId=25&unidadId=22&tipoId=21
2989;Ministerio de Agricultura, Ganadería y Alimentación -MAGA-;78. Inscripción o actualización de firmas registradas de criador y propietario de ganado ovino;Manejo de Animales y Vegetales;Inscripción o actualización de firmas registradas de criador y propietario de ganado ovino;https://apps.maga.gob.gt/simplificacion/Formularios?categoriaId=21&unidadId=22&tipoId=21
2990;Ministerio de Agricultura, Ganadería y Alimentación -MAGA-;201. Denuncia por infracción a la Ley de Protección y Bienestar Animal;Manejo de Animales y Vegetales;Denuncia por infracción a la Ley de Protección y Bienestar Animal;http://apps.maga.gob.gt/simplificacion/Formularios/Download/72
2991;Ministerio de Agricultura, Ganadería y Alimentación -MAGA-;185. Certificado de Inocuidada de exportación para alimentos naturales no procesados de origen animal, vegetal e hidrobiológicos;Medio Ambiente;Certificado de Inocuidada de exportación para alimentos naturales no procesados de origen animal, vegetal e hidrobiológicos;https://apps.maga.gob.gt/simplificacion/Formularios?tipoId=1
2992;Ministerio de Agricultura, Ganadería y Alimentación -MAGA-;149. Renovación de Registro de Sustancias Afines a Plaguicidas;Medio Ambiente;Renovación de Registro de Sustancias Afines a Plaguicidas.;https://apps.maga.gob.gt/simplificacion/Formularios?tipoId=1
2993;Ministerio de Agricultura, Ganadería y Alimentación -MAGA-;89. Aval Oficial para Certificados Genealógicos de Ganado Bovino y Equino Emitidos por Registros Genealógicos de Asociaciones Privadas;Medio Ambiente;Aval Oficial para Certificados Genealógicos de Ganado Bovino y Equino Emitidos por Registros Genealógicos de Asociaciones Privadas;https://visar.maga.gob.gt/
2994;Ministerio de Agricultura, Ganadería y Alimentación -MAGA-;22. Certificado de libre venta de insumos para uso en animales.;Medio Ambiente;Solicitud de certificado de libre venta de insumos para uso en animales;https://apps.maga.gob.gt/simplificacion/Formularios?categoriaId=25&unidadId=22&tipoId=21
2995;Ministerio de Agricultura, Ganadería y Alimentación -MAGA-;94. Licencia de registro de importador y/o exportador de semillas certificada;Manejo de Animales y Vegetales;Solicitud de licencia de registro de importador y/o exportador de semillas certificada;https://apps.maga.gob.gt/simplificacion/Formularios?tipoId=1
2996;Ministerio de Agricultura, Ganadería y Alimentación -MAGA-;205. Registro de escuelas de entrenamiento para animales;Manejo de Animales y Vegetales;Registro de escuelas de entrenamiento para animales;http://apps.maga.gob.gt/simplificacion/Formularios/Download/58
2997;Ministerio de Agricultura, Ganadería y Alimentación -MAGA-;194. Licencia sanitaria de transporte para vehículos que transportan alimentos naturales no procesados de origen animal y vegetal;Medio Ambiente;Emisión de licencia para vehículos que transportan alimentos naturales no procesados de origen animal y vegetal;https://visar.maga.gob.gt/?page_id=13000 Formulario: DI-FO-038
2998;Ministerio de Agricultura, Ganadería y Alimentación -MAGA-;59. Certificado zoosanitario internacional de exportación;Medio Ambiente;Certificado zoosanitario internacional de exportación;https://apps.maga.gob.gt/simplificacion/Formularios?tipoId=1
2999;Ministerio de Agricultura, Ganadería y Alimentación -MAGA-;158. Certificado de Productos Agroquímicos con fines de explotación;Medio Ambiente;Certificado de Productos Agroquímicos con fines de explotación;https://apps.maga.gob.gt/simplificacion/Formularios?tipoId=1
3000;Ministerio de Agricultura, Ganadería y Alimentación -MAGA-;54. Licencia sanitaria de transporte de organismos vivos de origen hidrobiológico;Medio Ambiente;Licencia sanitaria de transporte de organismos vivos de origen hidrobiológico;https://apps.maga.gob.gt/simplificacion/Formularios?categoriaId=25&unidadId=22&tipoId=21
3001;Ministerio de Agricultura, Ganadería y Alimentación -MAGA-;95. Permiso de Exportación y/o Reexportación de Semillas;Manejo de Animales y Vegetales;Permiso de Exportación y/o Reexportación de Semillas;https://apps.maga.gob.gt/simplificacion/Formularios?tipoId=1
3002;Ministerio de Agricultura, Ganadería y Alimentación -MAGA-;189. Carné para apicultores y empresas dedicadas a la producción y comercialización de miel de abeja;Medio Ambiente;Carné para apicultores y empresas dedicadas a la producción y comercialización de miel de abeja;https://apps.maga.gob.gt/simplificacion/Formularios?tipoId=1
3003;Ministerio de Agricultura, Ganadería y Alimentación -MAGA-;23. Certificado de exportación de insumos para uso en animales;Medio Ambiente;Solicitud de certificado de exportación de insumos para uso en animales;https://apps.maga.gob.gt/simplificacion/Formularios?categoriaId=25&unidadId=22&tipoId=21
3004;Ministerio de Agricultura, Ganadería y Alimentación -MAGA-;77. Constancia de inscripción o actualización de criador o propietario de ganado bovino y equino;Manejo de Animales y Vegetales;Emisión de constancia de inscripción o actualización de criador o propietario de ganado bovino y equino;https://apps.maga.gob.gt/simplificacion/Formularios?categoriaId=25&unidadId=22&tipoId=21
3006;Ministerio de Agricultura, Ganadería y Alimentación -MAGA-;202. Registro de establecimientos comerciales en los que se vendan animales;Manejo de Animales y Vegetales;Registro de establecimientos comerciales en los que se vendan animales;http://apps.maga.gob.gt/simplificacion/Formularios/Download/57
3007;Ministerio de Agricultura, Ganadería y Alimentación -MAGA-;2. Certificado sanitario exportación;Medio Ambiente;Solicitud de certificado sanitario exportación;https://apps.maga.gob.gt/simplificacion/Formularios?tipoId=1
3008;Ministerio de Agricultura, Ganadería y Alimentación -MAGA-;10. Registro sanitario de funcionamiento de fabricante de medicamentos veterinarios y productos afines;Medio Ambiente;Solicitud de registro sanitario de funcionamiento de fabricante de medicamentos veterinarios y productos afines.;https://apps.maga.gob.gt/simplificacion/Formularios?categoriaId=25&unidadId=22&tipoId=21
3009;Ministerio de Agricultura, Ganadería y Alimentación -MAGA-;186. Emisión de certificado de libre venta para productos de origen animal y vegetal no procesados;Medio Ambiente;Certificado de libre venta para productos de origen animal e hidrobiológicos no procesados;https://apps.maga.gob.gt/simplificacion/Formularios?tipoId=1
3010;Ministerio de Agricultura, Ganadería y Alimentación -MAGA-;96. Permiso de desalmacenaje de semilla;Manejo de Animales y Vegetales;Permiso de desalmacenaje de semilla;https://apps.maga.gob.gt/simplificacion/Formularios?tipoId=1
3011;Ministerio de Agricultura, Ganadería y Alimentación -MAGA-;63. Certificado de Registro de Operador Orgánico;Medio Ambiente;Certificado de Registro de Operador Orgánico;https://apps.maga.gob.gt/simplificacion/Formularios?tipoId=1
3012;Ministerio de Agricultura, Ganadería y Alimentación -MAGA-;7. Registro sanitario de funcionamiento de elaborador de productos utilizados en alimentación animal;Medio Ambiente;Solicitud de registro sanitario de funcionamiento de elaborador de productos utilizados en alimentación animal;https://apps.maga.gob.gt/simplificacion/Formularios?categoriaId=25&unidadId=22&tipoId=21
3013;Ministerio de Agricultura, Ganadería y Alimentación -MAGA-;210. Identificación de animales de servicio social o ejemplares de asistencia social;Manejo de Animales y Vegetales;Identificación de animales de servicio social o ejemplares de asistencia social;http://apps.maga.gob.gt/simplificacion/Formularios/Download/64
3014;Ministerio de Agricultura, Ganadería y Alimentación -MAGA-;24. Permiso de importación de insumos para uso en animales medicamentos veterinarios;Medio Ambiente;Solicitud de permiso de importación de insumos para uso en animales medicamentos veterinarios.;https://apps.maga.gob.gt/simplificacion/Formularios?categoriaId=25&unidadId=22&tipoId=21
3015;Ministerio de Agricultura, Ganadería y Alimentación -MAGA-;139. Registro de Artrópodos, Predadores, Parásitos y Parasitoides;Medio Ambiente;Registro de Artrópodos, Predadores, Parásitos y Parasitoides.;https://apps.maga.gob.gt/simplificacion/Formularios?tipoId=1
3016;Ministerio de Agricultura, Ganadería y Alimentación -MAGA-;208. Autorización de Jornadas de esterilización;Manejo de Animales y Vegetales;Autorización de Jornadas de esterilización;https://apps.maga.gob.gt/simplificacion/Formularios?categoriaId=30&unidadId=21&tipoId=21
3017;Ministerio de Agricultura, Ganadería y Alimentación -MAGA-;64. Renovación de Certificado de Registro de Operador Orgánico;Medio Ambiente;Renovación de Certificado de Registro de Operador Orgánico. Actualmente se puede Gestionar en Forma Física y en Forma Electrónica.;https://apps.maga.gob.gt/simplificacion/Formularios?tipoId=1
3018;Ministerio de Agricultura, Ganadería y Alimentación -MAGA-;97. Licencia de Registro de Productor de Semillas Certificadas;Medio Ambiente;Licencia de Registro de Productor de Semillas Certificadas;https://apps.maga.gob.gt/simplificacion/Formularios?tipoId=1
3019;Ministerio de Agricultura, Ganadería y Alimentación -MAGA-;25. Permiso de importación de insumos para uso en animales productos utilizados en alimentación animal;Medio Ambiente;Solicitud de permiso de importación de insumos para uso en animales productos utilizados en alimentación animal.;https://apps.maga.gob.gt/simplificacion/Formularios?categoriaId=8&unidadId=2&tipoId=1
3020;Ministerio de Agricultura, Ganadería y Alimentación -MAGA-;141. Renovación de Registro de Artrópodos, Predadores, Parásitos y Parasitoides;Medio Ambiente;Renovación de Registro de Artrópodos, Predadores, Parásitos y Parasitoides.;https://apps.maga.gob.gt/simplificacion/Formularios?tipoId=1
3021;Ministerio de Agricultura, Ganadería y Alimentación -MAGA-;207. Habilitación de libros para adiestradores;Manejo de Animales y Vegetales;Habilitación de libros para adiestradores;http://apps.maga.gob.gt/simplificacion/Formularios/Download/65
3022;Ministerio de Agricultura, Ganadería y Alimentación -MAGA-;98. Inscripción de lotes de producción de semilla;Manejo de Animales y Vegetales;Inscripción de lotes de producción de semilla;https://apps.maga.gob.gt/simplificacion/Formularios?tipoId=1
3023;Ministerio de Agricultura, Ganadería y Alimentación -MAGA-;65. Certificado de Registro de Operador Orgánico Pecuario;Medio Ambiente;Certificado de Registro de Operador Orgánico Pecuario;https://apps.maga.gob.gt/simplificacion/Formularios?tipoId=1
3024;Ministerio de Agricultura, Ganadería y Alimentación -MAGA-;26. Permiso de importación de insumos para uso en animales materia prima.;Medio Ambiente;Solicitud de permiso de importación de insumos para uso en animales materia prima.;https://apps.maga.gob.gt/simplificacion/Formularios?categoriaId=8&unidadId=2&tipoId=1
3025;Ministerio de Agricultura, Ganadería y Alimentación -MAGA-;50. Licencia sanitaria de transporte para cueros y subproductos de origen animal para consumo animal;Medio Ambiente;Licencia sanitaria de transporte para cueros y subproductos de origen animal para consumo animal;https://apps.maga.gob.gt/simplificacion/Formularios?tipoId=1
3026;Ministerio de Agricultura, Ganadería y Alimentación -MAGA-;234. Certificado de Compra de Cosecha nacional de Arroz en Granza -CCC-;Manejo de Animales y Vegetales;Certificado de Compra de Cosecha nacional de Arroz en Granza -CCC-;https://apps.maga.gob.gt/simplificacion/Formularios?categoriaId=3&unidadId=1&tipoId=1
3027;Ministerio de Agricultura, Ganadería y Alimentación -MAGA-;66. Renovación de Certificado de Registro de Operador Orgánico Pecuario;Medio Ambiente;Renovación de Certificado de Registro de Operador Orgánico Pecuario;https://apps.maga.gob.gt/simplificacion/Formularios?tipoId=1
3028;Ministerio de Agricultura, Ganadería y Alimentación -MAGA-;67. Certificado de Registro de Organismo de Certificación;Medio Ambiente;Certificado de Registro de Organismo de Certificación;https://apps.maga.gob.gt/simplificacion/Formularios?tipoId=1
3029;Ministerio de Agricultura, Ganadería y Alimentación -MAGA-;27. Permiso de importación de insumos para uso en animales muestras para registro.;Medio Ambiente;Solicitud de permiso de importación de insumos para uso en animales muestras para registro.;https://apps.maga.gob.gt/simplificacion/Formularios?categoriaId=8&unidadId=2&tipoId=1
3030;Ministerio de Agricultura, Ganadería y Alimentación -MAGA-;231. Solicitud de Información disponible al usuario (biblioteca virtual);Mediación y Diálogo;Solicitud de Información disponible al usuario (biblioteca virtual);https://apps.maga.gob.gt/sieagro/Normativas
3031;Ministerio de Agricultura, Ganadería y Alimentación -MAGA-;68. Renovación de Certificado de Registro de Organismo de Certificación;Medio Ambiente;Renovación de Certificado de Registro de Organismo de Certificación;https://apps.maga.gob.gt/simplificacion/Formularios?tipoId=1
3033;Ministerio de Agricultura, Ganadería y Alimentación -MAGA-;28. Permiso de importación insumos para uso en animales productos experimentales (no comercial);Medio Ambiente;Solicitud de permiso de importación de insumos para uso en animales producto experimentales (no comercial);https://apps.maga.gob.gt/simplificacion/Formularios?categoriaId=8&unidadId=2&tipoId=1
3034;Ministerio de Agricultura, Ganadería y Alimentación -MAGA-;69. Certificado de Registro de Distribuidor de Productos Orgánicos;Medio Ambiente;Certificado de Registro de Distribuidor de Productos Orgánicos;https://apps.maga.gob.gt/simplificacion/Formularios?tipoId=1
3035;Ministerio de Agricultura, Ganadería y Alimentación -MAGA-;232. Solicitud de información o productos cartográficos;Mediación y Diálogo;Solicitud de información o productos cartográficos;http://www.ign.gob.gt/productos.html
3036;Ministerio de Agricultura, Ganadería y Alimentación -MAGA-;70. Certificado de Renovación de Registro de Distribuidor de Productos Orgánicos;Medio Ambiente;Certificado de Renovación de Registro de Distribuidor de Productos Orgánicos;https://apps.maga.gob.gt/simplificacion/Formularios?tipoId=1
3037;Ministerio de Agricultura, Ganadería y Alimentación -MAGA-;29. Permiso de importación de insumos para uso en animales biológicos para uso en animales;Medio Ambiente;Solicitud de permiso de importación de insumos para uso en animales biológicos para uso en animales;https://apps.maga.gob.gt/simplificacion/Formularios?categoriaId=25&unidadId=22&tipoId=21
3040;Ministerio de Agricultura, Ganadería y Alimentación -MAGA-;196. Solicitud de Arrendamiento;Medio Ambiente;Solicitud de Arrendamiento;https://ocret.gob.gt/primera-solicitud/
3042;Ministerio de Agricultura, Ganadería y Alimentación -MAGA-;72. Certificado de Renovación de Registro de Comercializador de Insumos Agrícolas de Uso Permitido en la Agricultura Orgánica;Medio Ambiente;Certificado de Renovación de Registro de Comercializador de Insumos Agrícolas de Uso Permitido en la Agricultura Orgánica;https://apps.maga.gob.gt/simplificacion/Formularios?tipoId=1
3043;Ministerio de Agricultura, Ganadería y Alimentación -MAGA-;198. Prórroga de Arrendamiento;Medio Ambiente;Prorroga de Arrendamiento;https://ocret.gob.gt/prorroga/
3045;Ministerio de Agricultura, Ganadería y Alimentación -MAGA-;197. Cesión de derechos y compraventa de mejoras;Medio Ambiente;Cesión de derechos y compraventa de mejoras;https://ocret.gob.gt/cesion-de-derechos/
3046;Ministerio de Agricultura, Ganadería y Alimentación -MAGA-;75. Registro de Variedades Vegetales Comerciales;Medio Ambiente;Registro de Variedades Vegetales Comerciales;https://apps.maga.gob.gt/simplificacion/Formularios?tipoId=1
3047;Ministerio de Agricultura, Ganadería y Alimentación -MAGA-;199. Solicitud sucesión por causa de muerte, adquisición de derechos de arrendamiento;Medio Ambiente;Solicitud sucesión por causa de muerte, adquisición de derechos de arrendamiento;https://ocret.gob.gt/ley-para-la-simplificacion-de-requisitos-y-tramites-administrativos-2/
3048;Ministerio de Agricultura, Ganadería y Alimentación -MAGA-;49. Certificado de hato en control y/o libre de brucelosis y tuberculosis;Medio Ambiente;Certificado de hato en control y/o libre de brucelosis y tuberculosis;https://apps.maga.gob.gt/simplificacion/Formularios?tipoId=1
3049;Ministerio de Agricultura, Ganadería y Alimentación -MAGA-;79. Inscripción o actualización de firmas registradas de criador y propietario de ganado caprino y bufalino;Manejo de Animales y Vegetales;Inscripción o actualización de firmas registradas de criador y propietario de ganado caprino y bufalino;https://visar.maga.gob.gt/
3050;Ministerio de Agricultura, Ganadería y Alimentación -MAGA-;76. Renovación del Registro de Variedades Vegetales Comerciales;Medio Ambiente;Renovación del Registro de Variedades Vegetales Comerciales;https://apps.maga.gob.gt/simplificacion/Formularios?tipoId=1
3051;Ministerio de Agricultura, Ganadería y Alimentación -MAGA-;53. Certificado de registro, establecimiento y funcionamiento de unidades de producción porcina;Medio Ambiente;Certificado de registro, establecimiento y funcionamiento de unidades de producción porcina;https://apps.maga.gob.gt/simplificacion/Formularios?tipoId=1
3052;Ministerio de Agricultura, Ganadería y Alimentación -MAGA-;80. Peritaje zootécnico de ganado bovino y equino;Manejo de Animales y Vegetales;Peritaje zootécnico de ganado bovino y equino;https://visar.maga.gob.gt/
3053;Ministerio de Agricultura, Ganadería y Alimentación -MAGA-;37. Licencia de registro y funcionamiento de establecimiento avícola de recreación;Medio Ambiente;Solicitud de licencia de registro y funcionamiento de establecimiento avícola de recreación;https://apps.maga.gob.gt/simplificacion/Formularios?tipoId=1
3054;Ministerio de Agricultura, Ganadería y Alimentación -MAGA-;81. Peritaje zootécnico de ganado ovino, caprino y bufalino;Manejo de Animales y Vegetales;Peritaje zootécnico de ganado ovino, caprino y bufalino;https://visar.maga.gob.gt/
3055;Ministerio de Agricultura, Ganadería y Alimentación -MAGA-;82. Inscripción y emisión de certificado de registro genealógico de ganado bovino y equino;Manejo de Animales y Vegetales;Inscripción y emisión de certificado de registro genealógico de ganado bovino y equino;https://visar.maga.gob.gt/
3056;Ministerio de Agricultura, Ganadería y Alimentación -MAGA-;40. Licencia de registro y funcionamiento de  unidad de producción avícola tipo A y B;Medio Ambiente;Licencia de registro y funcionamiento de  unidad de producción avícola tipo A y B;https://apps.maga.gob.gt/simplificacion/Formularios?tipoId=1
3057;Ministerio de Agricultura, Ganadería y Alimentación -MAGA-;83. Inscripción y emisión de certificado genealógico de ganado ovino y caprino;Manejo de Animales y Vegetales;Inscripción y emisión de certificado genealógico de ganado ovino y caprino;https://visar.maga.gob.gt/
3058;Ministerio de Agricultura, Ganadería y Alimentación -MAGA-;46. Licencia de transporte de aves vivas y productos avícolas;Medio Ambiente;Licencia de transporte de aves vivas y productos avícolas;https://apps.maga.gob.gt/simplificacion/Formularios?tipoId=1
3059;Ministerio de Agricultura, Ganadería y Alimentación -MAGA-;84. Inscripción y emisión de certificado genealógico de ganado bufalino;Manejo de Animales y Vegetales;Inscripción y emisión de certificado genealógico de ganado bufalino;https://visar.maga.gob.gt/
3060;Ministerio de Agricultura, Ganadería y Alimentación -MAGA-;48. Registro de médico veterinario oficializado en el Programa Nacional de Sanidad Avícola;Medio Ambiente;Registro de médico veterinario oficializado en el Programa Nacional de Sanidad Avícola;https://apps.maga.gob.gt/simplificacion/Formularios?tipoId=1
3061;Ministerio de Agricultura, Ganadería y Alimentación -MAGA-;47. Oficialización de laboratorio de diagnóstico aviar;Medio Ambiente;solicitud de oficialización de laboratorio de diagnóstico aviar;https://apps.maga.gob.gt/simplificacion/Formularios?tipoId=1
3062;Ministerio de Agricultura, Ganadería y Alimentación -MAGA-;43. Autorización de biológicas contra influenza aviar para aplicaciones de refuerzo;Medio Ambiente;AUTORIZACIÓN DE BILOLOGICOS CONTRA INFLUENZA AVIAR PARA APLICACIONES DE REFUERZO;https://apps.maga.gob.gt/simplificacion/Formularios?tipoId=1
3063;Ministerio de Agricultura, Ganadería y Alimentación -MAGA-;85. Traspaso de ganado bovino y equino;Manejo de Animales y Vegetales;Traspaso de ganado bovino y equino;-   Reglamento para el Registro Genealógico de Ganado de Guatemala, Decreto 461- 67,  Registro Genealógico de Ganado Equino, Acuerdo Gubernativo S/N del 5 de marzo de 1971,   tarifas por servicios del VISAR, Acuerdo Ministerial 137-2007.
3065;Ministerio de Agricultura, Ganadería y Alimentación -MAGA-;73. Autorización para la importación de productos de origen vegetal orgánicos procesados;Manejo de Animales y Vegetales;Autorización para la importación de productos de origen vegetal orgánicos procesados;https://apps.maga.gob.gt/simplificacion/Formularios?tipoId=1
3066;Ministerio de Agricultura, Ganadería y Alimentación -MAGA-;90. Autorización para el funcionamiento de centros de inseminación artificial y trasplantes de embriones;Medio Ambiente;Autorización para el funcionamiento de centros de inseminación artificial y trasplantes de embriones;https://visar.maga.gob.gt/
3067;Ministerio de Agricultura, Ganadería y Alimentación -MAGA-;233. Solicitud de servicios cartográficos;Medio Ambiente;Solicitud de servicios cartográficos;http://www.ign.gob.gt/productos.html
3069;Ministerio de Agricultura, Ganadería y Alimentación -MAGA-;71. Certificado de registro de comercializador de insumos agrícolas de uso permitido en la agricultura orgánica;Manejo de Animales y Vegetales;Certificado de registro de comercializador de insumos agrícolas de uso permitido en la agricultura orgánica;https://apps.maga.gob.gt/simplificacion/Formularios?tipoId=1
3330;Ministerio de Agricultura, Ganadería y Alimentación -MAGA-;20. Cesión de registro sanitario medicamentos veterinarios y productos afines;Medio Ambiente;solicitud de Cesión de registro sanitario medicamentos veterinarios y productos afines;https://apps.maga.gob.gt/simplificacion/Formularios?categoriaId=8&unidadId=2&tipoId=1
3331;Ministerio de Agricultura, Ganadería y Alimentación -MAGA-;36. Permiso de importación de insumos para uso en animales nota de liberación;Medio Ambiente;Solicitud de permiso de importación de insumos para uso en animales nota de liberación;https://apps.maga.gob.gt/simplificacion/Formularios?categoriaId=8&unidadId=2&tipoId=1
3332;Ministerio de Agricultura, Ganadería y Alimentación -MAGA-;51. Autorización de compra de vacuna contra brucelosis;Medio Ambiente;Solicitud de autorización de compra de vacuna contra brucelosis;https://apps.maga.gob.gt/simplificacion/Formularios?categoriaId=8&unidadId=2&tipoId=1
3333;Ministerio de Agricultura, Ganadería y Alimentación -MAGA-;52. Autorización de importación de vacuna contra brucelosis;Medio Ambiente;Solicitud de autorización de importación de vacuna contra brucelosis;https://apps.maga.gob.gt/simplificacion/Formularios?categoriaId=8&unidadId=2&tipoId=1
3334;Ministerio de Agricultura, Ganadería y Alimentación -MAGA-;55. Registro y certificación de personas y establecimientos pecuarios, acuícolas y apícolas;Medio Ambiente;Solicitud del Registro y certificación de personas y establecimientos pecuarios, acuicolas y apícolas;https://apps.maga.gob.gt/simplificacion/Formularios?categoriaId=8&unidadId=2&tipoId=1
3335;Ministerio de Agricultura, Ganadería y Alimentación -MAGA-;56. Registro y certificación de unidades de transporte, transportistas y conductores;Medio Ambiente;solicitud de registro y certificación de unidades de transporte, transportistas y conductores;https://apps.maga.gob.gt/simplificacion/Formularios?categoriaId=8&unidadId=2&tipoId=1
3336;Ministerio de Agricultura, Ganadería y Alimentación -MAGA-;57. Registro e identificación individual oficial bovina;Medio Ambiente;Solicitud de registro e identificación individual oficial bovina;https://apps.maga.gob.gt/simplificacion/Formularios?categoriaId=8&unidadId=2&tipoId=1
3337;Ministerio de Agricultura, Ganadería y Alimentación -MAGA-;58. Guía Unificada de Movilización y Control Sanitario (GUIASA);Medio Ambiente;Solicitud de Guía Unificada de Movilización y Control Sanitario (GUIASA);https://apps.maga.gob.gt/simplificacion/Formularios?categoriaId=8&unidadId=2&tipoId=1
3338;Ministerio de Agricultura, Ganadería y Alimentación -MAGA-;62. Análisis Laboratorio de Sanidad Animal;Medio Ambiente;Solicitud de análisis Laboratorio de Sanidad Animal;https://apps.maga.gob.gt/simplificacion/Formularios?categoriaId=8&unidadId=2&tipoId=1e
3339;Ministerio de Agricultura, Ganadería y Alimentación -MAGA-;87. Copia certificada del certificado genealógico;Medio Ambiente;Solicitud de copia certificada del certificado genealógico;https://apps.maga.gob.gt/simplificacion/Formularios?categoriaId=6&unidadId=2&tipoId=1
3340;Ministerio de Agricultura, Ganadería y Alimentación -MAGA-;129. Renovación de registro de expendios de insumos agrícolas;Medio Ambiente;Solicitud de renovación de registro de expendios de insumos agrícolas;https://apps.maga.gob.gt/simplificacion/Formularios?categoriaId=7&unidadId=2&tipoId=1
3341;Ministerio de Agricultura, Ganadería y Alimentación -MAGA-;145. Modificación al Registro de Plaguicidas Botánicos de Uso Agrícola;Medio Ambiente;Solicitud de modificación al Registro de Plaguicidas Botánicos de Uso Agrícola;https://apps.maga.gob.gt/simplificacion/Formularios?categoriaId=7&unidadId=2&tipoId=1
3342;Ministerio de Agricultura, Ganadería y Alimentación -MAGA-;150. Modificación al Registro de Sustancias Afines a Plaguicidas;Medio Ambiente;Solicitud de modificación al Registro de Sustancias Afines a Plaguicidas;https://apps.maga.gob.gt/simplificacion/Formularios?categoriaId=7&unidadId=2&tipoId=1
3343;Ministerio de Agricultura, Ganadería y Alimentación -MAGA-;151. Cesión de Registro de Sustancias Afines a Plaguicidas;Medio Ambiente;Solicitud de cesión de Registro de Sustancias Afines a Plaguicidas;https://apps.maga.gob.gt/simplificacion/Formularios?categoriaId=7&unidadId=2&tipoId=1
3344;Ministerio de Agricultura, Ganadería y Alimentación -MAGA-;159. Endoso (autorización de uso) de registro de productos agroquímicos ingrediente activo grado técnico;Medio Ambiente;Solicitud endoso (autorización de uso) de registro de productos agroquímicos ingrediente activo grado técnico;https://apps.maga.gob.gt/simplificacion/Formularios?categoriaId=7&unidadId=2&tipoId=1
3345;Ministerio de Agricultura, Ganadería y Alimentación -MAGA-;163. Renovación de registro de agroquímico formulado;Medio Ambiente;Solicitud de renovación de registro de agroquímico formulado;https://apps.maga.gob.gt/simplificacion/Formularios?categoriaId=7&unidadId=2&tipoId=1
3346;Ministerio de Agricultura, Ganadería y Alimentación -MAGA-;166. Registro experimental de sustancias afines a plaguicidas, plaguicidas microbianos, plaguicidas bioquímicos, artrópodos, predadores, parásitos y parasitoides;Medio Ambiente;Solicitud de Registro experimental de sustancias afines a plaguicidas, plaguicidas microbianos, plaguicidas bioquímicos, artrópodos, predadores, parásitos y parasitoides;https://apps.maga.gob.gt/simplificacion/Formularios?categoriaId=7&unidadId=2&tipoId=1
3347;Ministerio de Agricultura, Ganadería y Alimentación -MAGA-;175. Cesión de Registro de Plaguicidas Bioquímicos;Medio Ambiente;Solicitud de cesión de Registro de Plaguicidas Bioquímicos;https://apps.maga.gob.gt/simplificacion/Formularios?categoriaId=7&unidadId=2&tipoId=1
3348;Ministerio de Agricultura, Ganadería y Alimentación -MAGA-;176. Modificación Registro de Plaguicidas Bioquímicos;Medio Ambiente;Solicitud de modificación Registro de Plaguicidas Bioquímicos;https://apps.maga.gob.gt/simplificacion/Formularios?categoriaId=7&unidadId=2&tipoId=1
3349;Ministerio de Agricultura, Ganadería y Alimentación -MAGA-;184. Diagnostico Fitosanitario;Medio Ambiente;Solicitud de diagnostico fitosanitario;https://apps.maga.gob.gt/simplificacion/Formularios?categoriaId=7&unidadId=2&tipoId=1
3350;Ministerio de Agricultura, Ganadería y Alimentación -MAGA-;213. Prorroga de concesión de Permiso de Pesca Artesanal;Medio Ambiente;Solicitud de prorroga de concesión de Permiso de Pesca Artesanal;https://apps.maga.gob.gt/simplificacion/Formularios?categoriaId=10&unidadId=2&tipoId=1
3623;Ministerio de Ambiente y Recursos Naturales  -MARN-;Estudio de Evaluacion de Impacto Ambiental Categoría A;Medio Ambiente;Son documentos técnicos en los cuales se encuentra contenida la información necesaria para realizar una identificación y evaluación ordenada de los impactos o riesgos ambientales de un proyecto, obra, industria o actividad. Abarca los instrumentos predictivos, correctivos y complementarios. Categoría A.  Corresponde a aquellos proyectos, obras, industrias o actividades consideradas como las de más alto impacto ambiental potencial o riesgo ambiental de entre todo el Listado Taxativo.  Los megaproyectos de desarrollo  se consideran como parte de esta categoría.;https://www.marn.gob.gt/viceministro-de-ambiente/digarn/ventanilla-ambiental-2/
3624;Ministerio de Ambiente y Recursos Naturales  -MARN-;Adición de Proponente;Medio Ambiente;"Trámite a través del cual el proponente podrá solicitar ante el MARN, cambios dentro del instrumento ambiental; a saber la Adición de Proponente , entre otras.";https://www.marn.gob.gt/viceministro-de-ambiente/digarn/ventanilla-ambiental-2/
3625;Ministerio de Ambiente y Recursos Naturales  -MARN-;Diagnóstico Ambiental Categoría A;Medio Ambiente;Son documentos técnicos en los cuales se encuentra contenida la información necesaria para realizar una identificación y evaluación ordenada de los impactos o riesgos ambientales de un proyecto, obra, industria o actividad. Abarca los instrumentos predictivos, correctivos y complementarios. Categoría A.  Corresponde a aquellos proyectos, obras, industrias o actividades consideradas como las de más alto impacto ambiental potencial o riesgo ambiental de entre todo el Listado Taxativo.  Los megaproyectos de desarrollo  se consideran como parte de esta categoría.;https://www.marn.gob.gt/viceministro-de-ambiente/digarn/ventanilla-ambiental-2/
3627;Ministerio de Ambiente y Recursos Naturales  -MARN-;Licencia Ambiental en Categoría A;Medio Ambiente;Documento oficial extendido por el Ministerio de Ambiente y Recursos Naturales, obtenido como consecuencia de la resolución final del procedimiento administrativo que aprueba el instrumento ambiental.;https://www.marn.gob.gt/viceministro-de-ambiente/digarn/ventanilla-ambiental-2/
3628;Ministerio de Ambiente y Recursos Naturales  -MARN-;Renovación de Licencia Ambiental en Categoría A;Medio Ambiente;Documento oficial extendido por el Ministerio de Ambiente y Recursos Naturales, obtenido como consecuencia de la resolución final del procedimiento administrativo que aprueba el instrumento ambiental.;https://www.marn.gob.gt/viceministro-de-ambiente/digarn/ventanilla-ambiental-2/
3629;Ministerio de Ambiente y Recursos Naturales  -MARN-;Reposición de Licencia Ambiental en Categoría A;Medio Ambiente;Documento oficial extendido por el Ministerio de Ambiente y Recursos Naturales, obtenido como consecuencia de la resolución final del procedimiento administrativo que aprueba el instrumento ambiental.;https://www.marn.gob.gt/viceministro-de-ambiente/digarn/ventanilla-ambiental-2/
3630;Ministerio de Ambiente y Recursos Naturales  -MARN-;Licencia de consultor en Categoría A;Medio Ambiente;Documento oficial extendido por el Ministerio de Ambiente y Recursos Naturales, a las personas individuales y/ó juridicas que desarrollan actividades de consultoria de gestion ambiental a traves de actividades y/ó instrumentos de evaluacion, control, seguimiento, vigilancia y regencia ambiental que ampara su funcion en el listado de proveedores de servicios ambientales.;https://www.marn.gob.gt/viceministro-de-ambiente/digarn/formularios-ambientales/
3631;Ministerio de Ambiente y Recursos Naturales  -MARN-;Renovación de Licencia de Consultor Categoría A;Medio Ambiente;Documento oficial extendido por el Ministerio de Ambiente y Recursos Naturales, a las personas individuales y/ó juridicas que desarrollan actividades de consultoria de gestion ambiental a traves de actividades y/ó instrumentos de evaluacion, control, seguimiento, vigilancia y regencia ambiental que ampara su funcion en el listado de proveedores de servicios ambientales.;https://www.marn.gob.gt/viceministro-de-ambiente/digarn/formularios-ambientales/
3632;Ministerio de Ambiente y Recursos Naturales  -MARN-;Modificación a la Descripción del Proyecto Establecida en la Resolución de Aprobación del Instrumento Ambiental;Medio Ambiente;"Trámite a través del cual el proponente podrá solicitar ante el MARN, cambios dentro del instrumento ambiental; a saber la Modificación a la Descripción del Proyecto en la Resolución.";https://www.marn.gob.gt/viceministro-de-ambiente/digarn/ventanilla-ambiental-2/
3633;Ministerio de Ambiente y Recursos Naturales  -MARN-;Reposición de Licencia de Consultor Categoría A;Medio Ambiente;Documento oficial extendido por el Ministerio de Ambiente y Recursos Naturales, a las personas individuales y/ó juridicas que desarrollan actividades de consultoria de gestion ambiental a traves de actividades y/ó instrumentos de evaluacion, control, seguimiento, vigilancia y regemcia ambiental que ampara su funcion en el listado de proveedores de servicios ambientales.;https://www.marn.gob.gt/viceministro-de-ambiente/digarn/formularios-ambientales/
3635;Ministerio de Ambiente y Recursos Naturales  -MARN-;Cambio de Lugar Señalado para recibir Notificaciones;Medio Ambiente;"Trámite a través del cual el proponente podrá solicitar ante el MARN, cambios dentro del instrumento ambiental; a saber el cambio de Cambio de Lugar Señalado para recibir Notificaciones, entre otras.";https://www.marn.gob.gt/viceministro-de-ambiente/digarn/ventanilla-ambiental-2/
3640;Ministerio de Ambiente y Recursos Naturales  -MARN-;Estudio de Evaluacion de Impacto Ambiental Categoría B1;Medio Ambiente;"Categoría B1. Corresponde a aquellos proyectos, obras, industrias o actividades consideradas como las de moderado impacto ambiental potencial o riesgo ambiental de entre todo el Listado Taxativo y que no corresponden a las categorías A y C. Se divide en dos: la B1, que comprende las que se consideran como de moderado a alto impacto ambiental potencial o riesgo ambiental; y la B2, que comprende las que se consideran como de moderado a bajo impacto ambiental potencial o riesgo ambiental.";https://www.marn.gob.gt/viceministro-de-ambiente/digarn/ventanilla-ambiental-2/
3642;Ministerio de Ambiente y Recursos Naturales  -MARN-;Diagnóstico Ambiental Categoría B1;Medio Ambiente;"Categoría B1. Corresponde a aquellos proyectos, obras, industrias o actividades consideradas como las de moderado impacto ambiental potencial o riesgo ambiental de entre todo el Listado Taxativo y que no corresponden a las categorías A y C. Se divide en dos: la B1, que comprende las que se consideran como de moderado a alto impacto ambiental potencial o riesgo ambiental; y la B2, que comprende las que se consideran como de moderado a bajo impacto ambiental potencial o riesgo ambiental.";https://www.marn.gob.gt/viceministro-de-ambiente/digarn/ventanilla-ambiental-2/
3643;Ministerio de Ambiente y Recursos Naturales  -MARN-;Cambios o Modificación al Diseño del Instrumento Ambiental Original o Actividad de Registro en los Listados;Medio Ambiente;"Trámite a través del cual el proponente podrá solicitar ante el MARN, cambios dentro del instrumento ambiental; a saber los Cambios o Modificación al Diseño del Proyecto, Obra, Industria o Actividad, entre otras.";https://www.marn.gob.gt/viceministro-de-ambiente/digarn/ventanilla-ambiental-2/
3644;Ministerio de Ambiente y Recursos Naturales  -MARN-;Licencia Ambiental en Categoría B1;Medio Ambiente;Documento oficial extendido por el Ministerio de Ambiente y Recursos Naturales, obtenido como consecuencia de la resolución final del procedimiento administrativo que aprueba el instrumento ambiental.;https://www.marn.gob.gt/viceministro-de-ambiente/digarn/ventanilla-ambiental-2/
3645;Ministerio de Ambiente y Recursos Naturales  -MARN-;Renovación de Licencia Ambiental en Categoría B1;Medio Ambiente;Documento oficial extendido por el Ministerio de Ambiente y Recursos Naturales, obtenido como consecuencia de la resolución final del procedimiento administrativo que aprueba el instrumento ambiental.;https://www.marn.gob.gt/viceministro-de-ambiente/digarn/ventanilla-ambiental-2/
3647;Ministerio de Ambiente y Recursos Naturales  -MARN-;Reposición de Licencia Ambiental en Categoría B1;Medio Ambiente;Documento oficial extendido por el Ministerio de Ambiente y Recursos Naturales, obtenido como consecuencia de la resolución final del procedimiento administrativo que aprueba el instrumento ambiental.;https://www.marn.gob.gt/viceministro-de-ambiente/digarn/ventanilla-ambiental-2/
3649;Ministerio de Ambiente y Recursos Naturales  -MARN-;Desistimiento de Instrumentos Ambientales;Medio Ambiente;Trámite a través del cual el proponente podrá solicitar ante el MARN, el desistimiento del instrumento ambiental correspondiente, debiendo para el efecto cumplir con los requisitos legales de legalización de firma del representante legal del proponente y debiendo indicar el motivo para dicho desistimiento.;https://www.tramites.gob.gt/
3650;Ministerio de Ambiente y Recursos Naturales  -MARN-;Licencia Ambiental en Categoría C;Medio Ambiente;Documento oficial extendido por el Ministerio de Ambiente y Recursos Naturales, obtenido como consecuencia de la resolución final del procedimiento administrativo que aprueba el instrumento ambiental.;https://www.marn.gob.gt/viceministro-de-ambiente/digarn/licencias-ambientales-formularios/solicitud-de-licencia-ambiental/
3651;Ministerio de Ambiente y Recursos Naturales  -MARN-;Renovación de Licencia Ambiental en Categoría C;Medio Ambiente;Documento oficial extendido por el Ministerio de Ambiente y Recursos Naturales, obtenido como consecuencia de la resolución final del procedimiento administrativo que aprueba el instrumento ambiental.;https://www.marn.gob.gt/viceministro-de-ambiente/digarn/ventanilla-ambiental-2/
3652;Ministerio de Ambiente y Recursos Naturales  -MARN-;Evaluación Ambiental Inicial Categoría B2;Medio Ambiente;Comprende los proyectos , obras, industrias o actividades  las que se consideran como de moderado a bajo impacto ambiental potencial o riesgo ambiental.;https://www.marn.gob.gt/viceministro-de-ambiente/digarn/ventanilla-ambiental-2/
3653;Ministerio de Ambiente y Recursos Naturales  -MARN-;Reposición de Licencia Ambiental en Categoría C;Medio Ambiente;Documento oficial extendido por el Ministerio de Ambiente y Recursos Naturales, obtenido como consecuencia de la resolución final del procedimiento administrativo que aprueba el instrumento ambiental.;https://www.marn.gob.gt/viceministro-de-ambiente/digarn/licencias-ambientales-formularios/2-2-lic-amb-de-imp-o-exp-de-produc-sust-y-mat-prima/
3654;Ministerio de Ambiente y Recursos Naturales  -MARN-;Diagnóstico Ambiental de Bajo Impacto Categoría B2;Medio Ambiente;Comprende los proyectos , obras, industrias o actividades  las que se consideran como de moderado a bajo impacto ambiental potencial o riesgo ambiental.;https://www.marn.gob.gt/viceministro-de-ambiente/digarn/ventanilla-ambiental-2/
3656;Ministerio de Ambiente y Recursos Naturales  -MARN-;Licencia de Consultor en Categoría C;Medio Ambiente;Documento oficial extendido por el Ministerio de Ambiente y Recursos Naturales, a las personas individuales y/ó juridicas que desarrollan actividades de consultoria de gestion ambiental a traves de actividades y/ó instrumentos de evaluacion, control, seguimiento, vigilancia y regencia ambiental que ampara su funcion en el listado de proveedores de servicios ambientales.;https://www.marn.gob.gt/viceministro-de-ambiente/digarn/formularios-consultores/
3660;Ministerio de Ambiente y Recursos Naturales  -MARN-;Licencia Ambiental en Categoría B2;Medio Ambiente;Documento oficial extendido por el Ministerio de Ambiente y Recursos Naturales, obtenido como consecuencia de la resolución final del procedimiento administrativo que aprueba el instrumento ambiental.;https://www.marn.gob.gt/viceministro-de-ambiente/digarn/ventanilla-ambiental-2/
3661;Ministerio de Ambiente y Recursos Naturales  -MARN-;Plan de Cierre Técnico;Medio Ambiente;"Documento que contiene las medidas que se adoptarán al término de la vida útil de un proyecto, con el objeto de dejar controlados y/o mitigados los factores que puedan dar origen a impactos ambientales indeseados durante el cierre otorgando una condición ambiental segura en el largo plazo. Procede el Plan de Cierre Técnico, en los siguientes casos:

a) Cuando el proponente del proyecto, obra, industria o actividad requiera el archivo del instrumento ambiental;
b) Cuando el proponente presente un desistimiento en proyectos que se encuentren en operación, deberá acompañar el Plan de cierre técnico 
c) Cuando en los instrumentos ambientales aprobados, se determine que los componentes de cierre  no fueron desarrollados;
d) Cuando sea determinado mediante una resolución final de la DCL. Son documentos técnicos en los cuales se encuentra contenida la información necesaria para realizar una identificación y evaluación ordenada de los impactos o riesgos ambientales de un proyecto, obra, industria o actividad.  

Nota: Es considerado un Instrumento Ambiental Complementario.";https://www.tramites.gob.gt/
3664;Ministerio de Ambiente y Recursos Naturales  -MARN-;Procedimientos Especiales;Medio Ambiente;Todos los proyectos, obras, industrias o actividades ejecutadas durante cualesquiera de los estados de excepción a que se refieren los artículos 138 y 139 de la Constitución  Política de la Republica de Guatemala  y de conformidad con lo establecido en la Ley de Orden Público, Decreto número 7 de la Asamblea Constituyente de la República de Guatemala, así como aquellas acciones desarrolladas inmediatamente después de finalizada oficialmente la misma y durante un periodo de hasta 60 días, siempre y cuando estén vinculadas de forma directa con la mitigación o minimizaciónn de los efectos negativos del desastre natural, se harán del conocimiento de la DIGARN o las delegaciones departamentales para los efectos de registro en los listados ante el MARN, quien quedará exento de las responsabilidades que del mismo se pudieran generar. la atención de eventos catastróficos operará a nivel nacional, o en su defecto para la región que así se defina. El requisito para su aplicación es la emisión previa del decreto que corresponda emitido por el Presidente de la República en Consejo de Ministros.;https://www.tramites.gob.gt/
3665;Ministerio de Ambiente y Recursos Naturales  -MARN-;Renovación de Licencia Ambiental en Categoría B2;Medio Ambiente;Documento oficial extendido por el Ministerio de Ambiente y Recursos Naturales, obtenido como consecuencia de la resolución final del procedimiento administrativo que aprueba el instrumento ambiental.;https://www.marn.gob.gt/viceministro-de-ambiente/digarn/ventanilla-ambiental-2/
3666;Ministerio de Ambiente y Recursos Naturales  -MARN-;Reposición de Licencia Ambiental en Categoría B2;Medio Ambiente;Documento oficial extendido por el Ministerio de Ambiente y Recursos Naturales, obtenido como consecuencia de la resolución final del procedimiento administrativo que aprueba el instrumento ambiental.;https://www.marn.gob.gt/viceministro-de-ambiente/digarn/ventanilla-ambiental-2/
3669;Ministerio de Ambiente y Recursos Naturales  -MARN-;Licencia de Disposición Final Controlada;Medio Ambiente;Documento oficial extendido por el Ministerio de Ambiente y Recursos Naturales, que se otorga para llevar a cabo la eliminación o disposición final de un producto peligroso, obsoleto o perecedero que haya caducado o no sea apto para comercializarse.;https://www.marn.gob.gt/viceministro-de-ambiente/digarn/licencias-ambientales-formularios/2-3-lic-amb-equi-refrig-y-aire-acondicionado/
3670;Ministerio de Ambiente y Recursos Naturales  -MARN-;Licencia de Consultor Categoría B;Medio Ambiente;Documento oficial extendido por el Ministerio de Ambiente y Recursos Naturales, a las personas individuales y/ó juridicas que desarrollan actividades de consultoria de gestion ambiental a traves de actividades y/ó instrumentos de evaluacion, control, seguimiento, vigilancia y regencia ambiental que ampara su funcion en el listado de proveedores de servicios ambientales.;https://www.marn.gob.gt/viceministro-de-ambiente/digarn/formularios-consultores/
3671;Ministerio de Ambiente y Recursos Naturales  -MARN-;Reposición de Licencia de Disposición Final Controlada;Medio Ambiente;Documento oficial extendido por el Ministerio de Ambiente y Recursos Naturales, que se otorga para llevar a cabo la eliminación o disposición final de un producto peligroso, obsoleto o perecedero que haya caducado o no sea apto para comercializarse.;https://www.marn.gob.gt/viceministro-de-ambiente/digarn/licencias-ambientales-formularios/2-3-lic-amb-equi-refrig-y-aire-acondicionado/
3672;Ministerio de Ambiente y Recursos Naturales  -MARN-;Licencia de Exportación de Equipos de Refrigeración y Aire Acondicionado;Medio Ambiente;Documento oficial extendido por el Ministerio de Ambiente y Recursos Naturales, que se otorga para llevar a cabo la exportación de equipos de refrigeración y aire acondicionado.;https://www.marn.gob.gt/viceministro-de-ambiente/digarn/licencias-ambientales-formularios/2-2-lic-amb-de-imp-o-exp-de-produc-sust-y-mat-prima/
3673;Ministerio de Ambiente y Recursos Naturales  -MARN-;Reposición de Licencia de Exportación de Equipos de Refrigeración y Aire Acondicionado;Medio Ambiente;Documento oficial extendido por el Ministerio de Ambiente y Recursos Naturales, que se otorga para llevar a cabo la exportación de equipos de refrigeración y aire acondicionado.;https://www.marn.gob.gt/viceministro-de-ambiente/digarn/licencias-ambientales-formularios/2-2-lic-amb-de-imp-o-exp-de-produc-sust-y-mat-prima/
3674;Ministerio de Ambiente y Recursos Naturales  -MARN-;Licencia de Exportación de Refrigerantes;Medio Ambiente;"Documento que se extiende para autorizar las exportaciones de refrigerantes regulados por el Protocolo de Montreal. Incluye a los definidos como Sustancias Agotadoras del Ozono (SAO); a los refrigerantes Hidrofluorocarbonos (HFC) puros y sus mezclas; a los refrigerantes alternativos, constituidos por los grupos de refrigerantes naturales, hidrocarburos, hidrofluoroolefinas (HFO) y otros de bajo potencial de calentamiento atmosférico.";https://www.marn.gob.gt/viceministro-de-ambiente/digarn/licencias-ambientales-formularios/2-2-lic-amb-de-imp-o-exp-de-produc-sust-y-mat-prima/
3675;Ministerio de Ambiente y Recursos Naturales  -MARN-;Renovación de Licencia de Consultor Categoría C;Medio Ambiente;Documento oficial extendido por el Ministerio de Ambiente y Recursos Naturales, a las personas individuales y/ó juridicas que desarrollan actividades de consultoria de gestion ambiental a traves de actividades y/ó instrumentos de evaluacion, control, seguimiento, vigilancia y regencia ambiental que ampara su funcion en el listado de proveedores de servicios ambientales.;https://www.marn.gob.gt/viceministro-de-ambiente/digarn/licencias-ambientales-formularios/2-2-lic-amb-de-imp-o-exp-de-produc-sust-y-mat-prima/
3676;Ministerio de Ambiente y Recursos Naturales  -MARN-;Renovación de Licencia de Consultor Categoría B;Medio Ambiente;Documento oficial extendido por el Ministerio de Ambiente y Recursos Naturales, a las personas individuales y/ó juridicas que desarrollan actividades de consultoria de gestion ambiental a traves de actividades y/ó instrumentos de evaluacion, control, seguimiento, vigilancia y regencia ambiental que ampara su funcion en el listado de proveedores de servicios ambientales.;https://www.marn.gob.gt/viceministro-de-ambiente/digarn/formularios-consultores/
3677;Ministerio de Ambiente y Recursos Naturales  -MARN-;Reposición de Licencia de Exportación de Refrigerantes;Medio Ambiente;"Documento que se extiende para autorizar las exportaciones de refrigerantes regulados por el Protocolo de Montreal. Incluye a los definidos como Sustancias Agotadoras del Ozono (SAO); a los refrigerantes Hidrofluorocarbonos (HFC) puros y sus mezclas; a los refrigerantes alternativos, constituidos por los grupos de refrigerantes naturales, hidrocarburos, hidrofluoroolefinas (HFO) y otros de bajo potencial de calentamiento atmosférico.";https://www.marn.gob.gt/viceministro-de-ambiente/digarn/licencias-ambientales-formularios/2-2-lic-amb-de-imp-o-exp-de-produc-sust-y-mat-prima/
3678;Ministerio de Ambiente y Recursos Naturales  -MARN-;Reposición de Licencia de Consultor Categoría C;Medio Ambiente;Documento oficial extendido por el Ministerio de Ambiente y Recursos Naturales, a las personas individuales y/ó juridicas que desarrollan actividades de consultoria de gestion ambiental a traves de actividades y/ó instrumentos de evaluacion, control, seguimiento, vigilancia y regemcia ambiental que ampara su funcion en el listado de proveedores de servicios ambientales.;https://www.marn.gob.gt/viceministro-de-ambiente/digarn/licencias-ambientales-formularios/2-2-lic-amb-de-imp-o-exp-de-produc-sust-y-mat-prima/
3679;Ministerio de Ambiente y Recursos Naturales  -MARN-;Reposición de Licencia de Consultor Categoría B;Medio Ambiente;Documento oficial extendido por el Ministerio de Ambiente y Recursos Naturales, a las personas individuales y/ó juridicas que desarrollan actividades de consultoria de gestion ambiental a traves de actividades y/ó instrumentos de evaluacion, control, seguimiento, vigilancia y regemcia ambiental que ampara su funcion en el listado de proveedores de servicios ambientales.;https://www.marn.gob.gt/viceministro-de-ambiente/digarn/formularios-consultores/
3680;Ministerio de Ambiente y Recursos Naturales  -MARN-;Reposición de Licencia de Exportación de Sustancias y Productos Controlados por el MARN;Medio Ambiente;Documento oficial extendido por el Ministerio de Ambiente y Recursos Naturales, que se otorga para exportar productos, sustancias, materias primas y otros materiales, que puedan o no conducir a la recuperación de recursos, el reciclado, la regeneración, la reutilización directa u otros usos. Las licencias acá consideradas, se relacionan con la competencia del Departamento de Coordinación para el Manejo Ambientalmente Racional de Productos Químicos y desechos Peligrosos en Guatemala.;https://www.marn.gob.gt/viceministro-de-ambiente/digarn/licencias-ambientales-formularios/2-3-lic-amb-equi-refrig-y-aire-acondicionado/
3681;Ministerio de Ambiente y Recursos Naturales  -MARN-;Reposición de Licencia de Exportación No Asidua (Eventual) de Equipos de Refrigeración y Aire Acondicionado;Medio Ambiente;Documento oficial extendido por el Ministerio de Ambiente y Recursos Naturales, que se otorga para llevar a cabo la exportación de equipos de refrigeración y aire acondicionado (Para los casos de menaje de casa o encomiendas);https://www.marn.gob.gt/viceministro-de-ambiente/digarn/licencias-ambientales-formularios/2-2-lic-amb-de-imp-o-exp-de-produc-sust-y-mat-prima/
3682;Ministerio de Ambiente y Recursos Naturales  -MARN-;Actividades para Registro;Medio Ambiente;Corresponde a aquellos proyectos, obras, industrias o consideradas como de mínimo impacto y riesgo ambiental, presentadas únicamente para su registro en los listados.;https://www.marn.gob.gt/viceministro-de-ambiente/digarn/ventanilla-ambiental-2/
3685;Ministerio de Ambiente y Recursos Naturales  -MARN-;Licencia de Importación de Equipos de Refrigeración y Aire Acondicionado;Medio Ambiente;Documento oficial extendido por el Ministerio de Ambiente y Recursos Naturales, que se otorga para llevar a cabo la importación de equipos de refrigeración y aire acondicionado.;https://www.marn.gob.gt/viceministro-de-ambiente/digarn/licencias-ambientales-formularios/2-2-lic-amb-de-imp-o-exp-de-produc-sust-y-mat-prima/
3687;Ministerio de Ambiente y Recursos Naturales  -MARN-;Reposición de Licencia de Importación de Equipos de Refrigeración y Aire Acondicionado;Medio Ambiente;Documento oficial extendido por el Ministerio de Ambiente y Recursos Naturales, que se otorga para llevar a cabo la importación de equipos de refrigeración y aire acondicionado.;https://www.marn.gob.gt/viceministro-de-ambiente/digarn/licencias-ambientales-formularios/2-2-lic-amb-de-imp-o-exp-de-produc-sust-y-mat-prima/
3688;Ministerio de Ambiente y Recursos Naturales  -MARN-;Diagnóstico Ambiental de Bajo Impacto Categoría C;Medio Ambiente;Corresponde a aquellos proyectos, obras, industrias o consideradas como de mínimo impacto y riesgo ambiental, presentadas únicamente para su registro en los listados.;https://www.marn.gob.gt/viceministro-de-ambiente/digarn/ventanilla-ambiental-2/
3690;Ministerio de Ambiente y Recursos Naturales  -MARN-;Licencia de Importación de Refrigerantes;Medio Ambiente;"Documento que se extiende para autorizar las importaciones de refrigerantes regulados por el Protocolo de Montreal. Incluye a los definidos como Sustancias Agotadoras del Ozono (SAO); a los refrigerantes Hidrofluorocarbonos (HFC) puros y sus mezclas; a los refrigerantes alternativos, constituidos por los grupos de refrigerantes naturales, hidrocarburos, hidrofluoroolefinas (HFO) y otros de bajo potencial de calentamiento atmosférico. La emisión de licencias de importación para SAO, se concede a entidades a las que se ha otorgado cuota por el Área del Protocolo de Montreal, del Departamento de Coordinación para el Manejo Ambientalmente Racional de Productos Químicos y Desechos Peligrosos en Guatemala, atendiendo al calendario de eliminación gradual establecido por el Protocolo. Dicha cuota permite el mantenimiento de los equipos de refrigeración y aire acondicionado ya instalados, para poder asegurar el funcionamiento de los mismos, sin que se acuda a su reemplazo innecesario.";https://www.marn.gob.gt/viceministro-de-ambiente/digarn/licencias-ambientales-formularios/2-2-lic-amb-de-imp-o-exp-de-produc-sust-y-mat-prima/
3691;Ministerio de Ambiente y Recursos Naturales  -MARN-;Licencia Ambiental de Actividades para Registro;Medio Ambiente;Documento oficial extendido por el Ministerio de Ambiente y Recursos Naturales, obtenido como consecuencia de la resolución final del procedimiento administrativo que aprueba el instrumento ambiental.;https://www.marn.gob.gt/viceministro-de-ambiente/digarn/licencias-ambientales-formularios/solicitud-de-licencia-ambiental/
3692;Ministerio de Ambiente y Recursos Naturales  -MARN-;Reposición de Licencia de Importación de Refrigerantes;Medio Ambiente;"Documento que se extiende para autorizar las importaciones de refrigerantes regulados por el Protocolo de Montreal. Incluye a los definidos como Sustancias Agotadoras del Ozono (SAO); a los refrigerantes Hidrofluorocarbonos (HFC) puros y sus mezclas; a los refrigerantes alternativos, constituidos por los grupos de refrigerantes naturales, hidrocarburos, hidrofluoroolefinas (HFO) y otros de bajo potencial de calentamiento atmosférico. La emisión de licencias de importación para SAO, se concede a entidades a las que se ha otorgado cuota por el Área del Protocolo de Montreal, del Departamento de Coordinación para el Manejo Ambientalmente Racional de Productos Químicos y Desechos Peligrosos en Guatemala, atendiendo al calendario de eliminación gradual establecido por el Protocolo. Dicha cuota permite el mantenimiento de los equipos de refrigeración y aire acondicionado ya instalados, para poder asegurar el funcionamiento de los mismos, sin que se acuda a su reemplazo innecesario.";https://www.marn.gob.gt/viceministro-de-ambiente/digarn/licencias-ambientales-formularios/2-2-lic-amb-de-imp-o-exp-de-produc-sust-y-mat-prima/
3694;Ministerio de Ambiente y Recursos Naturales  -MARN-;Licencia Ambiental de Actividades Correctivas para Registro;Medio Ambiente;Documento oficial extendido por el Ministerio de Ambiente y Recursos Naturales, obtenido como consecuencia de la resolución final del procedimiento administrativo que aprueba el instrumento ambiental.;https://www.marn.gob.gt/viceministro-de-ambiente/digarn/licencias-ambientales-formularios/2-2-lic-amb-de-imp-o-exp-de-produc-sust-y-mat-prima/
3696;Ministerio de Ambiente y Recursos Naturales  -MARN-;Reposición de Licencia de Importación de Sustancias y Productos Controlados por el MARN;Medio Ambiente;Documento oficial extendido por el Ministerio de Ambiente y Recursos Naturales, que se otorga para importar productos, sustancias, materias primas y otros materiales, que puedan o no conducir a la recuperación de recursos, el reciclado, la regeneración, la reutilización directa u otros usos. Las licencias acá consideradas, se relacionan con la competencia del Departamento de Coordinación para el Manejo Ambientalmente Racional de Productos Químicos y desechos Peligrosos en Guatemala.;https://www.marn.gob.gt/viceministro-de-ambiente/digarn/licencias-ambientales-formularios/2-3-lic-amb-equi-refrig-y-aire-acondicionado/
3697;Ministerio de Ambiente y Recursos Naturales  -MARN-;Renovación de Licencia Ambiental de Actividades para Registro;Medio Ambiente;Documento oficial extendido por el Ministerio de Ambiente y Recursos Naturales, obtenido como consecuencia de la resolución final del procedimiento administrativo que aprueba el instrumento ambiental.;https://www.marn.gob.gt/viceministro-de-ambiente/digarn/licencias-ambientales-formularios/2-2-lic-amb-de-imp-o-exp-de-produc-sust-y-mat-prima/
3698;Ministerio de Ambiente y Recursos Naturales  -MARN-;Reposición de Licencia de Importación No Asidua (Eventual) de Equipos de Refrigeración y Aire Acondicionado;Medio Ambiente;Documento oficial extendido por el Ministerio de Ambiente y Recursos Naturales, que se otorga para llevar a cabo la importación de equipos de refrigeración y aire acondicionado (Para los casos de menaje de casa o encomiendas);https://www.marn.gob.gt/viceministro-de-ambiente/digarn/licencias-ambientales-formularios/2-2-lic-amb-de-imp-o-exp-de-produc-sust-y-mat-prima/
3699;Ministerio de Ambiente y Recursos Naturales  -MARN-;Renovación de Licencia Ambiental de Actividades Correctivas para Registro;Medio Ambiente;Documento oficial extendido por el Ministerio de Ambiente y Recursos Naturales, obtenido como consecuencia de la resolución final del procedimiento administrativo que aprueba el instrumento ambiental.;https://www.marn.gob.gt/viceministro-de-ambiente/digarn/licencias-ambientales-formularios/2-2-lic-amb-de-imp-o-exp-de-produc-sust-y-mat-prima/
3700;Ministerio de Ambiente y Recursos Naturales  -MARN-;Licencia de Registro de Exportador de Sustancias Alternativas, Sustancias Peligrosas, Insumos para Reutilizar, Refrigerantes, Equipos de Refrigeración y Aire Acondicionado;Medio Ambiente;Documento que se obtiene posterior a la licencia ambiental que aprueba al instrumento ambiental. Esta licencia acredita el registro de las entidades exportadoras, permitiendo que puedan solicitar lo distintos tipos de licencias de exportación.;https://www.marn.gob.gt/viceministro-de-ambiente/digarn/licencias-ambientales-formularios/2-3-lic-amb-equi-refrig-y-aire-acondicionado/
3702;Ministerio de Ambiente y Recursos Naturales  -MARN-;Renovación de Licencia de Registro de Exportador de Sustancias Alternativas, Sustancias Peligrosas, Insumos para Reutilizar, Refrigerantes, Equipos de Refrigeración y Aire Acondicionado;Medio Ambiente;Documento que se obtiene posterior a la licencia ambiental que aprueba al instrumento ambiental. Esta licencia acredita el registro de las entidades exportadoras, permitiendo que puedan solicitar lo distintos tipos de licencias de exportación.;https://www.marn.gob.gt/viceministro-de-ambiente/digarn/licencias-ambientales-formularios/2-3-lic-amb-equi-refrig-y-aire-acondicionado/
3703;Ministerio de Ambiente y Recursos Naturales  -MARN-;Categorización;Medio Ambiente;Trámite a través del cual el proponente podrá solicitar ante el MARN, la categorización del proyecto  que no se encuentre en el Listado Taxativo de Proyecto, Obra, Industria o Actividad.;https://www.marn.gob.gt/viceministro-de-ambiente/digarn/ventanilla-ambiental-2/
3704;Ministerio de Ambiente y Recursos Naturales  -MARN-;Reposición de Licencia de Registro de Exportador de Sustancias Alternativas, Sustancias Peligrosas, Insumos para Reutilizar, Refrigerantes, Equipos de Refrigeración y Aire Acondicionado;Medio Ambiente;Documento que se obtiene posterior a la licencia ambiental que aprueba al instrumento ambiental. Esta licencia acredita el registro de las entidades exportadoras, permitiendo que puedan solicitar lo distintos tipos de licencias de exportación.;https://www.marn.gob.gt/viceministro-de-ambiente/digarn/licencias-ambientales-formularios/2-3-lic-amb-equi-refrig-y-aire-acondicionado/
3705;Ministerio de Ambiente y Recursos Naturales  -MARN-;Licencia de Registro de Importador de Sustancias Alternativas, Sustancias Peligrosas, Insumos para Reutilizar, Refrigerantes, Equipos de Refrigeración y Aire Acondicionado;Medio Ambiente;Documento que se obtiene posterior a la licencia ambiental que aprueba al instrumento ambiental. Esta licencia acredita el registro de las entidades importadoras, permitiendo que puedan solicitar lo distintos tipos de licencias de importación.;https://www.marn.gob.gt/viceministro-de-ambiente/digarn/licencias-ambientales-formularios/2-3-lic-amb-equi-refrig-y-aire-acondicionado/
3706;Ministerio de Ambiente y Recursos Naturales  -MARN-;Renovación de Licencia de Registro de Importador de Sustancias Alternativas, Sustancias Peligrosas, Insumos para Reutilizar, Refrigerantes, Equipos de Refrigeración y Aire Acondicionado;Medio Ambiente;Documento que se obtiene posterior a la licencia ambiental que aprueba al instrumento ambiental. Esta licencia acredita el registro de las entidades importadoras, permitiendo que puedan solicitar lo distintos tipos de licencias de importación.;https://www.marn.gob.gt/viceministro-de-ambiente/digarn/licencias-ambientales-formularios/2-3-lic-amb-equi-refrig-y-aire-acondicionado/
3707;Ministerio de Ambiente y Recursos Naturales  -MARN-;Recategorización;Medio Ambiente;Trámite a través del cual el proponente podrá solicitar ante el MARN, la recategorización de su  Proyecto, Obra, Industria o Actividad, que ya cuenten con Instrumento Ambiental Aprobado;https://www.marn.gob.gt/viceministro-de-ambiente/digarn/ventanilla-ambiental-2/
3708;Ministerio de Ambiente y Recursos Naturales  -MARN-;Reposición de Licencia de Registro de Importador de Sustancias Alternativas, Sustancias Peligrosas, Insumos para Reutilizar, Refrigerantes, Equipos de Refrigeración y Aire Acondicionado;Medio Ambiente;Documento que se obtiene posterior a la licencia ambiental que aprueba al instrumento ambiental. Esta licencia acredita el registro de las entidades importadoras, permitiendo que puedan solicitar lo distintos tipos de licencias de importación.;https://www.marn.gob.gt/viceministro-de-ambiente/digarn/licencias-ambientales-formularios/2-3-lic-amb-equi-refrig-y-aire-acondicionado/
3709;Ministerio de Ambiente y Recursos Naturales  -MARN-;Licencia de Registro Nacional de Empresa Frigorista;Medio Ambiente;Documento emitido por el Departamento de Coordinación para el Manejo Ambientalmente Racional de Productos Químicos y Desechos Peligrosos en Guatemala, del Ministerio de Ambiente y Recursos Naturales, el cual acredita a la entidad que cuenta con recurso humano con licencia ambiental de técnico frigorista.;https://www.marn.gob.gt/viceministro-de-ambiente/digarn/licencias-ambientales-formularios/2-2-lic-amb-de-imp-o-exp-de-produc-sust-y-mat-prima/
3710;Ministerio de Ambiente y Recursos Naturales  -MARN-;Actualización de Instrumentos Ambientales;Medio Ambiente;"Procedimiento por medio del cual se solicita la actulización de instrumentos ambientales, cuando implementen modificaciones en las medidas de control ambiental respecto al instrumento ambiental aprobado, o en casos que se modifique de recursos; asimismo, puede requerirse al proponente derivado de las acciones de control y seguimientos ambiental del MARN; de igual manera procederá la actualización en el caso que la resolución aprobatoria o resoluciónes subsiguientes, no se haya consignado categoría, y/o licencia ambiental; o en el caso que concluido el procedimiento incidental en la Dirección de Cumplimiento Legal, por incumplimiento de compromisos ambientales.  La Unificación de instrumentos ambientales es un procedimiento a través del cual se busca unificar dos o más instrumentos ambientales que cuentan con resolución final aprobatoria, se realiza a solicitud de parte, siempre y cuando la evaluación efectuada por la DIGARN se determine su procedencia, la resolución deberá contener todo lo indicado para la resolución final, e incluirá lo contenido en el instrumento ambiental original, de igual manera se podrá incluir en la resolución final una nueva categoría, licencia, compromisos ambientales y/o medidas ambientales correspondientes, tomando en cuenta el impacto ambiental considerado tanto en el instrumento ambiental aprobado como en él, o los instrumentos ambientales aprobados a integrarse.";https://www.marn.gob.gt/viceministro-de-ambiente/digarn/ventanilla-ambiental-2/
3711;Ministerio de Ambiente y Recursos Naturales  -MARN-;Renovación de Licencia de Registro Nacional de Empresa Frigorista;Medio Ambiente;Documento emitido por el Departamento de Coordinación para el Manejo Ambientalmente Racional de Productos Químicos y Desechos Peligrosos en Guatemala, del Ministerio de Ambiente y Recursos Naturales, el cual acredita a la entidad que cuenta con recurso humano con licencia ambiental de técnico frigorista.;https://www.marn.gob.gt/viceministro-de-ambiente/digarn/licencias-ambientales-formularios/2-2-lic-amb-de-imp-o-exp-de-produc-sust-y-mat-prima/
3712;Ministerio de Ambiente y Recursos Naturales  -MARN-;Unificación de Instrumentos Ambientales;Medio Ambiente;"Procedimiento por medio del cual se solicita la actulización de instrumentos ambientales, cuando implementen modificaciones en las medidas de control ambiental respecto al instrumento ambiental aprobado, o en casos que se modifique de recursos; asimismo, puede requerirse al proponente derivado de las acciones de control y seguimientos ambiental del MARN; de igual manera procederá la actualización en el caso que la resolución aprobatoria o resoluciónes subsiguientes, no se haya consignado categoría, y/o licencia ambiental; o en el caso que concluido el procedimiento incidental en la Dirección de Cumplimiento Legal, por incumplimiento de compromisos ambientales.  La Unificación de instrumentos ambientales es un procedimiento a través del cual se busca unificar dos o más instrumentos ambientales que cuentan con resolución final aprobatoria, se realiza a solicitud de parte, siempre y cuando la evaluación efectuada por la DIGARN se determine su procedencia, la resolución deberá contener todo lo indicado para la resolución final, e incluirá lo contenido en el instrumento ambiental original, de igual manera se podrá incluir en la resolución final una nueva categoría, licencia, compromisos ambientales y/o medidas ambientales correspondientes, tomando en cuenta el impacto ambiental considerado tanto en el instrumento ambiental aprobado como en él, o los instrumentos ambientales aprobados a integrarse.";https://www.marn.gob.gt/viceministro-de-ambiente/digarn/ventanilla-ambiental-2/
3713;Ministerio de Ambiente y Recursos Naturales  -MARN-;Reposición de Licencia de Registro Nacional de Empresa Frigorista;Medio Ambiente;Documento emitido por el Departamento de Coordinación para el Manejo Ambientalmente Racional de Productos Químicos y Desechos Peligrosos en Guatemala, del Ministerio de Ambiente y Recursos Naturales, el cual acredita a la entidad que cuenta con recurso humano con licencia ambiental de técnico frigorista.;https://www.marn.gob.gt/viceministro-de-ambiente/digarn/licencias-ambientales-formularios/2-2-lic-amb-de-imp-o-exp-de-produc-sust-y-mat-prima/
3714;Ministerio de Ambiente y Recursos Naturales  -MARN-;Cambio de Nombre del Proyecto;Medio Ambiente;"Trámite a través del cual el proponente podrá solicitar ante el MARN, cambios dentro del instrumento ambiental; a saber el cambio de nombre del proyecto, entre otras.";https://www.marn.gob.gt/viceministro-de-ambiente/digarn/ventanilla-ambiental-2/
3715;Ministerio de Ambiente y Recursos Naturales  -MARN-;Licencia de Registro Nacional de Entidad Capacitadora;Medio Ambiente;Documento emitido por el Departamento de Coordinación para el Manejo Ambientalmente Racional de Productos Químicos y Desechos Peligrosos en Guatemala, del Ministerio de Ambiente y Recursos Naturales, por medio del cual se autoriza a las entidades que imparten los módulos didácticos de buenas prácticas ambientales y buenas prácticas en refrigeración;https://www.marn.gob.gt/viceministro-de-ambiente/digarn/licencias-ambientales-formularios/2-2-lic-amb-de-imp-o-exp-de-produc-sust-y-mat-prima/
3716;Ministerio de Ambiente y Recursos Naturales  -MARN-;Renovación de Licencia de Registro Nacional de Entidad Capacitadora;Medio Ambiente;Documento emitido por el Departamento de Coordinación para el Manejo Ambientalmente Racional de Productos Químicos y Desechos Peligrosos en Guatemala, del Ministerio de Ambiente y Recursos Naturales, por medio del cual se autoriza a las entidades que imparten los módulos didácticos de buenas prácticas ambientales y buenas prácticas en refrigeración.;https://www.marn.gob.gt/viceministro-de-ambiente/digarn/licencias-ambientales-formularios/2-2-lic-amb-de-imp-o-exp-de-produc-sust-y-mat-prima/
3717;Ministerio de Ambiente y Recursos Naturales  -MARN-;Reposición de Licencia de Registro Nacional de Entidad Capacitadora;Medio Ambiente;Documento emitido por el Departamento de Coordinación para el Manejo Ambientalmente Racional de Productos Químicos y Desechos Peligrosos en Guatemala, del Ministerio de Ambiente y Recursos Naturales, por medio del cual se autoriza a las entidades que imparten los módulos didácticos de buenas prácticas ambientales y buenas prácticas en refrigeración.;https://www.marn.gob.gt/viceministro-de-ambiente/digarn/licencias-ambientales-formularios/2-2-lic-amb-de-imp-o-exp-de-produc-sust-y-mat-prima/
3718;Ministerio de Ambiente y Recursos Naturales  -MARN-;Cambio de Proponente;Medio Ambiente;"Trámite a través del cual el proponente podrá solicitar ante el MARN, cambios dentro del instrumento ambiental; a saber el cambio de proponente del proyecto, entre otras.";https://www.marn.gob.gt/viceministro-de-ambiente/digarn/ventanilla-ambiental-2/
3719;Ministerio de Ambiente y Recursos Naturales  -MARN-;Licencia de Registro Nacional de Técnico Frigorista Empírico;Medio Ambiente;Documento que acredita a la persona que ha cursado los módulos didácticos sobre buenas prácticas ambientales y buenas prácticas en refrigeración, a través de las entidades capacitadoras autorizadas por el Departamento de Coordinación para el Manejo Ambientalmente Racional de Productos Químicos y Desechos Peligrosos en Guatemala, del Ministerio de Ambiente y Recursos Naturales.;https://www.marn.gob.gt/viceministro-de-ambiente/digarn/licencias-ambientales-formularios/2-2-lic-amb-de-imp-o-exp-de-produc-sust-y-mat-prima/
3720;Ministerio de Ambiente y Recursos Naturales  -MARN-;Cambio de Representante Legal del Proponente;Medio Ambiente;"Trámite a través del cual el proponente podrá solicitar ante el MARN, cambios dentro del instrumento ambiental; a saber el cambio de representante legal del proponente y/o adición de otro representante legal entre otras.";https://www.marn.gob.gt/viceministro-de-ambiente/digarn/ventanilla-ambiental-2/
3721;Ministerio de Ambiente y Recursos Naturales  -MARN-;Renovación de Licencia de Registro Nacional de Técnico Frigorista Empírico;Medio Ambiente;Documento que acredita a la persona que ha cursado los módulos didácticos sobre buenas prácticas ambientales y buenas prácticas en refrigeración, a través de las entidades capacitadoras autorizadas por el Departamento de Coordinación para el Manejo Ambientalmente Racional de Productos Químicos y Desechos Peligrosos en Guatemala, del Ministerio de Ambiente y Recursos Naturales.;https://www.marn.gob.gt/viceministro-de-ambiente/digarn/licencias-ambientales-formularios/2-2-lic-amb-de-imp-o-exp-de-produc-sust-y-mat-prima/
3722;Ministerio de Ambiente y Recursos Naturales  -MARN-;Adición de Representante Legal para Actuar Conjunta, Separada o Indistintamente.;Medio Ambiente;"Trámite a través del cual el proponente podrá solicitar ante el MARN, cambios dentro del instrumento ambiental; a saber la Adición de Representante Legal para Actuar Conjunta, Separada o Indistintamente.";https://www.marn.gob.gt/viceministro-de-ambiente/digarn/ventanilla-ambiental-2/
3723;Ministerio de Ambiente y Recursos Naturales  -MARN-;Reposición de Licencia de Registro Nacional de Técnico Frigorista Empírico;Medio Ambiente;Documento que acredita a la persona que ha cursado los módulos didácticos sobre buenas prácticas ambientales y buenas prácticas en refrigeración, a través de las entidades capacitadoras autorizadas por el Departamento de Coordinación para el Manejo Ambientalmente Racional de Productos Químicos y Desechos Peligrosos en Guatemala, del Ministerio de Ambiente y Recursos Naturales.;https://www.marn.gob.gt/viceministro-de-ambiente/digarn/licencias-ambientales-formularios/2-2-lic-amb-de-imp-o-exp-de-produc-sust-y-mat-prima/
3724;Ministerio de Ambiente y Recursos Naturales  -MARN-;Licencia de Registro Nacional de Técnico Frigorista Especializado;Medio Ambiente;Documento que acredita a la persona que ha cursado los módulos didácticos sobre buenas prácticas ambientales y buenas prácticas en refrigeración, a través de las entidades capacitadoras autorizadas por el Departamento de Coordinación para el Manejo Ambientalmente Racional de Productos Químicos y Desechos Peligrosos en Guatemala, del Ministerio de Ambiente y Recursos Naturales.;https://www.marn.gob.gt/viceministro-de-ambiente/digarn/licencias-ambientales-formularios/2-2-lic-amb-de-imp-o-exp-de-produc-sust-y-mat-prima/
3725;Ministerio de Ambiente y Recursos Naturales  -MARN-;Renovación de Licencia de Registro Nacional de Técnico Frigorista Especializado;Medio Ambiente;Documento que acredita a la persona que ha cursado los módulos didácticos sobre buenas prácticas ambientales y buenas prácticas en refrigeración, a través de las entidades capacitadoras autorizadas por el Departamento de Coordinación para el Manejo Ambientalmente Racional de Productos Químicos y Desechos Peligrosos en Guatemala, del Ministerio de Ambiente y Recursos Naturales.;https://www.marn.gob.gt/viceministro-de-ambiente/digarn/licencias-ambientales-formularios/2-2-lic-amb-de-imp-o-exp-de-produc-sust-y-mat-prima/
3726;Ministerio de Ambiente y Recursos Naturales  -MARN-;Reposición de Licencia de Registro Nacional de Técnico Frigorista Especializado;Medio Ambiente;Documento que acredita a la persona que ha cursado los módulos didácticos sobre buenas prácticas ambientales y buenas prácticas en refrigeración, a través de las entidades capacitadoras autorizadas por el Departamento de Coordinación para el Manejo Ambientalmente Racional de Productos Químicos y Desechos Peligrosos en Guatemala, del Ministerio de Ambiente y Recursos Naturales.;https://www.marn.gob.gt/viceministro-de-ambiente/digarn/licencias-ambientales-formularios/2-2-lic-amb-de-imp-o-exp-de-produc-sust-y-mat-prima/
3727;Ministerio de Ambiente y Recursos Naturales  -MARN-;Cambio de Denominación Social de la Entidad Proponente;Medio Ambiente;"Trámite a través del cual el proponente podrá solicitar ante el MARN, cambios dentro del instrumento ambiental; a saber el Cambio de Denominación Social de la Entidad Proponente";https://www.marn.gob.gt/viceministro-de-ambiente/digarn/ventanilla-ambiental-2/
3729;Ministerio de Ambiente y Recursos Naturales  -MARN-;Eliminación de Compromisos Ambientales;Medio Ambiente;"Trámite a través del cual el proponente podrá solicitar ante el MARN, cambios dentro del instrumento ambiental; a saber la eliminación o modificación de compromisos ambientales, entre otras.";https://www.marn.gob.gt/viceministro-de-ambiente/digarn/ventanilla-ambiental-2/
3730;Ministerio de Ambiente y Recursos Naturales  -MARN-;Licencia de Exportación de Sustancias y Productos Controlados por el MARN;Medio Ambiente;Documento oficial extendido por el Ministerio de Ambiente y Recursos Naturales, que se otorga para exportar productos, sustancias, materias primas y otros materiales, que puedan o no conducir a la recuperación de recursos, el reciclado, la regeneración, la reutilización directa u otros usos. Las licencias acá consideradas, se relacionan con la competencia del Departamento de Coordinación para el Manejo Ambientalmente Racional de Productos Químicos y desechos Peligrosos en Guatemala.;https://www.marn.gob.gt/viceministro-de-ambiente/digarn/licencias-ambientales-formularios/2-3-lic-amb-equi-refrig-y-aire-acondicionado/
3731;Ministerio de Ambiente y Recursos Naturales  -MARN-;Prórroga para Cumplimiento de Compromisos Ambientales;Medio Ambiente;"Trámite a través del cual el proponente podrá solicitar ante el MARN, cambios dentro del instrumento ambiental; a saber la solicitud de prórroga para el cumplimiento de compromisos ambientales, entre otras.";https://www.marn.gob.gt/viceministro-de-ambiente/digarn/ventanilla-ambiental-2/
3732;Ministerio de Ambiente y Recursos Naturales  -MARN-;Licencia de Exportación No Asidua (Eventual) de Equipos de Refrigeración y Aire Acondicionado;Medio Ambiente;Documento oficial extendido por el Ministerio de Ambiente y Recursos Naturales, que se otorga para llevar a cabo la exportación de equipos de refrigeración y aire acondicionado (Para los casos de menaje de casa o encomiendas).;https://www.marn.gob.gt/viceministro-de-ambiente/digarn/licencias-ambientales-formularios/2-2-lic-amb-de-imp-o-exp-de-produc-sust-y-mat-prima/
3733;Ministerio de Ambiente y Recursos Naturales  -MARN-;Cambio de Dirección del Proyecto por Actualización en el Catastro Municipal;Medio Ambiente;"Trámite a través del cual el proponente podrá solicitar ante la DIGARN, cambios dentro del instrumento ambiental; a saber el cambio de dirección por actulización catastral, entre otras.";https://www.marn.gob.gt/viceministro-de-ambiente/digarn/ventanilla-ambiental-2/
3734;Ministerio de Ambiente y Recursos Naturales  -MARN-;Licencia de Importación de Sustancias y Productos Controlados por el MARN;Medio Ambiente;Documento oficial extendido por el Ministerio de Ambiente y Recursos Naturales, que se otorga para importar productos, sustancias, materias primas y otros materiales, que no requieren una licencia y que puedan o no conducir a la recuperación de recursos, el reciclado, la regeneración, la reutilización directa u otros usos. Las solicitudes acá consideradas, se relacionan con la competencia del Departamento de Coordinación para el Manejo Ambientalmente Racional de Productos Químicos y desechos Peligrosos.;https://www.marn.gob.gt/viceministro-de-ambiente/digarn/licencias-ambientales-formularios/2-3-lic-amb-equi-refrig-y-aire-acondicionado/
3735;Ministerio de Ambiente y Recursos Naturales  -MARN-;Licencia de Importación No Asidua (Eventual) de Equipos de Refrigeración y Aire Acondicionado;Medio Ambiente;Documento oficial extendido por el Ministerio de Ambiente y Recursos Naturales, que se otorga para llevar a cabo la importación de equipos de refrigeración y aire acondicionado (Para los casos de menaje de casa o encomiendas).;https://www.marn.gob.gt/viceministro-de-ambiente/digarn/licencias-ambientales-formularios/2-2-lic-amb-de-imp-o-exp-de-produc-sust-y-mat-prima/
3736;Ministerio de Ambiente y Recursos Naturales  -MARN-;Reposición de Licencia Ambiental de Actividades para Registro;Medio Ambiente;Documento oficial extendido por el Ministerio de Ambiente y Recursos Naturales, obtenido como consecuencia de la resolución final del procedimiento administrativo que aprueba el instrumento ambiental.;https://www.marn.gob.gt/viceministro-de-ambiente/digarn/licencias-ambientales-formularios/solicitud-de-licencia-ambiental/
3737;Ministerio de Ambiente y Recursos Naturales  -MARN-;Reposición de Licencia Ambiental de Actividades Correctivas para Registro;Medio Ambiente;Documento oficial extendido por el Ministerio de Ambiente y Recursos Naturales, obtenido como consecuencia de la resolución final del procedimiento administrativo que aprueba el instrumento ambiental.;https://www.marn.gob.gt/viceministro-de-ambiente/digarn/licencias-ambientales-formularios/solicitud-de-licencia-ambiental/
3738;Ministerio de Ambiente y Recursos Naturales  -MARN-;Trámite de Denuncias Ambientales y Diligenciamiento del Procedimiento Administrativo;Medio Ambiente;Es el proceso por medio del cual el usuario hace del conocimiento al MARN, sobre una actividad en el cual exista la posible infracción a la legislación ambiental vigente o cuando se realiza una acción u omisión que por sus características puede producir deterioro a los recursos naturales renovables o no, al ambiente, o introducir modificaciones nocivas o notorias al paisaje y a los recursos culturales del patrimonio nacional.;https://www.tramites.gob.gt/
3739;Ministerio de Ambiente y Recursos Naturales  -MARN-;Recurso de Revocatoria;Medio Ambiente;Es el medio de impugnación que los administrados tienen para pronunciarse en contra de las resoluciones dictadas por Autoridad Administrativa que tenga Superior Jerárquico dentro del  Ministerio.;https://www.tramites.gob.gt/
3740;Ministerio de Ambiente y Recursos Naturales  -MARN-;Recurso de Reposición;Medio Ambiente;Es el medio de impugnación que los administrados tienen para pronunciarse en contra de las resoluciones dictadas por la Autoridad Administrativa Superior del Ministerio.;https://www.tramites.gob.gt/
3741;Ministerio de Ambiente y Recursos Naturales  -MARN-;Convenio de pago;Medio Ambiente;Elaboración de documento privado con firma legalizada en el cual se describen las condiciones pactadas para la cancelación de la multa impuesta.;https://www.tramites.gob.gt/
3742;Ministerio de Ambiente y Recursos Naturales  -MARN-;Solicitud de Acceso a la Información Pública;Medio Ambiente;Acceso a la información en poder del Ministerio de Ambiente y Recursos Naturales.;https://www.tramites.gob.gt/
3743;Ministerio de Ambiente y Recursos Naturales  -MARN-;Solicitud de Certificación de Contrato para Contratistas y Excontratistas;Medio Ambiente;La Dirección de Recursos Humanos es la responsable de dar respuesta a los requerimientos tanto de usuarios internos como externos en relación a las certificaciones de contratos que necesiten para respaldar el tiempo laborado en este Ministerio, en ese sentido se reciben las solicitudes de certificación de contrato.;https://www.marn.gob.gt/
3744;Ministerio de Ambiente y Recursos Naturales  -MARN-;Solicitud de Constancias Laborales para Trabajadores y Extrabajadores;Medio Ambiente;La Dirección de Recursos Humanos es la responsable de dar respuesta a los requerimientos de usuarios internos como externos en relación a las constancias laborales que necesiten para respaldar el tiempo laborado en este Ministerio, en ese sentido se reciben las solicitudes de constancia laboral para iniciar el proceso.;https://www.marn.gob.gt/
3745;Ministerio de Ambiente y Recursos Naturales  -MARN-;Atención a Usuarios y Préstamo de Material para Consulta;Medio Ambiente;Servicio de préstamo de material físico y/o  equipo de cómputo que se le brinda al usuario sobre  información de temas ambientales.;https://www.marn.gob.gt/viceministro-de-ambiente/quienes-somos-direccion-de-formacion-y-participacion-social/
3746;Ministerio de Ambiente y Recursos Naturales  -MARN-;Exención de Parámetros a Medir en Aguas Residuales Generadas;Medio Ambiente;El trámite consiste en que un solicitante a través de su representante legal  solicita la exención de medición de uno o varios parámetros regulados en la normativa vigente en descargas de aguas residuales, debido a que estos no son generados por dicha entidad.;https://www.marn.gob.gt/
3747;Ministerio de Ambiente y Recursos Naturales  -MARN-;Evaluación Ambiental Inicial Categoría C con Plan de Gestión Ambiental;Medio Ambiente;Corresponde a aquellos proyectos, obras, industrias o actividades, consideradas como de bajo impacto y riesgo ambiental, que se desarrollarán de forma permanente o aquellas que se materializarán en un solo acto.;https://www.marn.gob.gt/viceministro-de-ambiente/digarn/ventanilla-ambiental-2/
3748;Ministerio de Ambiente y Recursos Naturales  -MARN-;Diagnóstico Ambiental de Bajo Impacto Categoría C con Plan de Gestión Ambiental;Medio Ambiente;Corresponde a aquellos proyectos, obras, industrias o actividades, consideradas como de bajo impacto y riesgo ambiental, que se desarrollarán de forma permanente o aquellas que se materializarán en un solo acto.;https://www.marn.gob.gt/viceministro-de-ambiente/digarn/ventanilla-ambiental-2/
3749;Ministerio de Ambiente y Recursos Naturales  -MARN-;Actividades Correctivas para Registro;Medio Ambiente;Corresponde a aquellos proyectos, obras, industrias o consideradas como de mínimo impacto y riesgo ambiental, presentadas únicamente para su registro en los listados.;https://www.marn.gob.gt/viceministro-de-ambiente/digarn/ventanilla-ambiental-2/
3751;Ministerio de Ambiente y Recursos Naturales  -MARN-;Evaluación Ambiental Inicial Categoría C;Medio Ambiente;Corresponde a aquellos proyectos, obras, industrias o actividades, consideradas como de bajo impacto y riesgo ambiental, que se desarrollarán de forma permanente o aquellas que se materializarán en un solo acto.;https://www.marn.gob.gt/viceministro-de-ambiente/digarn/ventanilla-ambiental-2/
3759;Ministerio de Ambiente y Recursos Naturales  -MARN-;Evaluación Ambiental Estratégica;Medio Ambiente;Proceso de evaluación de impacto ambiental que, por sus características y naturaleza, aplica a planes y programas de trascendencia nacional, binacional, regional centroamericano o por acuerdos multilaterales, conforme a lo establecido en este reglamento. Los planes y programas de desarrollo públicos y privados, de ámbito nacional o regional, podrán ser objeto de evaluación ambiental estratégica. La evaluación ambiental estratégica de políticas, planes y programas en su caso deberá ser elaborada por las instituciones promotoras de los mismos, con la asesoría de proveedores de servicios técnicos ambientales inscritos en el listado de registro de proveedor de servicios ambientales del MARN y debidamente habilitados para esas tareas. En el caso de programas y planes de índole gubernamental, ya sea de carácter sectorial o supra sectorial, las EAE podrán ser elaboradas por los profesionales de las unidades ambientales de las diferentes instituciones que cumplan los requerimientos técnicos que el MARN establecerá.;https://www.marn.gob.gt/
1015;Ministerio de Comunicaciones, Infraestructura y Vivienda -MICIVI-;Registro de empresas;Medio Ambiente;Las desarrolladoras deberán registrarse en el sistema de gestiones durante el año en curso.;http://fopavi.gob.gt:2747/gestion-publico/public/
1016;Ministerio de Comunicaciones, Infraestructura y Vivienda -MICIVI-;Rescisión de contrato;Medio Ambiente;Rescisión de contrato de obra, siempre y cuando el avance físico sea equivalente al avance financiero, con soluciones habitacionales terminadas al 100%.;http://fopavi.gob.gt:9590/index.php/formularios-para-tramites/
1017;Ministerio de Comunicaciones, Infraestructura y Vivienda -MICIVI-;Prórroga de plazo de contrato y/o fianzas;Medio Ambiente;La solicitud de prórroga convenida de mutuo acuerdo mediante aceptación por escrito del representante del beneficiario y el desarrollador deberá justificar la necesidad, procedencia y conveniencia de la misma.;http://fopavi.gob.gt:9590/index.php/formularios-para-tramites/
1018;Ministerio de Comunicaciones, Infraestructura y Vivienda -MICIVI-;Solicitud de expediente de bitácora;Medio Ambiente;El desarrollador remitirá un oficio dirigida a dirección ejecutiva para la solicitud del libro de bitácora para la gestión de la autorización del libro ante la contraloría general de cuentas.;http://fopavi.gob.gt:9590/index.php/formularios-para-tramites/
1019;Ministerio de Comunicaciones, Infraestructura y Vivienda -MICIVI-;Solicitud de supervisión de proyecto;Medio Ambiente;La desarrolladora remitirá un oficio dirigida a dirección ejecutiva para la solicitud de supervisión.;http://fopavi.gob.gt:9590/index.php/formularios-para-tramites/
1020;Ministerio de Comunicaciones, Infraestructura y Vivienda -MICIVI-;Solicitud de registro de entidad intermediaria autorizada;Medio Ambiente;Las entidades intermediarias que  desean realizar estudios socioeconómicos deberán ingresar un expediente para poder trabajar con –FOPAVI-.;http://fopavi.gob.gt:9590/index.php/formularios-para-tramites/
1023;Ministerio de Comunicaciones, Infraestructura y Vivienda -MICIVI-;Solvencias de pago de inmueble;Medio Ambiente;Este documento se extiende a los beneficiarios al momento que la deuda de su bien inmueble se encuentra cancelada;http://udevipo.gob.gt/wp-content/uploads/2023/05/1-SOLVENCIA-DE-PAGO-DE-INMUEBLE.pdf
1024;Ministerio de Comunicaciones, Infraestructura y Vivienda -MICIVI-;Solicitud de adjudicación de bien inmueble;Medio Ambiente;Este trámite se realiza con el objetivo de obtener la escrituración del bien inmueble destinado exclusivamente para vivienda de familias en situación de pobreza o pobreza extrema el cual se determinar a través del estudio socioeconómico.;http://udevipo.gob.gt/wp-content/uploads/2023/05/4-SOLICITUD-DE-ADJUDICACION-DE-INMUEBLE.pdf
1025;Ministerio de Comunicaciones, Infraestructura y Vivienda -MICIVI-;Cancelación de patrimonio familiar (plazo vencido);Medio Ambiente;El propietario solicita la cancelación por vencimiento del plazo.;http://udevipo.gob.gt/wp-content/uploads/2023/05/7-CANCELACION-DE-PATRIMONIO-FAMILIAR-PLAZO-VENCIDO-1.pdf
1026;Ministerio de Comunicaciones, Infraestructura y Vivienda -MICIVI-;Cancelación de patrimonio familiar:(escritura publica);Medio Ambiente;El propietario solicita la cancelación del patrimonio familiar por vencimiento del plazo y cumplimiento de la mayoría de edad de los integrantes del grupo familiar.;http://udevipo.gob.gt/wp-content/uploads/2023/05/10-CANCELACION-DE-PATRIMONIO-FAMILIAR-ESCRITURA-PUBLICA.pdf
1052;Ministerio de Comunicaciones, Infraestructura y Vivienda -MICIVI-;Reclamos de correspondencia internacional;Comunicaciones y Transporte;Informar al expedidor sobre la necesidad de información de entrega de la o las piezas postales;https://correosytelegrafos.civ.gob.gt/formularios/
1053;Ministerio de Comunicaciones, Infraestructura y Vivienda -MICIVI-;Seguimiento de paquetes para su distribución;Comunicaciones y Transporte;El usuario postal tendrá acceso a la web, ingresando el número de rastreo Tracking) asignado a cada paquete justo antes de ser enviado, para poder darle seguimiento al estado del envío. El usuario recibirá el tracking o código de envío vía correo electrónico, SMS en el teléfono móvil o en ambos, y en el aviso de notificación de llegada en físico.;https://correosytelegrafos.civ.gob.gt/formularios/
1054;Ministerio de Comunicaciones, Infraestructura y Vivienda -MICIVI-;Solicitud de pronóstico climático;Medio Ambiente;Solicitud de pronósticos climáticos de Guatemala y sus regiones, según interés del solicitante.;https://insivumeh.gob.gt/?page_id=77416
1056;Ministerio de Comunicaciones, Infraestructura y Vivienda -MICIVI-;Solicitud de entrevista con personal técnico-profesional;Medio Ambiente;Consulta de información técnica con un profesional.;https://insivumeh.gob.gt/?page_id=63138
1058;Ministerio de Comunicaciones, Infraestructura y Vivienda -MICIVI-;Solicitud de datos sismológicos;Medio Ambiente;Solicitan datos sismológicos de la red de estaciones a nivel nacional.;https://insivumeh.gob.gt/?page_id=63121
1060;Ministerio de Comunicaciones, Infraestructura y Vivienda -MICIVI-;Autorización para Prestar Servicio de Cable (Persona Individual);Comunicaciones y Transporte;Proceso iniciado por una persona individual con el objetivo de obtener permiso legal, para prestar servicio de cable a una población determinada.;http://uncosu.gob.gt/nueva-empresa
1061;Ministerio de Comunicaciones, Infraestructura y Vivienda -MICIVI-;Autorización para Prestar Servicio de Cable (Persona Jurídica);Comunicaciones y Transporte;Proceso iniciado por una persona jurídica con el objetivo de obtener permiso legal, para prestar servicio de cable a una población determinada.;http://uncosu.gob.gt/nueva-empresa
1062;Ministerio de Comunicaciones, Infraestructura y Vivienda -MICIVI-;Registro de Locutor;Energía;Toda persona que solicite su inscripción como Locutor Profesional para desempeñarse como tal en la Republica de Guatemala, deberá presentar una solicitud digital al Departamento de Registro de la Dirección General de Radiodifusión y Televisión Nacional.;https://tramites.radiotgw.gob.gt/login
1063;Ministerio de Comunicaciones, Infraestructura y Vivienda -MICIVI-;Actualización del Registro de Locutor;Energía;El objetivo de la actualización, es que la acreditación de todo profesional de la locución en Guatemala, esté respaldado con los documentos requeridos para su registro. En caso de falta de algún documento en el expediente respectivo, se deberá efectuar su reposición, adjuntando los documentos digitales por parte del interesado;https://tramites.radiotgw.gob.gt/login
1076;Ministerio de Comunicaciones, Infraestructura y Vivienda -MICIVI-;Adquisición por ocupación de área de derecho de vía a favor del Estado;Medio Ambiente;Este trámite se cumple cuando existe un Contrato Aprobado que requiera adquirir las áreas necesarias en la construcción y/o ampliación de carreteras que se ocuparán por el Derecho de Vía conforme a un diseño aprobado por la Dirección General de Caminos, con la instrucción escrita del Director General de Caminos para iniciar con la gestión de adquisición de áreas de Derecho de Vía.;https://www.caminos.gob.gt/formularios_5-2021.php
2441;Ministerio de Comunicaciones, Infraestructura y Vivienda -MICIVI-;Renovación de licencia de transporte extraurbano de pasajeros;Inscripciones y Registros;Toda licencia de transporte extraurbano de pasajeros, se otorgará por un período de diez años renovables por un período similar, siempre y cuando el interesado lo solicite dentro del plazo de tres meses antes de su vencimiento;https://dgt.gob.gt/wp-content/uploads/2022/05/Renovacion-de-licencia.pdf
2442;Ministerio de Comunicaciones, Infraestructura y Vivienda -MICIVI-;Permisos expresos;Inscripciones y Registros;Para obtener permiso para servicios especiales, el porteador deberá llenar y presentar formulario de solicitud ante la Dirección, por lo menos con cuatro días de anticipación al inicio del servicio, cumpliendo con los requisitos establecidos.;https://dgt.gob.gt/wp-content/uploads/2022/05/Permiso-expreso.pdf
2443;Ministerio de Comunicaciones, Infraestructura y Vivienda -MICIVI-;Permiso temporal;Inscripciones y Registros;Se podrá extender permisos temporales a los Porteadores sobre las licencias vigentes ya autorizadas, cuando los documentos originales se encuentren incorporados a algún expediente de modificación de Licencia;https://dgt.gob.gt/wp-content/uploads/2022/05/Permiso-temporal.pdf
2444;Ministerio de Comunicaciones, Infraestructura y Vivienda -MICIVI-;Licencia de servicio exclusivo de turismo;Inscripciones y Registros;Servicio que se presta al traslado de personas cuya finalidad sea la actividad turística, sin que se pueda detener en puntos intermedios para recoger o bajar pasajeros, ni para realizar actividades de naturaleza distinta a la de turismo.;https://dgt.gob.gt/wp-content/uploads/2022/05/Servicio-exclusivo-de-turismo.pdf
2445;Ministerio de Comunicaciones, Infraestructura y Vivienda -MICIVI-;Renovación de licencia de servicio exclusivo de turismo;Inscripciones y Registros;"La licencia que se otorgue al servicio exclusivo de turismo tendrá vigencia de un año, la cual se podrá renovar, siempre que esta solicitud se presente con un mes de
anticipación al vencimiento, y en todo caso se encuentre vigente la inscripción como empresa turística de transporte, ante el Instituto Guatemalteco de Turismo.";https://dgt.gob.gt/wp-content/uploads/2022/05/Renovacion-de-licencia-de-servicio-exclusivo-de-turismo.pdf
2446;Ministerio de Comunicaciones, Infraestructura y Vivienda -MICIVI-;Traspaso de licencia de transporte extraurbano de pasajeros;Inscripciones y Registros;Para autorizar las solicitudes de cesión de licencias, los interesados deberán cumplir con presentar los requisitos establecidos en el Artículo 25 del Acuerdo Gubernativo 225-2012 y testimonio de escritura pública de cesión de derechos.;https://dgt.gob.gt/wp-content/uploads/2022/05/Traspaso-de-licencia.pdf
2447;Ministerio de Comunicaciones, Infraestructura y Vivienda -MICIVI-;Cambio de vehículo;Inscripciones y Registros;Los porteadores podrán solicitar el cambio de los vehículos autorizados por la Dirección para la prestación del servicio, por otros de modelo más reciente y nunca de menor capacidad.;https://dgt.gob.gt/wp-content/uploads/2022/05/Cambio-de-vehiculo.pdf
2448;Ministerio de Comunicaciones, Infraestructura y Vivienda -MICIVI-;Licencia de servicio exclusivo para trabajadores agrícolas e industriales;Inscripciones y Registros;"Para obtener licencia de transporte para servicio exclusivo de trabajadores agrícolas o industriales, los interesados deberán cumplir con los requisitos
establecidos en los Capítulos V, VI y VII del Acuerdo Gubernativo 225-2012 y además, acompañar a su solicitud el testimonio o copia simple legalizada del contrato de transporte, otorgado por los propietarios o representantes legales de las explotaciones agrícolas o industriales y el prestador del servicio mediante escritura pública o documento privado con firma legalizada, contrato cuya vigencia será de un año.";https://dgt.gob.gt/wp-content/uploads/2022/05/Servicio-exclusivo-para-trabajadores-agricolas.pdf
2449;Ministerio de Comunicaciones, Infraestructura y Vivienda -MICIVI-;Registro de pilotos del servicio de transporte extraurbano;Inscripciones y Registros;El servicio público de transporte extraurbano de pasajeros por carretera, especial y exclusivo de turismo, agrícola o industrial, a que se refiere el Acuerdo Gubernativo 225-2012, será prestado por porteadores guatemaltecos que estén inscritos de conformidad al Código de Comercio de Guatemala, autorizados por la Dirección General de Transportes.;https://dgt.gob.gt/wp-content/uploads/2022/07/Registro-de-pilotos.pdf
2450;Ministerio de Comunicaciones, Infraestructura y Vivienda -MICIVI-;Registro de transporte de carga;Inscripciones y Registros;Las personas individuales o jurídicas propietarias de tracto-camiones utilizados para halar los equipos de carga mencionados en el articulo 1 del Acuerdo Gubernativo 135-94, deberán obtener autorización y registro extendido por la Dirección General de Transportes.;https://dgt.gob.gt/wp-content/uploads/2022/05/Registro-de-vehiculos.pdf
2453;Ministerio de Comunicaciones, Infraestructura y Vivienda -MICIVI-;Solicitud de Datos Fases Lunares;Medio Ambiente;Se proporcionan datos sobre las fases lunares del año.;https://insivumeh.gob.gt/?page_id=63134
2454;Ministerio de Comunicaciones, Infraestructura y Vivienda -MICIVI-;Solicitud de datos sobre tormentas o depresiones tropicales;Medio Ambiente;Solicitud de información sobre las tormentas o depresiones tropicales.;https://insivumeh.gob.gt/?page_id=63126
2455;Ministerio de Comunicaciones, Infraestructura y Vivienda -MICIVI-;Solicitud de condiciones atmosféricas;Medio Ambiente;Datos de las condiciones atmosféricas de día, lugar y hora en específico a nivel nacional.;https://insivumeh.gob.gt/?page_id=63126
2457;Ministerio de Comunicaciones, Infraestructura y Vivienda -MICIVI-;Solicitud de charlas informativas;Medio Ambiente;Se realizan charlas informativas de forma presencial, en las instalaciones de INSIVUMEH sobre el instrumental meteorológico usado dentro de las estaciones convencionales.;https://insivumeh.gob.gt/?page_id=63138
2459;Ministerio de Comunicaciones, Infraestructura y Vivienda -MICIVI-;Solicitud de datos vulcanológicos;Medio Ambiente;Solicitan datos vulcanológicos a nivel nacional.;https://insivumeh.gob.gt/?page_id=63124
2460;Ministerio de Comunicaciones, Infraestructura y Vivienda -MICIVI-;Solicitud de datos de niveles, caudales y parámetros fisicoquímicos de los ríos a nivel Nacional;Medio Ambiente;Se proporcionan datos de niveles, caudales y parámetros fisicoquímicos de los ríos a nivel nacional.;https://insivumeh.gob.gt/?page_id=63132
2461;Ministerio de Comunicaciones, Infraestructura y Vivienda -MICIVI-;Solicitud de datos sobre nivel de oleajes y mareas;Medio Ambiente;Se proporcionan datos de nivel de oleajes y de mareas de las distintas costas a nivel nacional.;https://insivumeh.gob.gt/?page_id=63136
2462;Ministerio de Comunicaciones, Infraestructura y Vivienda -MICIVI-;Solicitud de capacitaciones sobre educación y seguridad víal.;Seguridad;"Capacitar a toda persona individual o jurídica que desee obtener conocimientos de educación y seguridad vial. 

El departamento de Educación y Seguridad Vial, capacita en temas relacionados a:
1. Educación y seguridad vial;
2. Ley y Reglamento de tránsito. 
3. Temas auxiliares en la educación vial.";https://gestordocs.com/expedienteExterno
2463;Ministerio de Comunicaciones, Infraestructura y Vivienda -MICIVI-;Solicitud de teatrino;Seguridad;Capacitar a todo niño, niña y adolescente -NNA-, a través de un teatrino infantil, incentivando su imaginación, enseñando e inculcando normas y valores en el tema de educación y seguridad vial, a través de un show de títeres.;https://gestordocs.com/expedienteTeatrino
2464;Ministerio de Comunicaciones, Infraestructura y Vivienda -MICIVI-;Solicitud de establecimiento de parque vial.;Seguridad;Es un espacio donde los niños y niñas, aprenden a través del juego (bicicletas), sobre las normas, reglamentos, colores de tránsito y como evitar un accidente, así mismo el equipo de protección personal que debe portar para evitar golpes en el cuerpo.;https://gestordocs.com/expedienteParqueVial
2467;Ministerio de Comunicaciones, Infraestructura y Vivienda -MICIVI-;Solicitud de visita grupal o individual a Museo Postal;Educación, Cultura y Deporte;Recepción de solicitudes para brindar recorridos grupales o individuales en el Museo Postal de la Dirección General de Correos y Telégrafos –DGCT– para proporcionar a los visitantes e interesados en la filatelia, un lugar cómodo y adecuado para investigar datos, compra de nuevas emisiones de sellos postales, proyectar los servicios postales y ampliar conocimiento sobre la Historia Postal y Filatélica de Guatemala;https://correosytelegrafos.civ.gob.gt/formularios/
2469;Ministerio de Comunicaciones, Infraestructura y Vivienda -MICIVI-;Actualización de Empresas;Medio Ambiente;Las desarrolladoras deberán actualizarse en el sistema de gestiones durante el primer trimestre del año en curso.;http://fopavi.gob.gt:2747/gestion-publico/public/
2516;Ministerio de Comunicaciones, Infraestructura y Vivienda -MICIVI-;Solicitud de Remozamiento de Centros Educativos, Centros de Salud y Edificios Públicos;Medio Ambiente;La solicitud de remozamiento de centros educativos, centros de salud y edificios públicos tiene como fin el mantenimiento y reparación de edificios tales como escuelas, centros asistenciales, hospitales y otros establecimientos excepto vivienda. Incluye pintura de paredes, reparaciones y pequeñas alteraciones en el techo, paredes, pisos, ascensores, repellos, tabiques, instalaciones eléctricas, instalaciones sanitarias, etc. La solicitud mediante los formularios correspondientes forma parte de la conformación de la papelería necesaria para que -UCEE- atienda el requerimiento de los interesados y determine la viabilidad de la intervención.;https://web.ucee.gob.gt/index.php/formularios/solicitud-de-remozamientos
2517;Ministerio de Comunicaciones, Infraestructura y Vivienda -MICIVI-;Solicitud de Construcción de Centros Educativos, Centros de Salud y Edificios Públicos.;Medio Ambiente;La solicitud de construcción de centros educativos, centros de salud y edificios públicos son obras de infraestructura que pueden clasificarse como construcción, ampliación, mejoramiento o reposición del establecimiento en cuestión. La solicitud mediante los formularios correspondientes forma parte de la conformación de la papelería necesaria para que -UCEE- atienda el requerimiento de los interesados y determine la viabilidad de la intervención.;https://web.ucee.gob.gt/index.php/formularios/solicitud-de-construccion
2518;Ministerio de Comunicaciones, Infraestructura y Vivienda -MICIVI-;Solicitud de Mobiliario Escolar;Medio Ambiente;La solicitud de mobiliario escolar es una herramienta para el equipamiento de centros educativos a nivel nacional, siendo el mobiliario un elemento fundamental que complementa el proceso educativo de la comunidad estudiantil.;https://web.ucee.gob.gt/index.php/formularios/solicitud-de-mobiliario
2521;Ministerio de Comunicaciones, Infraestructura y Vivienda -MICIVI-;Requerimientos de municipalidades;Inscripciones y Registros;Requerimientos de municipalidades en donde realizan diferentes tipos de solicitudes como, por ejemplo: instalaciones de puentes tipo bailey, donación de materiales de construcción, mejoramiento de carretera, convenios de cooperación interinstitucional de la maquinaria que está a cargo de la unidad de convoyes regionales.;https://fss.gob.gt/es/req-municipalidades/
2523;Ministerio de Comunicaciones, Infraestructura y Vivienda -MICIVI-;Propuesta temática para nueva emisión de sellos postales;Comunicaciones y Transporte;Los temas son elegidos según las solicitudes que se hagan, por Instituciones o personas en forma individual, pueden realizar solicitudes de propuesta de alguna temática para la emisión de nuevos Sellos Postales;https://admin.tramites.redciudadana.org/public/service/new
2524;Ministerio de Comunicaciones, Infraestructura y Vivienda -MICIVI-;Solicitud de copia de resolución de cobro;Medio Ambiente;Este trámite lo realizan los usuarios para obtener certificaciones de los documentos que obran dentro del expediente para realizar alguna gestión externa;http://udevipo.gob.gt/wp-content/uploads/2023/05/2-SOLICITUD-DE-COPIA-DE-RESOLUCION-DE-COBRO.pdf
2525;Ministerio de Comunicaciones, Infraestructura y Vivienda -MICIVI-;Solicitud de plano de registro;Medio Ambiente;Es realizar la medida del terreno, lote, o bien inmueble y plasmarlo en un formato del registro general de la propiedad, que contiene los datos del adjudicatario, para poder establecer el área, colindancias y ubicación del mismo. Este documento se extiende a los beneficiarios para que puedan gestionar la resolución de adjudicación.;http://udevipo.gob.gt/wp-content/uploads/2023/05/3-SOLICITUD-DE-PLANO-DE-REGISTRO.pdf
2527;Ministerio de Comunicaciones, Infraestructura y Vivienda -MICIVI-;Suscripción al servicio de abonados filatelistas;Comunicaciones y Transporte;Servicio destinado esencialmente a los coleccionistas, en donde el suscriptor realiza periódicamente, un deposito monetario del que se va debitando de su saldo los sellos postales y productos filatélico-postal adquiridos.;https://admin.tramites.redciudadana.org/public/service/new
2529;Ministerio de Comunicaciones, Infraestructura y Vivienda -MICIVI-;Cambio de adjudicatario;Medio Ambiente;El solicitante por escrito requiere el cambio de adjudicatario por las siguientes causas: fallecimiento del adjudicatario, porque el adjudicatario abandono el inmueble, por cesión de derechos, dentro de grupo familiar.;http://udevipo.gob.gt/wp-content/uploads/2023/05/5-CAMBIO-DE-ADJUDICATARIO.pdf
2530;Ministerio de Comunicaciones, Infraestructura y Vivienda -MICIVI-;Cancelación de patrimonio familiar (plazo vigente);Medio Ambiente;El propietario solicita la cancelación del patrimonio familiar por vencimiento del plazo y cumplimiento de la mayoría de edad de los integrantes del grupo familiar.;http://udevipo.gob.gt/wp-content/uploads/2023/05/6-CANCELACION-DE-PATRIMONIO-FAMILIAR-PLAZO-VIGENTE.pdf
2532;Ministerio de Comunicaciones, Infraestructura y Vivienda -MICIVI-;Deposito a cuenta del servicio de abonados filatelistas;Territorio, Vivienda e Infraestructura;El suscriptor del Servicio de Abonados Filatelistas realiza depósito monetario para incrementar su cuenta y se continúe con en envío de sellos postales y productos filatélicos-postales adquiridos;https://correosytelegrafos.civ.gob.gt/formularios/
2533;Ministerio de Comunicaciones, Infraestructura y Vivienda -MICIVI-;Solicitud de convenio de pago;Medio Ambiente;Este documento se extiende a los beneficiarios al momento que el beneficiario se encuentra atrasado en el pago de su bien inmueble;http://udevipo.gob.gt/wp-content/uploads/2023/05/8-SOLICITUD-DE-CONVENIO-DE-PAGO.pdf
2534;Ministerio de Comunicaciones, Infraestructura y Vivienda -MICIVI-;Modificación de cuadro familiar;Medio Ambiente;El Solicitante requiere la modificación del Cuadro Familiar por las siguientes causas: Inclusión y exclusión.;http://udevipo.gob.gt/wp-content/uploads/2023/05/9-MODIFICACION-DE-CUADRO-FAMILIAR.pdf
2543;Ministerio de Comunicaciones, Infraestructura y Vivienda -MICIVI-;Autorización del uso del área de derecho de vía;Medio Ambiente;"Este trámite se deriva de una petición realizada por persona individual o jurídica, cuya finalidad es la autorización para hacer uso del área de Derecho de Vía que le corresponde al Estado de Guatemala, el cual es administrado por la Dirección General de Caminos y se otorga en beneficio de un servicio público o seguridad vial, de conformidad con la ley, asimismo, la renovación de convenio suscrito para otorgar este uso, siendo estas: 

   1.	Instalación de Postes (energía eléctrica, línea telefónica, cable), 
   2.	Conducción de tubería (drenaje, agua), 
   3.	Instalación de Fibra Óptica (subterránea), 
   4.  Carriles de Aceleración y Desaceleración (ingreso a comercios, bodegas, inmobiliarias), 
   5.	Señalización e instalación de reductores de velocidad, Interconexión con la Red Vial del País en proyectos carreteros privados, 
   6.	Instalación de Pasarelas, etc.";https://www.caminos.gob.gt/formularios_5-2021.php
2548;Ministerio de Comunicaciones, Infraestructura y Vivienda -MICIVI-;Titulación supletoria (diligencias voluntarias de titulación supletoria cuando es notificado por el juzgado correspondiente e incluye el plano de registro con la información de derecho de vía);Medio Ambiente;"El objetivo de la Titulación Supletoria en la Dirección General de Caminos es que se emita opinión técnica cuando el bien inmueble que se pretende titular tenga colindancia con una carretera dentro de la Red Vial registrada en la Dirección General de Caminos.

La Dirección General de Caminos, como ente rector de las carreteras, tiene intervención en el trámite de la Titulación Supletoria cuando es notificado por un Juzgado de Primera Instancia Civil, para emitir opinión sí el bien que se pretende titular colinda con una carretera registrada dentro de la red vial de Caminos, para determinar si este inmueble afecta, o no, el área de derecho de vía del Estado de Guatemala.";https://www.caminos.gob.gt/formularios_5-2021.php
2551;Ministerio de Comunicaciones, Infraestructura y Vivienda -MICIVI-;Permiso temporal de explotación (vuelo comercial no regular);Inscripciones y Registros;El Permiso temporal de explotación, es el documento que autoriza a una Empresa nacional o extranjera a realizar o operaciones comerciales no regulares o eventuales (charter) para el transporte de pasajeros o carga .;https://www.dgac.gob.gt/wp-content/uploads/2023/08/SOLICITUD-PERMISO-TEMPORAL-DE-EXPLOTACION-COMERCIAL-NO-REGULAR.pdf
2552;Ministerio de Comunicaciones, Infraestructura y Vivienda -MICIVI-;Modificación de horario, ruta, frecuencia;Inscripciones y Registros;Las rutas, horarios y frecuencias con las que puede operar una línea aérea, se encuentran contenidas y autorizadas en los anexos del Certificado de Explotación, cuando se solicita la modificación de  los mismos necesidades operacionales de la Empresa, estos deben de ser modificados en sus anexos respectivos y autorizados por el Despacho Superior, previo a su implementación,;https://www.dgac.gob.gt/wp-content/uploads/2023/08/SOLICITUD-MODIFICACION-HORARIO-RUTA-FRECUENCICAS.pdf
2553;Ministerio de Comunicaciones, Infraestructura y Vivienda -MICIVI-;Certificado de explotación a trabajos aéreos/servicios auxiliares;Inscripciones y Registros;El Certificado de Explotación, es el documento que autoriza a una Empresa a prestar servicios aéreos y es otorgado a las empresas que han sido certificadas para prestar el servicio de transporte aéreo de pasajeros o carga, y obtenido su Certificado de Operador Aéreo.;https://www.dgac.gob.gt/wp-content/uploads/2023/08/SOLICITUD-CERTIFICADO-DE-EXPLOTACION-TRABAJOS-AEREOS-Y-SERVICIOS-AUXILIARES.pdf
2554;Ministerio de Comunicaciones, Infraestructura y Vivienda -MICIVI-;Certificado de explotación de una línea aérea;Inscripciones y Registros;Es el documento oficial que autoriza a una Línea Aérea a prestar los servicios de transporte aéreo de pasajeros, carga y/o correo.;https://www.dgac.gob.gt/wp-content/uploads/2023/08/SOLICITUD-CERTIFICADO-DE-EXPLOTACION-DE-UNA-LINEA-AEREA.pdf
2555;Ministerio de Comunicaciones, Infraestructura y Vivienda -MICIVI-;Permiso para ingresar a las instalaciones AILA;Inscripciones y Registros;Los permisos temporales y visitante de ingreso a las instalaciones del AILA, serán autorizados por la Jefatura de Seguridad Aeroportuaria, son de carácter eventual y se utilizan para acreditar a personas que requieren realizar gestiones, trabajos eventuales, o recibir y despedir delegaciones y/o personalidades en las diferentes áreas de la terminal aérea.;https://www.dgac.gob.gt/wp-content/uploads/2023/08/Formulario-Acceso-AILA.pdf
2558;Ministerio de Comunicaciones, Infraestructura y Vivienda -MICIVI-;Prestación de servicios aeroportuarios;Inscripciones y Registros;Formulario digital para solicitar la creación de la boleta de prestación de Servicios Aeroportuarios.;https://www.dgac.gob.gt/wp-content/uploads/2023/08/5-PRESTACION-DE-SERVICIOS-AEROPORTUARIOS.pdf
2560;Ministerio de Comunicaciones, Infraestructura y Vivienda -MICIVI-;Solicitud de Examen Teórico;Inscripciones y Registros;Solicitud Virtual del Examen Teórico;https://www.dgac.gob.gt/wp-content/uploads/2023/08/MPF-LIC-111-SOLICITUD-DE-EXAMEN-TEORICO-RE-EDICION-006.pdf
2563;Ministerio de Comunicaciones, Infraestructura y Vivienda -MICIVI-;Pago de estimaciones sobre costos e intereses de adquisiciones de bienes, servicios y obras de construcción;Medio Ambiente;Pago de los renglones contratos ejecutados en campo, esto en forma mensual.;https://www.caminos.gob.gt/formularios_5-2021.php
2564;Ministerio de Comunicaciones, Infraestructura y Vivienda -MICIVI-;Retiro de invasión del área de derecho de vía;Medio Ambiente;El objeto de este trámite es que en la Dirección General de Caminos, cualquier persona individual o jurídica, informe de posibles invasiones u obstáculos sobre la faja que comprende el Derecho de Vía del Estado, que transgredan las leyes especiales que regulan el Derecho de Vía del Estado, por no contar con las licencias, permisos, avales o Convenios de autorización otorgados por el director general de la Dirección General de Caminos.;https://www.caminos.gob.gt/formularios_5-2021.php
3513;Ministerio de Comunicaciones, Infraestructura y Vivienda -MICIVI-;Solicitud de Inscripción, Renovación y Cancelación de Constancias de ETM y TSIM;Comunicaciones y Transporte;Inscripción, Renovación y Cancelación de Constancias de Equipos Terminales Móviles y Tarjetas SIM de Personas Jurídicas o Individuales;https://rco.sit.gob.gt/login
3514;Ministerio de Comunicaciones, Infraestructura y Vivienda -MICIVI-;Solicitud, de número de 4 dígitos de la serie 17xx;Comunicaciones y Transporte;Medio por el cual el usuario solicita la adjudicación de un numero de 4 dígitos denominado 17XX;https://sit.gob.gt/gerencia-de-telefonia/recursos-de-telefonia/numeracion/17xx/
3515;Ministerio de Comunicaciones, Infraestructura y Vivienda -MICIVI-;Solicitud de Asignación de Recursos de Numeración;Comunicaciones y Transporte;Asignación y actualización de bloques de numeración móvil, y fija del plan nacional de numeración;https://sit.gob.gt/gerencia-de-telefonia/recursos-de-telefonia/numeracion/rangos-de-numeracion/
3516;Ministerio de Comunicaciones, Infraestructura y Vivienda -MICIVI-;Solicitud de Asignación, Renovación y Actualización de Código se Señalización Nacional (NSPC) e Internacional (ISPC);Comunicaciones y Transporte;Asignación, Renovación y actualización de Códigos de Señalización Nacional e Internacional;https://sit.gob.gt/gerencia-de-telefonia/recursos-de-telefonia/senalizacion-nacional-e-internacional/
3517;Ministerio de Comunicaciones, Infraestructura y Vivienda -MICIVI-;Solicitud de Asignación y Renovación de Numeración de Identidad Internacional de Abonado del Servicio Móvil (IMSl) y Título Global de Móvil Terrestre (TGM);Comunicaciones y Transporte;Numeración para Identidad Internacional de Abonado del Servicio Móvil (IMSI) y del Título Global de Móvil Terrestre (TGM);https://sit.gob.gt/gerencia-de-telefonia/recursos-de-telefonia/numeracion/rangos-de-numeracion/
3518;Ministerio de Comunicaciones, Infraestructura y Vivienda -MICIVI-;Solicitud de Inscripción, Modificación o actualización de Operador de Red Comercial;Comunicaciones y Transporte;Inscripción, modificación o actualización de entidades como Operador de Red Comercial;https://sit.gob.gt/gerencia-de-telefonia/operadores/operadores-de-red-comercial/
3519;Ministerio de Comunicaciones, Infraestructura y Vivienda -MICIVI-;Solicitud de Inscripción de Operador de Puerto Internacional;Comunicaciones y Transporte;Inscripción de Operador de Puerto Internacional y Operador de Red Local;https://sit.gob.gt/gerencia-de-telefonia/operadores/operadores-de-red-local/
3520;Ministerio de Comunicaciones, Infraestructura y Vivienda -MICIVI-;Solicitud de inscripción trimestral de Información de Presuscripción de Operador de Puerto Internacional -OPI-;Comunicaciones y Transporte;Inscripción trimestral de información de Presuscripción de Puerto Internacional;https://sit.gob.gt/gerencia-de-telefonia/operadores/operador-de-puerto-internacional/
3521;Ministerio de Comunicaciones, Infraestructura y Vivienda -MICIVI-;Solicitud de inscripción trimestral de Información de Tráfico de Operador de Puerto Internacional -OPI-;Comunicaciones y Transporte;Actualización trimestral de información de Tráfico de Operado de Puerto Internacional;https://sit.gob.gt/gerencia-de-telefonia/operadores/operadores-de-red-comercial/
3522;Ministerio de Comunicaciones, Infraestructura y Vivienda -MICIVI-;Solicitud de Asignación y actualización de Código de Identificación de Estación de Barco;Comunicaciones y Transporte;Asignación y Actualización de código para comunicaciones móviles para el sector marítimo;https://sit.gob.gt/gerencia-de-telefonia/operadores/operador-de-puerto-internacional/
3523;Ministerio de Comunicaciones, Infraestructura y Vivienda -MICIVI-;Solicitud de Inventario de Numeración;Comunicaciones y Transporte;Solicitud de listado de numeración asignada a operadores de red local;https://sit.gob.gt/gerencia-de-telefonia/operadores/operador-de-puerto-internacional/
3524;Ministerio de Comunicaciones, Infraestructura y Vivienda -MICIVI-;Solicitud de Inscripción de Endoso de Título de Usufructo;Comunicaciones y Transporte;Inscripción de Endoso de Título de Usufructo;https://sit.gob.gt/gerencia-de-telefonia/recursos-de-telefonia/senalizacion-nacional-e-internacional/
3525;Ministerio de Comunicaciones, Infraestructura y Vivienda -MICIVI-;Solicitud de Prórroga del Plazo del Derecho de Usufructo;Comunicaciones y Transporte;Solicitud de Renovación de prórroga del Plazo del Derecho de Usufructo;https://sit.gob.gt/download/2107/otros/1iawi-pBC2TxG3NhafXyObGzq827gpG0_/CARTA%20DE%20SOLICITUD
3526;Ministerio de Comunicaciones, Infraestructura y Vivienda -MICIVI-;Solicitud de Inventario de Frecuencias;Comunicaciones y Transporte;Solicitud de Inventario de Frecuencias;https://sit.gob.gt/download/2107/otros/1iawi-pBC2TxG3NhafXyObGzq827gpG0_/CARTA%20DE%20SOLICITUD
3527;Ministerio de Comunicaciones, Infraestructura y Vivienda -MICIVI-;Solicitud de Frecuencias Radioeléctricas en Bandas Reguladas;Comunicaciones y Transporte;Solicitud de autorización de uso de Frecuencias Radioeléctricas para Aplicaciones Terrenales en Bandas Reservadas;https://sit.gob.gt/download/2107/otros/1iawi-pBC2TxG3NhafXyObGzq827gpG0_/CARTA%20DE%20SOLICITUD
3528;Ministerio de Comunicaciones, Infraestructura y Vivienda -MICIVI-;Licencia de Operación de Proveedor de Facilidades Satelitales;Comunicaciones y Transporte;Inscripción como Proveedor de Facilidades Satelitales;https://sit.gob.gt/registro-de-telecomunicaciones/
3529;Ministerio de Comunicaciones, Infraestructura y Vivienda -MICIVI-;Licencia de Operación de Usuario de Facilidades Satelitales;Comunicaciones y Transporte;Inscripción como Usuario de Facilidades Satelitales;https://sit.gob.gt/download/2107/otros/1iawi-pBC2TxG3NhafXyObGzq827gpG0_/CARTA%20DE%20SOLICITUD
3530;Ministerio de Comunicaciones, Infraestructura y Vivienda -MICIVI-;Solicitud de Cancelación de Licencia de Operación de Proveedor o Usuario de Facilidades Satelitales;Comunicaciones y Transporte;Solicitud de autorización de uso de Frecuencias Radioeléctricas para Aplicaciones Terrenales en Bandas Reservadas;https://sit.gob.gt/gerencia-de-frecuencias/sistemas/sistema-terrenales/
3531;Ministerio de Comunicaciones, Infraestructura y Vivienda -MICIVI-;Solicitud de inscripción, renovación, actualización y cancelación en el Registro de Radioaficionados/Radio clubs en el Registro de Telecomunicaciones;Comunicaciones y Transporte;Inscripción como Proveedor de Facilidades Satelitales;https://sit.gob.gt/gerencia-de-frecuencias/sistemas/sistema-satelital/
3532;Ministerio de Comunicaciones, Infraestructura y Vivienda -MICIVI-;Solicitud de Nota de Dispensación de Homologación de Equipo Radioeléctrico;Comunicaciones y Transporte;Inscripción como Usuario de Facilidades Satelitales;https://sit.gob.gt/gerencia-de-frecuencias/sistemas/sistema-satelital/
3533;Ministerio de Comunicaciones, Infraestructura y Vivienda -MICIVI-;Solicitud de Inscripción, actualización o modificación para Operadores de Redes Inalámbricas de Área Extensa usando Baja o Muy Baja Potencia;Comunicaciones y Transporte;Solicitud de Cancelación de Licencia como Proveedor o Usuario de Facilidades Satelitales;https://sit.gob.gt/gerencia-de-frecuencias/sistemas/sistema-satelital/
3534;Ministerio de Comunicaciones, Infraestructura y Vivienda -MICIVI-;Solicitud de inscripción en el Registro de Entidades Acreditadas para la Supervisión de Uso del Espectro Radioeléctrico;Comunicaciones y Transporte;Persona individual o jurídica interesada en realizar Supervisiones del Uso del Espectro Radioeléctrico;https://sit.gob.gt/gerencia-de-frecuencias/espectro-radio-electrico/supervision-de-espectro/
3535;Ministerio de Comunicaciones, Infraestructura y Vivienda -MICIVI-;Solicitud o Renovación de autorización de Explotación de Estaciones Terrenas en Movimiento en Guatemala;Comunicaciones y Transporte;Autorización del Despliegue de Estaciones Terrenas en Movimiento;https://sit.gob.gt/gerencia-de-frecuencias/sistemas/sistema-satelital/
3536;Ministerio de Comunicaciones, Infraestructura y Vivienda -MICIVI-;Solicitud de Certificaciones;Comunicaciones y Transporte;Solicitud de inscripción, renovación, actualización y cancelación en el Registro de Radioaficionados / Radio Clubs en el Registro de Telecomunicaciones;https://sit.gob.gt/gerencia-de-frecuencias/espectro-radio-electrico/radioaficionados/
3537;Ministerio de Comunicaciones, Infraestructura y Vivienda -MICIVI-;Solicitud de Actualización de Información de Operador de Puerto Internacional;Comunicaciones y Transporte;Cargo requerido a interesados en obtener una Nota de Dispensación de Homologación;https://sit.gob.gt/gerencia-de-frecuencias/mas-informacion/dispensacion-de-homologacion/
3538;Ministerio de Comunicaciones, Infraestructura y Vivienda -MICIVI-;Solicitud de Autorización de Frecuencias Radioeléctricas en Bandas Reservadas;Comunicaciones y Transporte;Inscripción de Operador de Redes Inalámbricas de Área Extensa Usando Baja o Muy Baja Potencia, Actualización de Operador de Redes Inalámbricas de Área Extensa Usando Baja o Muy Baja Potencia y Modificación de Operador de Redes Inalámbricas de Área Extensa Usando Baja o Muy Baja Potencia;https://sit.gob.gt/riabap/
3539;Ministerio de Comunicaciones, Infraestructura y Vivienda -MICIVI-;Actualización de Información de Puerto Internacional;Comunicaciones y Transporte;Persona individual o jurídica interesada en realizar Supervisiones del Uso del Espectro Radioeléctrico;https://sit.gob.gt/gerencia-de-frecuencias/espectro-radio-electrico/supervision-de-espectro/
3540;Ministerio de Comunicaciones, Infraestructura y Vivienda -MICIVI-;Asignación y Actualización de la Serie 15XX;Comunicaciones y Transporte;Autorización del Despliegue de Estaciones Terrenas en Movimiento;https://sit.gob.gt/gerencia-de-frecuencias/sistemas/sistema-satelital/
3541;Ministerio de Comunicaciones, Infraestructura y Vivienda -MICIVI-;Prórroga de número de la serie 15XX;Comunicaciones y Transporte;Prórroga de la asignación de número 15xx;https://sit.gob.gt/download/2107/otros/1iawi-pBC2TxG3NhafXyObGzq827gpG0_/CARTA%20DE%20SOLICITUD
3544;Ministerio de Comunicaciones, Infraestructura y Vivienda -MICIVI-;Venta de productos filatélicos;Comunicaciones y Transporte;Venta de sellos postales y productos filatélicos a coleccionistas y usuarios en general, es un servicio por medio del cual se ponen a disposición los diferentes sellos postales y productos filatélicos en existencia a los coleccionistas y usuarios en general para su compra, haciendo el pago monetario respectivo de los productos adquiridos en la Sala Filatélica.;https://correosytelegrafos.civ.gob.gt/tramites-en-linea/
3554;Ministerio de Comunicaciones, Infraestructura y Vivienda -MICIVI-;Solicitud de soporte técnico para atención al usuario externo.;Seguridad;Solicitud de soporte técnico realizado por el usuario externo por algun problema en el sistema.;http://www.covial.gob.gt:1090/SICOPV1/
3555;Ministerio de Comunicaciones, Infraestructura y Vivienda -MICIVI-;Ampliación de Cobertura para Empresas Distribuidoras de Señal por Cable (Persona Individual);Comunicaciones y Transporte;Proceso iniciado por un persona individual, con el objetivo de ampliar la cobertura del servicio de distribución de señal de cable que presta a una población determinada.;http://uncosu.gob.gt/ampliacion-cobertura
3556;Ministerio de Comunicaciones, Infraestructura y Vivienda -MICIVI-;Ampliación de Cobertura para Empresas Distribuidoras de Señal por Cable( Persona Jurídica);Comunicaciones y Transporte;Proceso iniciado por una persona jurídica, con el objetivo de ampliar la cobertura del servicio de distribución de señal de cable que presta a una población determinada.;http://uncosu.gob.gt/ampliacion-cobertura
3557;Ministerio de Comunicaciones, Infraestructura y Vivienda -MICIVI-;Renovación de Autorización para Transmisión de Señales por Cable  (Persona individual);Comunicaciones y Transporte;Proceso iniciado por una persona individual con el objetivo de obtener la renovación para otro periodo de la licencia que tiene actualmente, para prestar servicio de cable a una población determinada.;http://uncosu.gob.gt/renovacion-licencia
3558;Ministerio de Comunicaciones, Infraestructura y Vivienda -MICIVI-;Renovación de Autorización para Transmisión de Señales por Cable  (Persona Jurídica);Comunicaciones y Transporte;Proceso iniciado por una persona jurídica con el objetivo de obtener renovación para otro periodo de la licencia que tiene actualmente, para prestar servicio de cable a una población determinada.;http://uncosu.gob.gt/renovacion-licencia
3559;Ministerio de Comunicaciones, Infraestructura y Vivienda -MICIVI-;Autorización de Compra-Venta de Empresas Distribuidoras de Señal por Cable;Comunicaciones y Transporte;Proceso iniciado por una persona individual o jurídica con el objetivo de obtener certificación para realizar una compra-venta de empresa distribuidora de señal de cable.;http://uncosu.gob.gt/compra-venta
3560;Ministerio de Comunicaciones, Infraestructura y Vivienda -MICIVI-;Cancelación de Licencia para Empresas Distribuidoras de Señal por Cable (Persona Individual o Jurídica);Comunicaciones y Transporte;Proceso iniciado por una persona individual o jurídica con el objetivo de obtener autorización para la cancelación de empresa distribuidora de señal de cable.;http://uncosu.gob.gt/cancelacion-empresa
3561;Ministerio de Comunicaciones, Infraestructura y Vivienda -MICIVI-;Cambio de Razón Social para Empresas Distribuidoras de Señal por Cable. (Persona individual o Jurídica);Comunicaciones y Transporte;Proceso iniciado por un persona jurídica con el objetivo de cambiar la razón social de la empresa que presta servicio de cable a una población determinada.;http://uncosu.gob.gt/cambio-razon
3562;Ministerio de Comunicaciones, Infraestructura y Vivienda -MICIVI-;Cambio de Nombre o Propietario para Empresas Distribuidoras de Señales de Cable (Persona Individual);Comunicaciones y Transporte;Proceso iniciado por una persona individual con el objetivo de que se le autorice cambiar el nombre o propietario a su empresa distribuidora de señal de cable.;http://uncosu.gob.gt/cambio-propietario
3563;Ministerio de Comunicaciones, Infraestructura y Vivienda -MICIVI-;Cambio de Nombre o Propietario para Empresas Distribuidoras de Señales de Cable   (Persona Jurídica);Comunicaciones y Transporte;Proceso iniciado por un persona juridica con el objetivo que se le autorice cambiar nombre o propietario a su empresa distribuidora de señal de cable.;http://uncosu.gob.gt/cambio-propietario
3564;Ministerio de Comunicaciones, Infraestructura y Vivienda -MICIVI-;Solicitud de subsidio para vivienda;Medio Ambiente;Proceso por el cual una persona solicita un subsidio de vivienda.;http://fopavi.gob.gt:9590/index.php/formularios-para-tramites/
3565;Ministerio de Comunicaciones, Infraestructura y Vivienda -MICIVI-;Solicitud de creación de código;Medio Ambiente;"Posterior a la aprobación de subsidios la empresa desarrolladora seleccionada deberá ingresar el
expediente para creación de código.";http://fopavi.gob.gt:9590/index.php/formularios-para-tramites/
3566;Ministerio de Comunicaciones, Infraestructura y Vivienda -MICIVI-;Solicitud de primer desembolso.;Medio Ambiente;"El representante de los beneficiarios y la empresa desarrolladora deberá ingresar solicitud para
primer desembolso.";http://fopavi.gob.gt:9590/index.php/formularios-para-tramites/
3567;Ministerio de Comunicaciones, Infraestructura y Vivienda -MICIVI-;Solicitud de segundo y/o tercer desembolso;Medio Ambiente;"El proceso por el cual el desarrollador realiza su solicitud de segundo y/o tercer desembolso, esto
después de haber cumplido con lo establecido en el Reglamento Interno del Fondo Para la
Vivienda.";http://fopavi.gob.gt:9590/index.php/formularios-para-tramites/
3568;Ministerio de Comunicaciones, Infraestructura y Vivienda -MICIVI-;Solicitud de cuarto desembolso;Medio Ambiente;"El proceso por el cual el desarrollador realiza su solicitud de cuarto desembolso, esto después de
haber cumplido con lo establecido en el Reglamento Interno del Fondo Para la Vivienda.";http://fopavi.gob.gt:9590/index.php/formularios-para-tramites/
3569;Ministerio de Comunicaciones, Infraestructura y Vivienda -MICIVI-;Solicitud de desistimiento;Medio Ambiente;Beneficiario renuncia al proyecto mas no al subsidio.;http://fopavi.gob.gt:9590/index.php/formularios-para-tramites/
3570;Ministerio de Comunicaciones, Infraestructura y Vivienda -MICIVI-;Solicitud de sustitución.;Medio Ambiente;Persona que solicita sustituir a algún beneficiario fallecido o que haya migrado.;http://fopavi.gob.gt:9590/index.php/formularios-para-tramites/
3575;Ministerio de Comunicaciones, Infraestructura y Vivienda -MICIVI-;Registro de Desalmacenaje;Comunicaciones y Transporte;Toda persona que solicite el Desalmacenaje, deberá llenar el formulario electrónico que estará disponible en la página web de la Dirección General de Radiodifusión y Televisión Nacional;https://tramites.radiotgw.gob.gt/login
3576;Ministerio de Comunicaciones, Infraestructura y Vivienda -MICIVI-;Registro de Comerciales;Comunicaciones y Transporte;Toda persona que solicite el registro de comerciales, deberá llenar el formulario electrónico que estará disponible en la página web de la Dirección General de Radiodifusión y Televisión Nacional;https://tramites.radiotgw.gob.gt/login
3577;Ministerio de Comunicaciones, Infraestructura y Vivienda -MICIVI-;Registro de Radioperiódicos, Noticieros y Programas de Comentarios;Comunicaciones y Transporte;Toda persona que solicite el registro de radioperiódicos y noticieros y programas de comentarios, deberá llenar el formulario electrónico que estará disponible en la página web de la Dirección General de Radiodifusión y Televisión Nacional.;https://tramites.radiotgw.gob.gt/login
3578;Ministerio de Comunicaciones, Infraestructura y Vivienda -MICIVI-;Registro de Técnicos en Radiocomunicación;Comunicaciones y Transporte;Toda persona que solicite el Registro de Técnico en Radiocomunicaciones, deberá llenar el formulario electrónico que estará disponible en la página web de la Dirección General de Radiodifusión y Televisión Nacional.;https://tramites.radiotgw.gob.gt/login
3579;Ministerio de Comunicaciones, Infraestructura y Vivienda -MICIVI-;Autorización de Altura Máxima Permisible;Comunicaciones y Transporte;Procedimiento para otorgamiento de Resolucion autorizando Altura Máxima Permisible;https://www.dgac.gob.gt/wp-content/uploads/2023/08/AUTORIZACION-ALTURA-MAXIMA-PERMISIBLE.pdf
3580;Ministerio de Comunicaciones, Infraestructura y Vivienda -MICIVI-;Autorización de Construcción, Operación, Actualización y/o Modificación de Pista;Comunicaciones y Transporte;AUTORIZACIÓN DE CONSTRUCCIÓN, OPERACIÓN, ACTUALIZACIÓN Y/O MODIFICACIÓN DE PISTA;https://www.dgac.gob.gt/wp-content/uploads/2023/08/Autorizacion-para-la-Construccion-y-Operacion-Actualizacion-o-modificacion-de-Pista.pdf
3581;Ministerio de Comunicaciones, Infraestructura y Vivienda -MICIVI-;Autorización de Construcción, Operación, Actualización y/o Modificación de Helipuertos;Comunicaciones y Transporte;AUTORIZACIÓN DE CONSTRUCCIÓN, OPERACIÓN, ACTUALIZACIÓN Y/O MODIFICACIÓN DE HELIPUERTOS;https://www.dgac.gob.gt/wp-content/uploads/2023/08/Autorizacion-para-la-Construccion-y-Operacion-Actualizacion-o-Modificacion-de-Helipuerto.pdf
3583;Ministerio de Comunicaciones, Infraestructura y Vivienda -MICIVI-;Reservación de Matrícula;Inscripciones y Registros;Con este trámite se inicia el procedimiento de inscripción de aeronave, el usuario lo realiza con el objeto de conservar o retener la matrícula que desea asignarle a su aeronave.;https://www.dgac.gob.gt/wp-content/uploads/2023/08/FORMULARIO-naves-13-03-2023-Ley-de-simplificacion-FINAL-18-08-23.pdf
3584;Ministerio de Comunicaciones, Infraestructura y Vivienda -MICIVI-;Cambio de arrendatario;Inscripciones y Registros;El procedimiento de inscripción de aeronave consiste en la obtención de un nuevo Certificado de Matrícula por el plazo del contrato de arrendamiento en el que aparezca un nuevo o varios arrendatarios.;https://www.dgac.gob.gt/wp-content/uploads/2023/08/FORMULARIO-naves-13-03-2023-Ley-de-simplificacion-FINAL-18-08-23.pdf
3586;Ministerio de Comunicaciones, Infraestructura y Vivienda -MICIVI-;Cesión sobre derechos de arrendamiento;Inscripciones y Registros;El procedimiento de inscripción de aeronave consiste en la obtención de un nuevo Certificado de Matrícula por el plazo del contrato de arrendamiento en el que aparezca un nuevo o varios arrendatarios.;https://www.dgac.gob.gt/wp-content/uploads/2023/08/FORMULARIO-naves-13-03-2023-Ley-de-simplificacion-FINAL-18-08-23.pdf
3588;Ministerio de Comunicaciones, Infraestructura y Vivienda -MICIVI-;Cambio de propietario;Inscripciones y Registros;Es el procedimiento por medio del cual se tramita la obtención de un nuevo certificado de matrícula, que acredita el traspaso de la aeronave.;https://www.dgac.gob.gt/wp-content/uploads/2023/08/FORMULARIO-naves-13-03-2023-Ley-de-simplificacion-FINAL-18-08-23.pdf
3589;Ministerio de Comunicaciones, Infraestructura y Vivienda -MICIVI-;Certificado de matrícula provisional vuelo ferry;Inscripciones y Registros;Este procedimiento consiste en la obtención de un Certificado de Matrícula Provisional únicamente para el traslado o internación de la aeronave de un país extranjero a Guatemala;https://www.dgac.gob.gt/wp-content/uploads/2023/08/FORMULARIO-naves-13-03-2023-Ley-de-simplificacion-FINAL-18-08-23.pdf
3590;Ministerio de Comunicaciones, Infraestructura y Vivienda -MICIVI-;Certificado de matrícula provisional por tres meses;Inscripciones y Registros;Este procedimiento consiste en la obtención de un Certificado de Matrícula Provisional por tres meses, mientras el usuario cumple con requisitos legales pendientes de cumplimiento.;https://www.dgac.gob.gt/wp-content/uploads/2023/08/FORMULARIO-naves-13-03-2023-Ley-de-simplificacion-FINAL-18-08-23.pdf
3591;Ministerio de Comunicaciones, Infraestructura y Vivienda -MICIVI-;Cambio de colores;Inscripciones y Registros;El procedimiento de cambio de colores de aeronave consiste en la obtención de un nuevo certificado de matrícula en el que aparezcan los nuevos colores de la aeronave o bien un cambio de diseño.;https://www.dgac.gob.gt/wp-content/uploads/2023/08/FORMULARIO-naves-13-03-2023-Ley-de-simplificacion-FINAL-18-08-23.pdf
3592;Ministerio de Comunicaciones, Infraestructura y Vivienda -MICIVI-;Cambio de motor (es);Inscripciones y Registros;El procedimiento de cambio de motor o motores de aeronave consiste en la obtención de una constancia y anotación del cambio de motores dentro del folio y Libro en el que se encuentra inscrita la aeronave.;https://www.dgac.gob.gt/wp-content/uploads/2023/08/FORMULARIO-naves-13-03-2023-Ley-de-simplificacion-FINAL-18-08-23.pdf
3593;Ministerio de Comunicaciones, Infraestructura y Vivienda -MICIVI-;Cambio de categoría;Inscripciones y Registros;El procedimiento de cambio de categoría de aeronave consiste en la obtención de un nuevo certificado de matrícula en el que aparezca el nuevo número de folio y libro, dependiendo del uso que se le dé a la aeronave.;https://www.dgac.gob.gt/wp-content/uploads/2023/08/FORMULARIO-naves-13-03-2023-Ley-de-simplificacion-FINAL-18-08-23.pdf
3594;Ministerio de Comunicaciones, Infraestructura y Vivienda -MICIVI-;Cambio de matrícula;Inscripciones y Registros;Este procedimiento consiste en la obtención de un nuevo certificado de matrícula, que acredita el cambio de las tres letras que identifican la matrícula de la aeronave.;https://www.dgac.gob.gt/wp-content/uploads/2023/08/FORMULARIO-naves-13-03-2023-Ley-de-simplificacion-FINAL-18-08-23.pdf
3596;Ministerio de Comunicaciones, Infraestructura y Vivienda -MICIVI-;Reposición de Certificado de Matrícula;Inscripciones y Registros;Este procedimiento consiste en la emisión de un nuevo certificado de matrícula por cualquier cambio o circunstancia que haya sufrido el certificado de matrícula anterior;https://www.dgac.gob.gt/wp-content/uploads/2023/08/FORMULARIO-naves-13-03-2023-Ley-de-simplificacion-FINAL-18-08-23.pdf
3597;Ministerio de Comunicaciones, Infraestructura y Vivienda -MICIVI-;Inscripción de Gravámenes;Inscripciones y Registros;Consiste en la obtención de una constancia y anotación del gravamen dentro del folio y Libro en el que se encuentra inscrita la aeronave.;https://www.dgac.gob.gt/wp-content/uploads/2023/08/FORMULARIO-naves-13-03-2023-Ley-de-simplificacion-FINAL-18-08-23.pdf
3600;Ministerio de Comunicaciones, Infraestructura y Vivienda -MICIVI-;Inscripción de aeronave no tripulada;Inscripciones y Registros;El procedimiento de inscripción de aeronave no tripulada, consiste en la obtención del Certificado de Distintivo UAV;https://www.dgac.gob.gt/wp-content/uploads/2023/08/FORMULARIO-DRONES-13-03-2023-Ley-de-simplificacion-FINAL-18-08-23.pdf
3601;Ministerio de Comunicaciones, Infraestructura y Vivienda -MICIVI-;Inscripción de Aeronaves. Si es persona individual o si es persona jurídica.;Inscripciones y Registros;El procedimiento de inscripción de aeronave consiste en la obtención del Certificado de Matrícula.;https://www.dgac.gob.gt/wp-content/uploads/2023/08/FORMULARIO-naves-13-03-2023-Ley-de-simplificacion-FINAL-18-08-23.pdf
3602;Ministerio de Comunicaciones, Infraestructura y Vivienda -MICIVI-;Inscripción de Aeronaves por contrato de arrendamiento;Inscripciones y Registros;El procedimiento de inscripción de aeronave consiste en la obtención del Certificado de Matrícula por el plazo del contrato de arrendamiento.;https://www.dgac.gob.gt/wp-content/uploads/2023/08/FORMULARIO-naves-13-03-2023-Ley-de-simplificacion-FINAL-18-08-23.pdf
3608;Ministerio de Comunicaciones, Infraestructura y Vivienda -MICIVI-;Solicitud de certificación de licencia;Inscripciones y Registros;El interesado solicitará una certificación de la licencia técnica.;https://www.dgac.gob.gt/wp-content/uploads/2023/08/MPF-LIC-130-SOLICITUD-DE-CERTIFICACION-RE-EDICION-006.pdf
3609;Ministerio de Comunicaciones, Infraestructura y Vivienda -MICIVI-;Vuelo solo/vuelo solo de travesía;Inscripciones y Registros;El interesado solicitará autorizaión para realizar el primer vuelo solo o vuelo solo de travesia;https://www.dgac.gob.gt/wp-content/uploads/2023/08/DGAC-LIC-120-FORMULARIO-VUELO-SOLO-RE-EDICION-006.pdf
3610;Ministerio de Comunicaciones, Infraestructura y Vivienda -MICIVI-;Solicitud de aprobación/autorización/ permiso especial (vuelo ferry);Inscripciones y Registros;Permiso de vuelo especial que emite la DGAC ante la pérdida temporal de la validez del certificado de aeronavegabilidad siendo capaz de volar de forma segura en condiciones determinadas, se realiza sin pasajeros, carga y/o correo.;https://www.dgac.gob.gt/wp-content/uploads/2023/08/FORMA-DGAC-GVSO-800-SOLICITUD-DE-APROBACION-AUTORIZACION-PERMISO-DE-VUELO-ESPECIAL.pdf
3611;Ministerio de Comunicaciones, Infraestructura y Vivienda -MICIVI-;Dictamen técnico Aeronave No Tripulada;Inscripciones y Registros;Determinar si una aeronave no tripulada es objeto de inscripción ante aeronáutica civil;https://www.dgac.gob.gt/wp-content/uploads/2023/08/SOLICITUD-DE-DICTAMEN-TECNICO-AERONAVE-PILOTADAS-A-DISTANCIA-RPA.pdf
3612;Ministerio de Comunicaciones, Infraestructura y Vivienda -MICIVI-;Permiso Especial de Operación Aeronave No Tripulada;Inscripciones y Registros;Otorgamiento de un permiso especial de operación para aeronaves no tripuladas;https://www.dgac.gob.gt/wp-content/uploads/2023/08/SOLICITUD-DE-OPERACION-ESPECIAL-DE-AERONAVE-PILOTADA-A-DISTANCIA-RPA.pdf
3613;Ministerio de Comunicaciones, Infraestructura y Vivienda -MICIVI-;Solicitud de Certificado de aeronavegabilidad para la exportación de productos aeronáuticos;Inscripciones y Registros;"Certificado que emite la DGAC para certificar que:  El producto aeronáutico a exportar cumple a la fecha de emisión de este certificado con los estándares de aeronavegabilidad establecidos en RAC 21 Sub parte L, que se encuentra:
- Conforme con su Certificado de Tipo y en condiciones seguras para su operación.
- El producto aeronáutico satisface los requisitos especiales del país importador.
- Este Certificado de Aeronavegabilidad de Exportación no autoriza la operación del producto.";https://www.dgac.gob.gt/wp-content/uploads/2023/08/CERTIFICADOS-DE-AERONAVEGABILIDAD-PARA-LA-EXPORTACION-DE-PRODUCTOS-AERONAUTICOS.pdf
3614;Ministerio de Comunicaciones, Infraestructura y Vivienda -MICIVI-;Solicitud para emisión de contraseña de pago, arrendamiento y otros servicios;Inscripciones y Registros;Solicitar Contraseña de Pago de Arrendamiento y Otros Servicios;https://www.dgac.gob.gt/wp-content/uploads/2023/08/1-FORMULARIO-CONSTRASENA-SIMPLIFICACION-ARRENDAMIENTOS-Y-OTROS-SERVICIOS.pdf
3615;Ministerio de Comunicaciones, Infraestructura y Vivienda -MICIVI-;Solicitud de estado de cuenta Certificado;Inscripciones y Registros;Solicitar el estado de cuenta, mediante el cual se evidencia el pago y saldo pendiente de los Servicios Aeroportuarios y de Arrendamiento.;https://www.dgac.gob.gt/wp-content/uploads/2023/08/2-FORMATO-SOLICITUD-ESTADO-DE-CUENTA.pdf
3616;Ministerio de Comunicaciones, Infraestructura y Vivienda -MICIVI-;Solicitud para emisión de contraseña de pago de otros rubros.;Inscripciones y Registros;Solicitar  la Contraseña de Pago de Otros Rubros;https://www.dgac.gob.gt/wp-content/uploads/2023/08/3-FORMULARIO-OTROS-RUBROS-TESORERIA.pdf
3617;Ministerio de Comunicaciones, Infraestructura y Vivienda -MICIVI-;Solicitud de emisión de solvencia financiera.;Inscripciones y Registros;Solicitar la Solvencia Financiera que permite al usuario realizar otros trámites en DGAC y son emitidas para: Emisión y renovación de COA Certificado de Operador Aéreo y CO Certificado Operativo, Emisión y renovación de Certificado de Explotador Aéreo, Renovación de contratos de Hangar, Local y otros.;https://www.dgac.gob.gt/wp-content/uploads/2023/08/4-FORMULARIO-SOLICITUD-SOLVENCIA.pdf
3618;Ministerio de Comunicaciones, Infraestructura y Vivienda -MICIVI-;Solicitud para Sobrevuelo y/o aterrizaje en el territorio de Guatemala GNAA 001;Inscripciones y Registros;Con este tramite se inicia el procedimiento del ingreso de una aeronave matricula extranjera (aviación general) a territorio guatemalteco (por un período de 15 dias).;https://www.dgac.gob.gt/wp-content/uploads/2023/08/SOLICITUD-DE-SOBREVUELO-ATERRIZAJE-EN-EL-TERRITORIO-DE-GUATEMALA-FORMA-GNA001.pdf
3619;Ministerio de Comunicaciones, Infraestructura y Vivienda -MICIVI-;Permiso especial de vuelo y/o internación para aeronaves matrícula extranjera GNA 002;Inscripciones y Registros;Con este tramite se da el permiso  para volar dentro del territorio guatemalteco a las aeronaves de aviación general con matrícula extranjera por un período de 15 dias.;https://www.dgac.gob.gt/wp-content/uploads/2023/08/SOLICITUD-DE-INTERNACION-EN-EL-TERRITORIO-DE-GUATEMALA-FORMA-GNA002.pdf
3620;Ministerio de Comunicaciones, Infraestructura y Vivienda -MICIVI-;Permiso especial de vuelo para aeronaves matrícula extranjera GNA 003;Inscripciones y Registros;Con este tramite se autoriza a las aeronaves matricula extranjera, volar en territorio guatemalteco por el termino de 3 meses.  Tanto para aeronaves que tienen como base Guatemala omo las que se internaran temporalmente el territorio guatemalteco.;https://www.dgac.gob.gt/wp-content/uploads/2023/08/PERMISO-ESPECIAL-DE-VUELO-PARA-AERONAVES-CON-MATRICULA-EXTRANJERA-POR-3-TRES-MESES-FORMA-GNA003.pdf
3622;Ministerio de Comunicaciones, Infraestructura y Vivienda -MICIVI-;Certificaciones o constancias;Inscripciones y Registros;Este procedimiento consiste en dar fe pública a través de la emisión de una Certificación que contenga los datos contenidos en la inscripción asentada en el Libro correspondiente;https://www.dgac.gob.gt/wp-content/uploads/2023/08/FORMULARIO-naves-13-03-2023-Ley-de-simplificacion-FINAL-18-08-23.pdf
3648;Ministerio de Comunicaciones, Infraestructura y Vivienda -MICIVI-;Licencia de transporte extraurbano de pasajeros por carretera;Comunicaciones y Transporte;Licencia extendida a personas jurídicas o individuales por medio de la cual se autoriza prestar los servicios de transporte extraurbano de pasajeros por carretera;https://dgt.gob.gt/formularios/
3658;Ministerio de Comunicaciones, Infraestructura y Vivienda -MICIVI-;Reposición de documentos;Inscripciones y Registros;Para obtener la reposición de documentos, el porteador deberá llenar y presentar formulario de solicitud ante la Dirección;https://dgt.gob.gt/formularios/
3684;Ministerio de Comunicaciones, Infraestructura y Vivienda -MICIVI-;Cambio número de motor y/o chasis;Comunicaciones y Transporte;Para obtener la autorización del cambio de motor y/o chasis el porteador deberá llenar y presentar formulario de solicitud ante la Dirección;https://dgt.gob.gt/formularios/
3686;Ministerio de Comunicaciones, Infraestructura y Vivienda -MICIVI-;Cambio de color y/o placa;Comunicaciones y Transporte;Para obtener la autorización de cambio de color y/o placa, el porteador deberá llenar y presentar formulario de solicitud ante la Dirección;https://dgt.gob.gt/formularios/
3689;Ministerio de Comunicaciones, Infraestructura y Vivienda -MICIVI-;Rectificación de datos;Comunicaciones y Transporte;Para obtener la rectificación de datos, el porteador deberá llenar y presentar formulario de solicitud ante la Dirección;https://dgt.gob.gt/formularios/
3695;Ministerio de Comunicaciones, Infraestructura y Vivienda -MICIVI-;Unificación de horarios de licencias de transporte extraurbano de pasajeros por carretera y/o cambio de categoría;Comunicaciones y Transporte;Para obtener la autorización de horarios de licencias de transporte extraurbano de pasajeros por carretera y/o cambio de categoría el porteador deberá llenar y presentar formulario de solicitud ante la Dirección;https://dgt.gob.gt/formularios/
3701;Ministerio de Comunicaciones, Infraestructura y Vivienda -MICIVI-;Modificación / aumento de horarios y/o vehículos en licencia de transporte extraurbano de pasajeros por carretera;Comunicaciones y Transporte;Para obtener la autorización de modificación / aumento de horarios y/o vehículos en licencia de transporte extraurbano de pasajeros por carretera, el porteador deberá llenar y presentar formulario de solicitud ante la Dirección;https://dgt.gob.gt/formularios/
3761;Ministerio de Comunicaciones, Infraestructura y Vivienda -MICIVI-;Solicitud de Numeración 1-800 cobro Revertido Internacional Saliente;Comunicaciones y Transporte;Asignación de recurso de numeración de la serie 1-800;https://sit.gob.gt/gerencia-de-telefonia/recursos-de-telefonia/numeracion/1-800-xxx-xxxx/
3762;Ministerio de Comunicaciones, Infraestructura y Vivienda -MICIVI-;Solicitud de Numeración 1-801;Comunicaciones y Transporte;Asignación de recurso de numeración de la serie 1-801;https://sit.gob.gt/gerencia-de-telefonia/recursos-de-telefonia/numeracion/1-800-xxx-xxxx/
1077;Ministerio de Cultura y Deportes -MCD-;Evaluación de Conservación de Bienes;Educación, Cultura y Deporte;Solicitud de Evaluación del Estado de Conservación de Bienes Culturales Muebles, formulario E1;https://mcd.gob.gt/tramites-y-servicios/
1078;Ministerio de Cultura y Deportes -MCD-;Formulario B - Trabajos menores y de mantenimiento de bienes inmuebles patrimoniales de Guatemala;Medio Ambiente;Atender solicitudes de trabajos que se caracterizan por ser de sencilla técnica de intervención y fácil ejecución. Consiste en la restauración y/o reparación de acabados más aplicación de pintura, restauración y/o bienes muebles.;https://mcd.gob.gt/tramites-espectaculos-publicos/
1079;Ministerio de Cultura y Deportes -MCD-;Remodelación e Integración de Bienes Inmuebles;Medio Ambiente;Solicitud para proyectos de remodelación e integración de bienes inmuebles patrimoniales de Guatemala (Formulario C);https://mcd.gob.gt/tramites-y-servicios/
1080;Ministerio de Cultura y Deportes -MCD-;Proyectos de Restauración de Bienes Inmuebles Patrimoniales;Medio Ambiente;Solicitud para Proyectos de Restauración e intervención de Bienes Inmuebles Patrimoniales de Guatemala (Formulario D);https://mcd.gob.gt/tramites-y-servicios/
1082;Ministerio de Cultura y Deportes -MCD-;Trabajos de Restauración en el Cementerio General de la Ciudad de Guatemala.;Educación, Cultura y Deporte;Atender solicitudes de intervención en bienes culturales ubicados en el Cementerio General de la Ciudad de Guatemala. Genera Opinión Técnica, Dictamen Técnico y Resolución de la Dirección General del Patrimonio Cultural y Natural.;https://mcd.gob.gt/tramites-y-servicios/
1083;Ministerio de Cultura y Deportes -MCD-;Trabajos Menores y de Mantenimiento en el Cementerio General de la Ciudad de Guatemala.;Educación, Cultura y Deporte;Atender solicitudes de intervención en bienes culturales ubicados en el Cementerio General de la Ciudad de Guatemala. Genera Opinión Técnica, Dictamen Técnico y Resolución de la Dirección General del Patrimonio Cultural y Natural.;https://mcd.gob.gt/tramites-y-servicios/
1084;Ministerio de Cultura y Deportes -MCD-;Trabajos de ampliación y de obra nueva en el Cementerio General de la Ciudad de Guatemala.;Educación, Cultura y Deporte;Atender solicitudes de intervención en bienes culturales ubicados en el Cementerio General de la Ciudad de Guatemala. Genera Opinión Técnica, Dictamen Técnico y Resolución de la Dirección General del Patrimonio Cultural y Natural.;https://mcd.gob.gt/tramites-y-servicios/
1086;Ministerio de Cultura y Deportes -MCD-;Investigación Arqueológica;Educación, Cultura y Deporte;Procedimiento para  la autorización de investigaciones arqueológicas, tomando como base el Reglamento de Investigación Arqueológica y Disciplinas Afines y la normativa legal vigente.;https://mcd.gob.gt/tramites-y-servicios/
1087;Ministerio de Cultura y Deportes -MCD-;Proyectos de salvamento arqueológico;Educación, Cultura y Deporte;"Dentro de las disposiciones el Acuerdo Ministerial No. 001-2012; Reglamento de Investigación Arqueológica y Disciplinas Afines, en el artículo 6, contemplan 7 modalidades de investigación arqueológica; siendo una de ellas, la de intervención de";https://mcd.gob.gt/tramites-y-servicios/
1088;Ministerio de Cultura y Deportes -MCD-;Evaluación de Restauración, Construcción o Remodelación de Bienes Inmuebles;Medio Ambiente;Solicitud para la Evaluación de Restauración, Construcción o Remodelación de Bienes Inmuebles Patrimoniales de Guatemala (Formulario A);https://mcd.gob.gt/tramites-y-servicios/
1089;Ministerio de Cultura y Deportes -MCD-;Evaluación del estado de conservación de los bienes.;Educación, Cultura y Deporte;Solicitud para Autorización de Proyectos de Conservación de Bienes Culturales Muebles, formulario A-1. Se evalúa el estado de conservación, se elabora un dictamen y dependiendo de la prioridad se programan intervenciones.;https://mcd.gob.gt/tramites-y-servicios/
1091;Ministerio de Cultura y Deportes -MCD-;Exoneración de cobro por ingreso a parques y sitios arqueológicos;Educación, Cultura y Deporte;Procedimiento para las solicitudes de exoneración dentro de los parques arqueológicos a cargo del departamento de monumentos prehispánicos y coloniales DEMOPRE.;https://mcd.gob.gt/tramites-y-servicios/
1092;Ministerio de Cultura y Deportes -MCD-;Autorización para filmaciones, grabaciones y fotografías dentro de los parques y sitios arqueológicos;Educación, Cultura y Deporte;Procedimiento para las solicitudes de  filmación dentro de los parques arqueológicos a cargo del departamento de monumentos prehispánicos y coloniales DEMOPRE.;https://mcd.gob.gt/tramites-y-servicios/
1094;Ministerio de Cultura y Deportes -MCD-;Ceremonias espirituales mayas en los parques y sitios arqueológicos;Educación, Cultura y Deporte;Solicitud de autorización para practicar ceremonias espirituales de la cultura maya en los sitios arqueológicos dentro del Parque Arqueológico Yaxha Nakum Naranjo bajo la Administración del Ministerio de Cultura y Deportes;https://mcd.gob.gt/tramites-y-servicios/
1095;Ministerio de Cultura y Deportes -MCD-;Declaratoria de Patrimonio Cultural Intangible de la Nación;Educación, Cultura y Deporte;Solicitud de Declaratoria de Patrimonio Cultural Intangible de la Nación;https://mcd.gob.gt/tramites-y-servicios/
1096;Ministerio de Cultura y Deportes -MCD-;Identificación, verificación, georreferenciación y mapeo de lugares sagrados;Educación, Cultura y Deporte;Los lugares sagrados, construidos o naturales, son espacios inherentes al PCI  donde los pueblos indígenas realizan sus ceremonias ancestrales de espiritualidad maya, xinka y garífuna.;https://mcd.gob.gt/tramites-y-servicios/
1098;Ministerio de Cultura y Deportes -MCD-;Asistencia técnica en las artesanías por medio de capacitaciones y registro en pueblos de Guatemala;Educación, Cultura y Deporte;Solicitud de Asistencia técnica en los diferentes campos de las artesanías por medio de capacitaciones y registro de artesanos de los 4 pueblos de Guatemala: maya, xinca, garífuna y mestizo.;https://mcd.gob.gt/tramites-y-servicios/
1099;Ministerio de Cultura y Deportes -MCD-;Solicitud de Registro de Bienes Culturales Muebles;Educación, Cultura y Deporte;Solicitud de Registro de Bienes Culturales Muebles, formulario R-1. Consiste en la inscripción de los bienes culturales muebles en el Departamento de Registro de Bienes Culturales.;https://mcd.gob.gt/tramites-y-servicios/
1100;Ministerio de Cultura y Deportes -MCD-;Registro de bienes culturales inmuebles, sitios y lugares sagrados (R2);Medio Ambiente;Solicitud de Registro de bienes culturales inmuebles, sitios y lugares sagrados;https://mcd.gob.gt/tramites-y-servicios/
1101;Ministerio de Cultura y Deportes -MCD-;Certificación de Bienes Culturales Inmuebles para el otorgamiento de licencias de construcción o investigadores (R3);Medio Ambiente;Solicitud de Certificación Bienes Culturales Inmuebles;https://mcd.gob.gt/tramites-y-servicios/
1102;Ministerio de Cultura y Deportes -MCD-;Constancia de Bienes Muebles para solicitudes de exportación e importación;Educación, Cultura y Deporte;Solicitud de exportación de bienes culturales, en resguardo de la Dirección de Museos y Centros Culturales del Ministerio de Cultura y Deportes (Formulario DTMCC 03), Consiste en emitir un documento que acredite que los bienes en referencia no constituyen parte del patrimonio cultural de la nación.;https://mcd.gob.gt/tramites-y-servicios/
1103;Ministerio de Cultura y Deportes -MCD-;Traspaso de Bienes Culturales;Educación, Cultura y Deporte;Solicitud de Traspaso de Bienes Culturales Muebles, formulario R-5. Consiste en efectuar la anotación en la inscripción de un bien cultural mueble, sobre el cambio de propietario o poseedor del mismo.;https://mcd.gob.gt/tramites-y-servicios/
1104;Ministerio de Cultura y Deportes -MCD-;Certificación Bienes Culturales;Educación, Cultura y Deporte;Consiste en emitir una certificación de inscripción de un bien cultural mueble, formulario R-6, que se encuentre inscrito en el Departamento de Registro de Bienes Culturales;https://mcd.gob.gt/tramites-y-servicios/
1105;Ministerio de Cultura y Deportes -MCD-;Certificación de Bienes Culturales Inmuebles para investigadores (R7);Medio Ambiente;Consiste en emitir una certificación de inscripción de un bien cultural inmueble, que se encuentre inscrito en el Departamento de Registro de Bienes Culturales.;https://mcd.gob.gt/tramites-y-servicios/
1106;Ministerio de Cultura y Deportes -MCD-;Registro de bienes culturales de proyectos arqueológicos (R8);Medio Ambiente;Solicitud de Registro de bienes culturales para Proyectos Arqueológicos;https://mcd.gob.gt/tramites-y-servicios/
1108;Ministerio de Cultura y Deportes -MCD-;acervo bibliográfico patrimonial del Fondo Antiguo de la Biblioteca Nacional de Guatemala;Educación, Cultura y Deporte;Acceso al acervo bibliográfico patrimonial del Fondo Antiguo de Biblioteca Nacional De Guatemala “Luis Cardoza y Aragón”;https://mcd.gob.gt/tramites-y-servicios/
1109;Ministerio de Cultura y Deportes -MCD-;Documentos Bibliográficos y Hemerográficos;Educación, Cultura y Deporte;Certificación de documentos bibliográficos y hemerográficos;https://mcd.gob.gt/tramites-y-servicios/
1110;Ministerio de Cultura y Deportes -MCD-;Servicio de acceso a información de la Hemeroteca Nacional de Guatemala;Educación, Cultura y Deporte;Servicio de acceso a información contenida en material hemerográfico de la Hemeroteca Nacional De Guatemala, Carta de Solicitud Dirigida a la Jefatura;https://mcd.gob.gt/tramites-y-servicios/
1111;Ministerio de Cultura y Deportes -MCD-;Exoneración de cobro de ingreso a museos y centros culturales;Educación, Cultura y Deporte;Solicitud de Exoneración del Cobro de Ingreso a Museos y Centros Culturales;https://mcd.gob.gt/tramites-y-servicios/
1113;Ministerio de Cultura y Deportes -MCD-;Solicitud para Eventos Nacionales y Extranjeros;Educación, Cultura y Deporte;Solicitud de autorización de Establecimientos que presentan Espectáculos Públicos en todo el Territorio (Eventos Nacionales y Extranjeros);https://mcd.gob.gt/tramites-espectaculos-publicos/
1114;Ministerio de Cultura y Deportes -MCD-;Licencia para Centros Nocturnos;Educación, Cultura y Deporte;Solicitud de autorización de espectáculo público (Centro nocturno);https://mcd.gob.gt/tramites-espectaculos-publicos/
1115;Ministerio de Cultura y Deportes -MCD-;Autorización Obras de teatro;Educación, Cultura y Deporte;Solicitud de autorización de espectáculo público (Obras de teatro);https://mcd.gob.gt/tramites-espectaculos-publicos/
1116;Ministerio de Cultura y Deportes -MCD-;Licencia de espectáculos públicos (circos nacionales);Educación, Cultura y Deporte;Autorización de licencia a Establecimientos que presentan Espectáculos Públicos bajo un edificio o recinto cubierto por una carpa en el realizan presentaciones artisticas en el que intervienen payasos, acróbatas, ejercicio de magia etc;https://mcd.gob.gt/tramites-espectaculos-publicos/
1117;Ministerio de Cultura y Deportes -MCD-;Licencia para Circos Extranjeros;Educación, Cultura y Deporte;Solicitud de autorización de espectáculo público (Circos Extranjeros);https://mcd.gob.gt/tramites-espectaculos-publicos/
1118;Ministerio de Cultura y Deportes -MCD-;Licencia para Salas de cine;Educación, Cultura y Deporte;Solicitud de autorización de espectáculo público (Sala de cine);https://mcd.gob.gt/tramites-espectaculos-publicos/
1119;Ministerio de Cultura y Deportes -MCD-;Carta de Aforo;Educación, Cultura y Deporte;Solicitud de Carta de Aforo;https://mcd.gob.gt/tramites-espectaculos-publicos/
1121;Ministerio de Cultura y Deportes -MCD-;Clasificación de Material Audiovisual y Fílmico;Educación, Cultura y Deporte;Solicitud de Clasificación de Material Audiovisual y Fílmico;https://mcd.gob.gt/tramites-y-servicios/
1128;Ministerio de Cultura y Deportes -MCD-;Apoyo a Artistas Independientes.;Educación, Cultura y Deporte;Solicitud de Apoyo a Artistas Independientes.;https://mcd.gob.gt/tramites-formacion-artistica/
1131;Ministerio de Cultura y Deportes -MCD-;Publicaciones Socioculturales;Educación, Cultura y Deporte;Define las acciones y directrices de orden técnico necesarias para la publicación de investigaciones, estudios, obras literarias, guías, inventarios, catálogos, compendios u otros documentos de lectura sobre información sociocultural.;https://mcd.gob.gt/tramites-y-servicios/
1134;Ministerio de Cultura y Deportes -MCD-;Uso de  (canchas) en los centros deportivos y recreativos;Salud;Solicitud de espacios en canchas, de las diferentes áreas del Centro Deportivo y Recreativo.;https://mcd.gob.gt/tramites-y-servicios/
1135;Ministerio de Cultura y Deportes -MCD-;Inscripción a Academias Deportivas y Recreativas;Educación, Cultura y Deporte;Inscripción de academias deportivas para aprendizaje de diferentes disciplinas deportivas y recreativas.;https://mcd.gob.gt/tramites-y-servicios/
1136;Ministerio de Cultura y Deportes -MCD-;Actividades deportivas y recreativas.;Salud;"Solicitud para la realización de actividades recreativas y deportivas a través de 10 programas sustantivos: 
niñez, juventud, mujer, adulto laboral, adulto mayor, capacidades especiales, festivales, eventos especiales, juego de pelota maya.";https://mcd.gob.gt/tramites-y-servicios/
1137;Ministerio de Cultura y Deportes -MCD-;Implementación deportiva y recreativa.;Educación, Cultura y Deporte;Solicitud par la dotación de implementación deportiva y recreativa de manera gratuita a personas particulares, organizaciones sociales y deportivas de tipo comunitario, municipal, departamental y regional, legalmente constituidas o no.;https://mcd.gob.gt/tramites-y-servicios/
1139;Ministerio de Cultura y Deportes -MCD-;Inscripción de mascotas;Educación, Cultura y Deporte;"Solicitud de carne de autorizacion para el ingreso de la mascota del usuario 
SERVICIO GRATUITO PRESTADO A LA POBLACION PARA QUE PUEDAN REALIZAR SUS ACTIVIDADES FISICO RECREATIVAS EN UN AMBIENTE AMIGABLE CON LOS ANIMALES";https://mcd.gob.gt/tramites-y-servicios/
2720;Ministerio de Cultura y Deportes -MCD-;"Uso de la Gran Sala ""Efraín Recinos"" del Teatro Nacional";Educación, Cultura y Deporte;"Solicitud de uso de las instalaciones para la realización de eventos artísticos y culturales en la Gran Sala ""Efraín Recinos"" del Centro Cultural ""Miguel Ángel Asturias"".";https://mcd.gob.gt/tramites-y-servicios/
2721;Ministerio de Cultura y Deportes -MCD-;"Solicitud de uso de las instalaciones para la realización de eventos artísticos y culturales, ""Hugo Carrillo"" CCMAA";Educación, Cultura y Deporte;Solicitud de uso de instalaciones para eventos artísticos y culturales.;https://mcd.gob.gt/tramites-y-servicios/
2722;Ministerio de Cultura y Deportes -MCD-;Solicitud de uso de las instalaciones para la realización de eventos artísticos y culturales en los Salones de ensayo Teatro de Bellas Artes;Educación, Cultura y Deporte;Solicitud de uso de instalaciones para eventos artísticos y culturales.;https://mcd.gob.gt/tramites-y-servicios/
2723;Ministerio de Cultura y Deportes -MCD-;"Solicitud de uso de las instalaciones para la realización de eventos artísticos y culturales, Teatro al Aire Libre ""Otto René Castillo"" CCMAA";Educación, Cultura y Deporte;Solicitud de uso de instalaciones para eventos artísticos y culturales.;https://mcd.gob.gt/tramites-y-servicios/
2724;Ministerio de Cultura y Deportes -MCD-;Solicitud de uso de las instalaciones para la realización de eventos artísticos y culturales, Otros espacions CCMA;Educación, Cultura y Deporte;Solicitud de uso de instalaciones para eventos artísticos y culturales.;https://mcd.gob.gt/tramites-y-servicios/
2725;Ministerio de Cultura y Deportes -MCD-;Solicitud de uso de las instalaciones para la realización de eventos artísticos y culturales en la sala principal Teatro de Bellas Artes;Educación, Cultura y Deporte;Solicitud de uso de instalaciones para eventos artísticos y culturales.;https://mcd.gob.gt/tramites-y-servicios/
2726;Ministerio de Cultura y Deportes -MCD-;Solicitud de uso de las instalaciones para la realización de eventos artísticos y culturales, Galería Efraín Recinos CCMAA;Educación, Cultura y Deporte;Solicitud de uso de instalaciones para eventos artísticos y culturales.;https://mcd.gob.gt/tramites-y-servicios/
2727;Ministerio de Cultura y Deportes -MCD-;Autorización de cambio de uso para Bienes Inmuebles.;Educación, Cultura y Deporte;Solicitud de Autorización de cambio de uso para Bienes Culturales Inmuebles.;https://mcd.gob.gt/tramites-y-servicios/
2728;Ministerio de Cultura y Deportes -MCD-;Inscripción de Restauradores;Educación, Cultura y Deporte;Solicitud para Inscripción de Restauradores de Bienes Muebles, formulario I1;https://mcd.gob.gt/tramites-y-servicios/
2729;Ministerio de Cultura y Deportes -MCD-;Constancia de Bienes Muebles;Educación, Cultura y Deporte;Solicitud de Constancia de Bienes Muebles, formulario (R-4).;https://mcd.gob.gt/tramites-y-servicios/
2730;Ministerio de Cultura y Deportes -MCD-;Uso de Salones de Museos o Centros Culturales;Educación, Cultura y Deporte;Solicitud para utilización de salones de Museos o Centros Culturales;https://mcd.gob.gt/tramites-y-servicios/
2739;Ministerio de Cultura y Deportes -MCD-;Actividades Culturales;Educación, Cultura y Deporte;Apoyo a Actividades Culturales en cualquier lugar de la República de Guatemala;https://mcd.gob.gt/tramites-y-servicios/
2741;Ministerio de Cultura y Deportes -MCD-;Autorización de Conferencias;Medio Ambiente;Solicitud de autorización de espectáculo público (Conferencias);https://mcd.gob.gt/tramites-espectaculos-publicos/
2742;Ministerio de Cultura y Deportes -MCD-;Inscripción en Centros Educativos Artísticos;Educación, Cultura y Deporte;Permite la inscripción en conservatorios, escuelas de arte, música y danza a cargo del Ministerio de Cultura y Deportes;https://mcd.gob.gt/tramites-y-servicios/
1141;Ministerio de Desarrollo Social -MIDES-;Formulario web para el ingreso del Programa Social Bono Social;Educación, Cultura y Deporte;Formulario electrónico que permite realizar la solicitud para el ingreso del programa Bono Social, que consiste en una asistencia financiera a las personas titulares de familias en condición de pobreza y pobreza extrema a través de una cuenta bancaria.;https://tramites.mides.gob.gt/Vista/Solicitud/ProgramasSociales/frmSolicitudBeneficio.aspx
1145;Ministerio de Desarrollo Social -MIDES-;Formulario web para el ingreso del programa social Jovenes Protagonistas.;Educación, Cultura y Deporte;Formulario electrónico que permite realizar la solicitud para el ingreso del programa Jovenes Protagonistas, el cual se enfoca y promueve la participación de adolescentes y jóvenes en situación de vulnerabilidad y riesgo social por su condición de pobreza, a través de un proceso de educación.;https://tramites.mides.gob.gt/Vista/Solicitud/ProgramasSociales/frmSolicitudBeneficio.aspx
1146;Ministerio de Desarrollo Social -MIDES-;Formulario web para el ingreso del Programa Bolsa de Alimentos;Educación, Cultura y Deporte;Formulario electrónico que permite realizar la solicitud para el ingreso del programa Bolsa de Alimentos.;https://tramites.mides.gob.gt/Vista/Solicitud/ProgramasSociales/frmSolicitudBeneficio.aspx
2385;Ministerio de Desarrollo Social -MIDES-;Formulario web para el ingreso del programa Beca Social Educación Media.;Educación, Cultura y Deporte;Formulario electrónico que permite realizar la solicitud para el ingreso del programa Beca Social Educación Media dirigida a adolescentes y jóvenes de 11 a 24 años, que por su situación de pobreza o pobreza extrema, tienen limitaciones en la continuidad de estudios en el nivel de educación media.;https://tramites.mides.gob.gt/Vista/Solicitud/ProgramasSociales/frmSolicitudBeneficio.aspx
2386;Ministerio de Desarrollo Social -MIDES-;Formulario web para el ingreso del programa social Beca Social Artesano.;Educación, Cultura y Deporte;Formulario electrónico que permite realizar la solicitud para el ingreso del programa Beca Social Artesano dirigida a personas mayores de edad preferentemente a mujeres del área rural y urbano marginal que se encuentran en situación de pobreza o pobreza extrema.;https://tramites.mides.gob.gt/Vista/Solicitud/ProgramasSociales/frmSolicitudBeneficio.aspx
2622;Ministerio de Desarrollo Social -MIDES-;Formulario web para el ingreso del programa social Beca Social Educación Superior.;Educación, Cultura y Deporte;Formulario electrónico que permite realizar la solicitud para el ingreso del programa Beca Social Educación Superior, dirigida a jóvenes de 16 a 28 años, que por su situación de pobreza o pobreza extrema, tienen limitaciones para la permanencia y continuidad de estudios en el nivel de educación superior.;https://tramites.mides.gob.gt/Vista/Solicitud/ProgramasSociales/frmSolicitudBeneficio.aspx
1150;Ministerio de Economía -MINECO-;Autorización, Reposición o Actualización del Libro de Quejas.;Economía;El libro de quejas garantiza el derecho de reclamo del consumidor y todo proveedor debe ponerlo a disposición de los consumidores y usuarios (Artículo 17, de la Ley de Protección al Consumidor y Usuario Decreto 06-2003 del Congreso de la República de Guatemala). El trámite del libro de quejas tiene un costo de Q 50.00 si es un libro nuevo o, si es de reposición, tiene un costo de Q 100.00.;https://www.diaco.gob.gt/?option=com_content&view=article&id=504
1151;Ministerio de Economía -MINECO-;Capacitaciones, Seminarios y Asesorías al Consumidor y Proveedor;Economía;El programa de capacitación permite trasladar información acerca de los derechos y obligaciones de los consumidores y usuarios (artículos 4 y 5 de la Ley de Protección al Consumidor y Usuario. Decreto 06-2003 del Congreso de la República de Guatemala). Este trámite se realiza a través de una solicitud electrónica en línea.  Este trámite está enfocado a que los consumidores y proveedores efectúen sus solicitudes de capacitación, obteniendo una respuesta más ágil y pronta a su solicitud realizada. También permite tener una cobertura más amplia ya que se cuenta con personas capacitadas y capacitaciones en modalidad presencial y virtual, además de reducir los tiempos en programación y ejecución de la capacitación. Más personas capacitadas se beneficiarán en transacciones comerciales más sanas, permitiéndoles conocer y ejercitar sus derechos y obligaciones.;https://forms.office.com/pages/responsepage.aspx?id=DQSIkWdsW0yxEjajBLZtrQAAAAAAAAAAAAa__ejEXKlURTFFMk1OR1Q1VENOWkNGSFhKNDdTSkdXRS4u
1152;Ministerio de Economía -MINECO-;Recepción y atención de quejas del consumidor;Economía;La atención de las quejas es el proceso mediante el cual DIACO recibe y gestiona las quejas interpuestas por los consumidores en cuanto a las relaciones de consumo con proveedores, según lo normado en la Ley de Protección al Consumidor y Usuario. Decreto 06-2003 del Congreso de la República de Guatemala.;https://gestordequejas.diaco.gob.gt/queja/web
1153;Ministerio de Economía -MINECO-;Verificación de los certificados de calibración de instrumentos de medición y pesaje.;Economía;Realizar la verificación de los certificados de calibración de instrumentos de medición y pesaje, a efecto de garantizar el derecho de los consumidores y usuarios, de conformidad con el artículo 36 de la Ley de Protección al Consumidor y Usuario, del Decreto 06-2003 del Congreso de la República de Guatemala.;https://www.diaco.gob.gt/?option=com_content&view=article&id=505
1154;Ministerio de Economía -MINECO-;Aprobación y registro de contratos de adhesión;Economía;Autorización de contratos de adhesión cuyas condiciones se establecen unilateralmente por una de las partes sin que la otra persona pueda discutir o modificar su contenido en el momento de contratar (artículo 47 de la Ley de Protección al Consumidor y Usuario, del Decreto 06-2003 del Congreso de la República de Guatemala). Existen dos tipos de contratos: 1. Centros educativos Privados. 2. Establecimiento comercial.;https://www.diaco.gob.gt/?option=com_content&view=article&id=503
1156;Ministerio de Economía -MINECO-;Programa de becas de inglés;Educación, Cultura y Deporte;Fondo de Becas constituido a partir del artículo 108 del Decreto 16-2021: Ley del Presupuesto General de Ingresos y Egresos del Estado para el Ejercicio Fiscal 2022, en el cual los aspirantes podrán aplicar a las Becas de Inglés disponibles para que se capaciten en el idioma y puedan optar a un empleo que requiera del dominio del idioma inglés.;https://becasmineco.gob.gt/
1159;Ministerio de Economía -MINECO-;Acreditación de laboratorios u organismos ante la Oficina Guatemalteca de Acreditación –OGA–;Economía;Requerimiento de un organismo de evaluación de la conformidad para la atestación de tercera parte realiza por la Oficina Guatemalteca de Acreditación –OGA–, en los esquemas de ensayo, calibración, inspección, análisis clínicos y bancos de sangre, de acuerdo a una evaluación inicial o reevaluación.;https://www.oga.org.gt/descargas/
1160;Ministerio de Economía -MINECO-;Solicitud para la elaboración de una Norma Técnica Guatemalteca -COGUANOR-;Economía;Solicitud que realiza la población guatemalteca  para la elaboración o adopción de una norma técnica guatemalteca.;https://www.mineco.gob.gt/despacho-viceministerios/direccion-servicios?id=26&id2=12
1161;Ministerio de Economía -MINECO-;Solicitud de normas técnicas adoptadas por la Comisión Guatemalteca de Normas –COGUANOR–;Economía;Solicitud que realiza la población guatemalteca para obtener Normas Técnicas Guatemaltecas adoptadas por la Comisión Guatemalteca de Normas –COGUANOR–.;https://www.mineco.gob.gt/despacho-viceministerios/direccion-servicios?id=26&id2=12
1162;Ministerio de Economía -MINECO-;Calibración de equipos e instrumentos de medición;Economía;Solicitud realizada para calibrar equipos e instrumentos de medición de masa, temperatura, volumen, distancia, presión, viscosidad, electricidad, tiempo, frecuencia y otras medidas fisicoquímicas a través del Centro Nacional de Metrología –CENAME–.;https://cename.gt/calibraciones/
1163;Ministerio de Economía -MINECO-;Solicitud de Sincronización con la Hora Oficial de Guatemala;Economía;Solicitud que realizan las personas para sincronía con el servidor NTP de la hora oficial;https://cename.gt/solicitud-de-hora-oficial/
1164;Ministerio de Economía -MINECO-;Capacitación de buenas prácticas reglamentarias impartida por la Comisión Nacional de Reglamentación Técnica –CRETEC–;Economía;Solicitud que realizan los ministerios o entidades públicas para recibir capacitación y asesorías respecto a la Guía de Buenas Prácticas Reglamentarias.;https://cretec.org.gt/cursos/
1165;Ministerio de Economía -MINECO-;Solicitud de información y consultas sobre el Sistema Nacional de la Calidad;Economía;Solicitud de información acerca de normas técnicas guatemaltecas, acreditaciones, calibración de instrumentos de medición, capacitaciones en la guía de buenas prácticas reglamentarias y otras consultas relacionadas a los servicios de la infraestructura de la calidad y sus entidades.;https://ceinforma.wordpress.com/contacto/
1352;Ministerio de Educación -MINEDUC-;Emisión de Nombramientos para ocupar Puestos Docentes;Educación, Cultura y Deporte;"El proceso se remite a la emisión de acuerdos ministeriales de nombramiento en puestos docentes; previo proceso de convocatoria realizado por el Jurado Nacional de Oposición y acciones de conformación de expediente por parte del Departamento de Reclutamiento y Selección de Personal de la Dirección de Recursos Humanos.";https://www.mineduc.gob.gt/tramites/
1353;Ministerio de Educación -MINEDUC-;Certificación de Solvencia para jubilación;Trabajo;"Consiste en la metodología para presentar la solicitud de la certificación de solvencia, del personal docente, técnico, administrativo y temporal que laboraba en el Ministerio de Educación, bajo los renglones presupuestarios 011 “Personal permanente”, 021 “Personal supernumerario”, 022 “Personal por contrato” y 031 “Jornales”.  

Lo anterior, de conformidad a lo establecido en el Acuerdo Ministerial No. 341-2018, del Ministerio de Finanzas Públicas, en el que se faculta a cada Dirección de Recursos Humanos de las instituciones en donde haya laborado el trabajador civil de Estado, para verificar que se encuentra solvente y emitir la certificación de solvencia, la cual debe contener firmas y sellos de las personas responsables del manejo de los registros de la nómina de pago de sueldos, así como el visto bueno de la Dirección de Recursos Humanos o su equivalente en cada institución. 

Direcciones de Departamentales de Educación 

Direcciones de Planta Central 

Delegación de Recursos Humanos Planta Central 

Unidad Interna de Recursos Humanos –DIREH- 

Jurado Nacional de Oposición 

Junta Calificadora de Personal 

Subdirección de Administración de Nómina, del Ministerio de Educación. 

Oficina Nacional de Servicio Civil 

Clases Pasivas, Ministerio de Finanzas Públicas";https://www.mineduc.gob.gt/tramites/
1354;Ministerio de Educación -MINEDUC-;Impresión de Títulos y Diplomas;Educación, Cultura y Deporte;Permite llevar acabo la impresión de títulos y diplomas que otorga el Ministerio de Educación a egresados de carreras del Nivel de Educación Media, Ciclo de Educación Diversificado del Sistema Educativo Nacional, iniciando desde la solicitud, registro hasta la entrega de los mismos.;https://www.mineduc.gob.gt/tramites/
1355;Ministerio de Educación -MINEDUC-;Autorización de funcionamiento de centros educativos privados.;Educación, Cultura y Deporte;Los usuarios deben presentar su solicitud ante la Dirección Departamental de Educación de su jurisdicción, para autorizar el funcionamiento de un centro educativo privado en el Subsistema Escolar, las actividades a realizar van desde la presentación de la solicitud, el ingreso y revisión del expediente, la visita ocular al centro educativo privado hasta la emisión de resolución de autorización de funcionamiento y registro de cuotas educativas.;https://www.mineduc.gob.gt/tramites/
1356;Ministerio de Educación -MINEDUC-;Constitución de Organizaciones de Padres de Familia  - OPF -;Educación, Cultura y Deporte;Este trámite es para el registro de una Organización de padres de familia, la cual en Asamblea General elige a su Junta Directiva quienes estarán a cargo de la ejecución de los programas de apoyo para beneficio de los alumnos inscritos.;https://www.mineduc.gob.gt/tramites/
1357;Ministerio de Educación -MINEDUC-;Evaluación de ascensos escalafonarios;Educación, Cultura y Deporte;Establece las normas que regirán el proceso de evaluación para los ascensos de clase escalafonaria del Magisterio Nacional.;https://www.mineduc.gob.gt/tramites/
1358;Ministerio de Educación -MINEDUC-;Certificación de Clase Escalonaría.;Educación, Cultura y Deporte;"Certificar la clase escalonaría en la que se encuentra publicado el docente, así como el tiempo de servicio registrado y evaluado a la fecha de la solicitud en Junta Calificadora de Personal. 

 

Solo para docentes del sector privado: 

 

Área de Catalogación de las Direcciones Departamentales de Educación. 

 

Junta Calificadora de Personal, sede central (solamente cuando un catalogador departamental no esté fungiendo el cargo).  

 

Docentes sector público: 

 

Descargar de la página web de Consulta General del Empleado";https://www.mineduc.gob.gt/tramites/
1359;Ministerio de Educación -MINEDUC-;Recepción de Hojas de Servicio Sector Oficial y Privado;Educación, Cultura y Deporte;"Recibir las Hojas de Servicio de los Docentes que han laborado en el sector oficial o privado, para posteriormente ingresarlas al sistema e-SIRH, evaluarlas e ingresarlas al expediente respectivo (este proceso aplica si el/la docente tiene expediente aperturado o se encuentra en alguna clase escalonaría).  

 

El trámite se realiza en: 

 

Coordinaciones Técnicas Administrativas por Distrito Escolar 

Área de Catalogación de las Direcciones Departamentales de Educación 

Junta Calificadora de Personal, sede central";https://www.mineduc.gob.gt/tramites/
1360;Ministerio de Educación -MINEDUC-;Catalogación;Educación, Cultura y Deporte;Registrar los títulos educativos al maestro graduado que lo solicite y asignarle un registro escalafonario que lo identifique como docente para que ejerza su profesión en los diferentes niveles de educación, en el sector oficial y/o privado. El trámite se realiza en la Unidad de Catalogación de las Direcciones Departamentales de Educación.;https://www.mineduc.gob.gt/tramites/
1361;Ministerio de Educación -MINEDUC-;Actualización de Datos, Docentes Registrados en el Sistema;Educación, Cultura y Deporte;Modificar los datos personales de los docentes catalogados que lo requieran, con el fin de mantener actualizado el sistema eSIRH.;https://www.mineduc.gob.gt/tramites/
1365;Ministerio de Educación -MINEDUC-;Reintegro de salario cobrados no devengados;Trabajo;"Consiste en la metodología para la recuperación de los salarios cobrados no devengados del personal docente, técnico, administrativo y temporal que labora o laboraba en el Ministerio de Educación, bajo los renglones presupuestarios 011 “Personal permanente”, 022 “Personal por contrato”, 021 “Personal supernumerario” y 029 “Otras remuneraciones al personal temporal”; derivados a las acciones o movimientos de personal, revisiones de la nómina, bloqueo de salarios, entre otras y se identifique al (los) servidor (es) o ex servidor (es) público (s) que han cobrado salarios no devengados, por lo que deben efectuar la devolución correspondiente a través de las boletas de liquidación de reintegros que se emitan.";https://www.mineduc.gob.gt/tramites/
1367;Ministerio de Educación -MINEDUC-;Prestaciones Laborales, Prestaciones Póstumas, indemnización Post Mortem;Trabajo;"PRESTACIONES LABORALES 

Son los montos económicos a que tienen derecho los ex servidores públicos cuando se da por terminada su relación laboral, por cualquier causa (jubilación, invalidez, renuncia, destitución, remoción, recisión de contrato e inclusive si no ha concluido el periodo de prueba) y son las siguientes: 

1.?Vacaciones 

2.?Aguinaldo 

3.?Bono Vacacional 

4.?Bonificación Anual (Bono 14) 

5. BENEFICIO ECONÓMICO (cuando proceda pacto colectivo) 

6. Indemnización (cuando proceda pacto colectivo y guía de Prestaciones Laborales) 

PRESTACIONES POST MORTEM 

Es el pago de prestación póstuma y pago de salarios, vacaciones, aguinaldo, bonificación anual, bono de antigüedad y bono vacacional pendientes de pago hasta el día del fallecimiento. En cuanto al derecho de pago de gastos funerarios, se extiende a los hijos mayores o hermanos del causante. 

El trámite se realiza en las Unidades ejecutoras en donde pertenece la partida presupuestaria.";https://www.mineduc.gob.gt/tramites/
1368;Ministerio de Educación -MINEDUC-;Indemnización Post Mortem;Trabajo;"INDEMNIZACION POST MORTEM 

“INDEMNIZACIÓN POST MORTEM. El MINEDUC otorgará a los familiares de sus trabajadores que fallezcan siendo servidores, una suma equivalente a diez salarios.  Para este efecto se considerará el último de los salarios nominales recibido y los beneficiarios indicados por quien prestaba sus servicios al Ministerio.  No gozarán de este beneficio los beneficiarios de los trabajadores que hubieran fallecido por guerra civil.  Los trabajadores deben indicar que personas se beneficiarán de esta prestación y los que por situaciones muy particulares no lo hubieren hecho, este beneficio se le otorgará al cónyuge, hijos o de ser el caso, la persona con quien estuviere unido de hecho al momento de su muerte. “";https://www.mineduc.gob.gt/tramites/
1369;Ministerio de Educación -MINEDUC-;Indemnización Post Mortem sin beneficiario;Trabajo;"CASOS NO DECLARADOS Y BENEFICIARIOS QUE FALLECEN ANTES DE TERMINAR EL PROCESO DE PAGO Y SENTENCIAS JUDICIALES 
SENTENCIAS JUDICIALES 
Una?sentencia?es una resolución de carácter jurídico que expresa una decisión definitiva sobre un proceso (que puede ser penal, civil o laboral). Es decir, la sentencia judicial da por finalizado un?litigio?o?pleito.";https://www.mineduc.gob.gt/tramites/
1370;Ministerio de Educación -MINEDUC-;Indemnización Post Mortem (Por fallecimiento antes de finalizar el proceso de pago a beneficiarios nombrados por medio de incidente de declaratoria de beneficiarios post morten o sucesión hereditaria (testamento o intestado);Trabajo;"CASOS NO DECLARADOS Y BENEFICIARIOS QUE FALLECEN ANTES DE TERMINAR EL PROCESO DE PAGO Y SENTENCIAS JUDICIALES 

SENTENCIAS JUDICIALES 

Una?sentencia?es una resolución de carácter jurídico que expresa una decisión definitiva sobre un proceso (que puede ser penal, civil o laboral). Es decir, la sentencia judicial da por finalizado un?litigio?o?pleito.";https://www.mineduc.gob.gt/tramites/
1371;Ministerio de Educación -MINEDUC-;Solicitud de Constancia de Tiempo de Servicio;Trabajo;"Son los movimientos realizados en el récord laboral de cada servidor público, estos pueden ser temporales o definitivos los cuales se describen a continuación      

 Temporales: 

Primer Ingreso 

Traslados  

ascensos 

permutas 

suspensiones del IGSS  

Licencias con Goce o sin Goce 

Interinatos 
 
Definitivas:  

Jubilación 

Defunción  

Remoción 

Destitución 

Renuncia 

Recisión Contrato 

Invalidez";https://www.mineduc.gob.gt/tramites/
1372;Ministerio de Educación -MINEDUC-;Equiparaciones de Estudios;Educación, Cultura y Deporte;Es el proceso que permite el reconocimiento de estudios realizados en el extranjero para la incorporación del estudiante en el Sistema Educativo Nacional, al grado inmediato superior al último aprobado o al grado en el que se encontraba cursado previo a su ingreso al país. En el caso de título, diploma o documento legal que acredite la culminación de estudios del nivel medio, en el extranjero, para continuar estudios a nivel superior en el país.;https://www.mineduc.gob.gt/tramites/
1373;Ministerio de Educación -MINEDUC-;Equivalencias de Estudios;Educación, Cultura y Deporte;El Artículo 76 de la Ley de Educación Nacional, Decreto 12-91 del Congreso de la República de Guatemala establece que son equiparables los estudios realizados en la educación escolar y extraescolar o paralela. Es importante clarificar que, en algunos países la equivalencia es reconocida como equiparación.;https://www.mineduc.gob.gt/tramites/
1376;Ministerio de Educación -MINEDUC-;Solicitud de  Becas de la Comunidad de Sepur Zarco;Educación, Cultura y Deporte;Los padres de familia que se encuentren interesados en que sus hijos obtengan el beneficio económico, deben inscribir a los niños, niñas y jóvenes en los centros educativos públicos del municipio de Sepur Zarco, estar en edad escolarizada y conformar el expediente con los documentos mínimos para ser acreedores a la beca.;https://www.mineduc.gob.gt/tramites/
1377;Ministerio de Educación -MINEDUC-;Inscripción y registro de estudiantes en todos los niveles educativos a nivel nacional;Educación, Cultura y Deporte;Se establece el proceso de inscripción de estudiantes dentro del Sistema de Registros Educativos -SIRE- dando lineamientos a nivel nacional, a través de las 26 Direcciones Departamentales de Educación, con base en el Calendario Escolar vigente.;https://www.mineduc.gob.gt/tramites/
1379;Ministerio de Educación -MINEDUC-;Anexión y Desanexión de Centros Educativos Públicos;Educación, Cultura y Deporte;Los Centros Educativos Públicos del nivel de educación pre-primaria pueden solicitar anexión a la OPF de un Centro Educativo Público del nivel de educación Primaria y viceversa, así mismo los Centros Educativos Públicos del nivel de Educación Media, del ciclo de educación Básica, podrán solicitar anexión a la OPF de un Centro Educativo Público, del ciclo de educación Diversificada y viceversa. También podrán anexarse entre sí los Centros Educativos públicos que pertenezcan al mismo nivel educativo. Podrán anexarse a una misma OPF, hasta un máximo de tres (3) Centros Educativos Públicos (anexos) que se encuentren dentro del mismo Municipio, preferiblemente dentro del mismo Edificio Escolar.;https://www.mineduc.gob.gt/tramites/
1380;Ministerio de Educación -MINEDUC-;Entrega de Materiales Educativos;Educación, Cultura y Deporte;Definir las actividades que deberán desarrollarse, para realizar la entrega de los materiales educativos para los Niveles de Educación, Inicial, Preprimaria, Primaria y Media en sus Ciclos Básico y Diversificado a nivel nacional.;https://www.mineduc.gob.gt/tramites/
1381;Ministerio de Educación -MINEDUC-;Solicitud de Proyecto de Infraestructura Deportiva Escolar;Salud;Brindar la información necesaria para la aprobación de un proyecto que tenga que ver con la infraestructura escolar deportiva tomando en cuenta todos los aspectos necesarios para su implementación.;https://www.mineduc.gob.gt/tramites/
1382;Ministerio de Educación -MINEDUC-;Solicitud de Implementos didácticos deportivos y Uniformes Institucionales para la clase de educación física.;Salud;Este trámite tiene como objetivo la entrega de de todo tipo de material didáctico deportivo así como los uniformes para las clases de Educación Física y aplica únicamente para establecimientos oficiales de los 3 niveles educativos;https://www.mineduc.gob.gt/tramites/
1383;Ministerio de Educación -MINEDUC-;Carrera Técnica Universitaria de 3 Años de Duración Donde Participan Estudiantes Graduados de las ENEF en Bachilleres en Ciencias y Letras Con Orientación en Educación Física;Educación, Cultura y Deporte;Este trámite permite el ingreso a la Carrera técnica Universitaria para los estudiantes graduados de las Escuelas Nacionales de Educación Física -ENEF- para poder llevar los estudios profesionales técnicas de su carrera.;https://www.mineduc.gob.gt/tramites/
1384;Ministerio de Educación -MINEDUC-;Solicitud de Reposición de Expediente en Banco de Elegibilidad;Trabajo;Reposición de expedientes de docentes participantes en el proceso de oposición para optar a puestos docentes en el Ministerio de Educación debido al deterioro o extravío del original.;https://www.mineduc.gob.gt/tramites/
1385;Ministerio de Educación -MINEDUC-;Consultas de docentes participantes para ocupar puestos 011 en las convocatorias, nivel primario y preprimario;Trabajo;"El docente que tengan algún inconveniente con el uso del Sistema Informático Nacional de Oposición -e-SINO- , ya sea porque el usuario o el sistema lo haya generado, debe realizar la consulta de forma: personal, telefónica, correo electrónico o solicitud oficial.  

El trámite se realiza en: 

1. JUMO (Jurado Municipal de Oposición) 

2. JADO (Jurado Auxiliar Departamental de Oposición) 

3. JNO (Jurado Nacional de Oposición)";https://www.mineduc.gob.gt/tramites/
1386;Ministerio de Educación -MINEDUC-;Auténtica de Documentos Educativos y de Traductor Jurado;Educación, Cultura y Deporte;Trámite que consiste en autenticar los documentos educativos del nivel escolar (Certificaciones de estudio, diplomas, títulos, etc) y de Traductor Jurado, para posteriormente pasar al Ministerio de Relaciones Exteriores, con objeto de obtener la Apostilla que les da validez en el extranjero.;https://www.mineduc.gob.gt/tramites/
1387;Ministerio de Educación -MINEDUC-;Sistema de Quejas, Comentarios y Sugerencias;Territorio, Vivienda e Infraestructura;El sistema de Quejas, Comentarios y Sugerencias sirve para recibir las quejas, consultas, comentarios y sugerencias de los usuarios del Ministerio de Educación, proporcionando al cliente acceso a un proceso de tratamiento de quejas abierto y sencillo, direccionándolas a los enlaces de cada dependencia para el tratamiento y cierre de las mismas.;https://www.mineduc.gob.gt/tramites/
1388;Ministerio de Educación -MINEDUC-;Solicitud de documentos ante el Archivo Documental del Ministerio de Educación;Educación, Cultura y Deporte;Consiste en la entrega de documentos certificados (Acuerdos Ministeriales, Acuerdos Gubernativos, resoluciones, contratos, expedientes de graduación, etc.), solicitados por el usuario, que se encuentren en el resguardo del Archivo Documental del Ministerio de Educación.;https://www.mineduc.gob.gt/tramites/
1389;Ministerio de Educación -MINEDUC-;Biblioteca del Ministerio de Educación;Educación, Cultura y Deporte;La biblioteca del Ministerio de Educación cuenta con mas de 30 mil libros sobre diferentes temas de interés para la Comunidad Educativa, los cuales están accesibles para los usuarios que los necesiten.;https://www.mineduc.gob.gt/tramites/
1390;Ministerio de Educación -MINEDUC-;Correcciones de nombres y códigos de establecimiento;Educación, Cultura y Deporte;El presente trámite tiene como objetivo, estandarizar el proceso que se realiza en las Direcciones Departamentales de Educación, para resolver solicitudes presentadas por los establecimientos para la creación, actualización y cierre de códigos de establecimientos, que pertenecen al Sistema Educativo Nacional de los sectores público, por cooperativa y privado, del Subsistema de Educación Escolar y del Subsistema de Educación;https://www.mineduc.gob.gt/tramites/
1392;Ministerio de Educación -MINEDUC-;Adhesión al Programa Salud Integral para el Magisterio (PROSIMA);Educación, Cultura y Deporte;Trámite para solicitar adhesión al Programa Salud Integral para el Magisterio (PROSIMA), siendo los beneficios médicos, laboratorios y funerarios, en los cuales pueden incluir a su familia nuclear (padres, cónyuge e hijos menores de 24 años dependientes).;https://www.mineduc.gob.gt/tramites/
2515;Ministerio de Educación -MINEDUC-;Pago de Sueldos a Personal docente y administrativo de primer ingreso, reingreso o traslado;Trabajo;"Consiste en la metodología para la conformación del expediente de movimiento de personal (docente, técnico y administrativo), que labora o laboró en el Ministerio de Educación bajo los renglones presupuestarios 011 “Personal Permanente” y 022 “Personal por Contrato”, para el registro del Formulario Electrónico de Movimiento de Personal -FEMP-, en el sistema de nómina; así como el proceso de bloqueo de salario para los casos que corresponda. El trámite se realiza en: 

Direcciones de Departamentales de Educación 

Direcciones de Planta Central 

Delegación de Recursos Humanos Planta Central 

Unidad Interna de la Dirección de Recursos Humanos -DIREH- 

Jurado Nacional de Oposición 

Junta Calificadora de Personal 

Subdirección de Administración de Nómina, del Ministerio de Educación. 

Oficina Nacional de Servicio Civil –ONSEC-";https://www.mineduc.gob.gt/tramites/
2519;Ministerio de Educación -MINEDUC-;Pago de Sueldos Personal Docente y Administrativo por Suspensiones del IGSS;Trabajo;"Consiste en la metodología para la conformación del expediente de movimiento de personal (docente, técnico y administrativo), que labora o laboró en el Ministerio de Educación bajo los renglones presupuestarios 011 “Personal Permanente” y 022 “Personal por Contrato”, para el registro del Formulario Electrónico de Movimiento de Personal -FEMP-, en el sistema de nómina; así como el proceso de bloqueo de salario para los casos que corresponda. El trámite se realiza en: 

Direcciones de Departamentales de Educación 

Direcciones de Planta Central 

Delegación de Recursos Humanos Planta Central 

Unidad Interna de la Dirección de Recursos Humanos -DIREH- 

Jurado Nacional de Oposición 

Junta Calificadora de Personal 

Subdirección de Administración de Nómina, del Ministerio de Educación. 

Oficina Nacional de Servicio Civil –ONSEC-";https://www.mineduc.gob.gt/tramites/
1393;Ministerio de Energía y Minas -MEM-;Inscripción de grandes usuarios;Territorio, Vivienda e Infraestructura;La inscripción en el registro de agentes y grandes usuarios del mercado mayorista del ministerio de energía y minas, permite habilitar a los grandes usuarios para realizar transacciones en el mercado.;https://mem.gob.gt/agentes-y-grandes-usuarios/
1395;Ministerio de Energía y Minas -MEM-;Informe de evaluación socioeconómica;Territorio, Vivienda e Infraestructura;Es el documento que emite el ministerio, a través de la dirección general de energía -DGE-, el cual permite al INDE u otras instituciones como municipalidades, consejos de desarrollo, entre otros, desarrollar proyectos de electrificación rural, de beneficio social o de utilidad pública, que se ejecuten fuera de una zona territorial delimitada.;https://mem.gob.gt/agentes-y-grandes-usuarios/
1396;Ministerio de Energía y Minas -MEM-;Inscripción de generadores;Territorio, Vivienda e Infraestructura;La inscripción en el registro de agentes y grandes usuarios del mercado mayorista del ministerio de energía y minas, permite habilitar a los generadores para realizar transacciones en el mercado.;https://mem.gob.gt/agentes-y-grandes-usuarios/
1397;Ministerio de Energía y Minas -MEM-;Inscripción de transportista;Territorio, Vivienda e Infraestructura;La inscripción en el registro de agentes y grandes usuarios del mercado mayorista del ministerio de energía y minas, permite habilitar a los transportistas para realizar transacciones en el mercado.;https://mem.gob.gt/agentes-y-grandes-usuarios/
1398;Ministerio de Energía y Minas -MEM-;Inscripción de distribuidores;Territorio, Vivienda e Infraestructura;La inscripción en el registro de agentes y grandes usuarios del mercado mayorista del ministerio de energía y minas, permite habilitar a los distribuidores para realizar transacciones en el mercado.;https://mem.gob.gt/agentes-y-grandes-usuarios/
1399;Ministerio de Energía y Minas -MEM-;Inscripción de comercializadores, incluyendo importadores y exportadores;Territorio, Vivienda e Infraestructura;La inscripción en el Registro de Agentes y Grandes Usuarios del Mercado Mayorista del Ministerio de Energía y Minas, permite habilitar a los comercializadores, incluyendo importadores y exportadores para realizar transacciones en el mercado.;https://mem.gob.gt/agentes-y-grandes-usuarios/
1400;Ministerio de Energía y Minas -MEM-;Actualización agentes y grandes usuarios del mercado mayorista;Territorio, Vivienda e Infraestructura;El agente o gran usuario solicita actualización por los siguientes motivos: a) por cambio de número de contador, b) por cambio de denominación social, razón social, fusión, transformación de cualquier persona jurídica, debidamente acreditado, c) transferencia total o parcial de autorización, d) por cambio de dirección del inmueble por catastro municipal y e) otros que por su naturaleza sea necesaria la actualización.;https://mem.gob.gt/agentes-y-grandes-usuarios/
1401;Ministerio de Energía y Minas -MEM-;Solicitud de cancelación de agentes y grandes usuarios;Territorio, Vivienda e Infraestructura;Es la cancelación de la inscripción en el registro de agentes y grandes usuarios del mercado mayorista del ministerio de energía y minas, requerida por el usuario.;https://mem.gob.gt/agentes-y-grandes-usuarios/
1402;Ministerio de Energía y Minas -MEM-;Autorizaciones definitivas para uso de bienes de dominio público;Territorio, Vivienda e Infraestructura;Contrato que otorga el ministerio de energía y minas para uso de bienes de dominio público para generación hidroeléctrica, geotérmica, transporte y distribución.;https://mem.gob.gt/desarrollo-energetico/
1403;Ministerio de Energía y Minas -MEM-;Autorización temporal para uso de bienes de dominio público;Medio Ambiente;Contrato que otorga el ministerio de energía y minas para uso de bienes de dominio público para generación hidroeléctrica, geotérmica, transporte y distribución, de forma temporal.;https://mem.gob.gt/desarrollo-energetico/
1404;Ministerio de Energía y Minas -MEM-;Registro de proyectos hidroeléctricos menores o Iguales a 5 MW;Territorio, Vivienda e Infraestructura;Resolución que emite la dirección general de energía -dge-, por medio de la cual se registran las cotas que utilizarán los proyectos hidroeléctricos menores o iguales a 5MW.;https://mem.gob.gt/desarrollo-energetico/
1405;Ministerio de Energía y Minas -MEM-;Registro de proyectos de energías renovables a excepción de hidroeléctricas;Territorio, Vivienda e Infraestructura;Resolución que emite la Dirección General de Energía -DGE-, por medio de la cual se registran los proyectos no hidroeléctricos. menores o iguales a 5MW.;https://mem.gob.gt/desarrollo-energetico/
1406;Ministerio de Energía y Minas -MEM-;Aval del ente rector para presentar ante el sistema nacional de inversión pública -snip-;Territorio, Vivienda e Infraestructura;Resolución que emite el ministerio, a través de la dirección general de energía -dge-, el cual permite al inde o municipalidades obtener el aval para presentar la solicitud al sistema nacional de inversión pública -snip-, coordinado por la secretaría de planificación y programación de la presidencia -segeplan-.;https://mem.gob.gt/desarrollo-energetico/
1407;Ministerio de Energía y Minas -MEM-;Licencia de construcción de instalación tipo I;Territorio, Vivienda e Infraestructura;La licencia es el permiso escrito, otorgado por la dirección general de energía -dge-, para construcción de una instalación radiactiva.;https://mem.gob.gt/proteccion-radiologica-dpsr/
1408;Ministerio de Energía y Minas -MEM-;Licencia de operación prácticas tipo I;Territorio, Vivienda e Infraestructura;La licencia es el permiso escrito, otorgado por la dirección general de energía -dge-, para operar equipos generadores de radiaciones ionizantes.;https://mem.gob.gt/proteccion-radiologica-dpsr/
1409;Ministerio de Energía y Minas -MEM-;Licencia de operación prácticas tipo II;Territorio, Vivienda e Infraestructura;La licencia es el permiso escrito, otorgado por la Dirección General de Energía -DGE-, para operar equipos generadores de radiaciones ionizantes.;https://mem.gob.gt/proteccion-radiologica-dpsr/
1410;Ministerio de Energía y Minas -MEM-;Licencia de operación prácticas tipo III;Territorio, Vivienda e Infraestructura;La licencia es el permiso escrito, otorgado por la Dirección General de Energía -DGE-, para operar equipos generadores de radiaciones ionizantes.;https://mem.gob.gt/proteccion-radiologica-dpsr/
1411;Ministerio de Energía y Minas -MEM-;Licencia de operación prácticas tipo IV;Territorio, Vivienda e Infraestructura;La licencia es el permiso escrito, otorgado por la Dirección General de Energía -DGE-, para operar equipos generadores de radiaciones ionizantes.;https://mem.gob.gt/proteccion-radiologica-dpsr/
1412;Ministerio de Energía y Minas -MEM-;Licencia de cierre de instalación radiactiva definitivo, práctica tipo I;Territorio, Vivienda e Infraestructura;La licencia es el permiso escrito, otorgado por la Dirección General de Energía -DGE-, que autoriza el cierre definitivo de una instalación radiactiva.;https://mem.gob.gt/proteccion-radiologica-dpsr/
1413;Ministerio de Energía y Minas -MEM-;Licencia de cierre de instalación radiactiva definitivo, práctica tipo II;Territorio, Vivienda e Infraestructura;La licencia es el permiso escrito, otorgado por la Dirección General de Energía -DGE-, que autoriza el cierre definitivo de una instalación radiactiva.;https://mem.gob.gt/proteccion-radiologica-dpsr/
1414;Ministerio de Energía y Minas -MEM-;Licencia para operador de equipo y sustancias radiactivas, prácticas tipo I;Territorio, Vivienda e Infraestructura;La licencia es el permiso escrito, otorgado por la Dirección General de Energía -DGE-, para trabajadores ocupacionalmente expuestos para operar equipos generadores o fuentes de radiación o equipos que las contengan.;https://mem.gob.gt/proteccion-radiologica-dpsr/
1415;Ministerio de Energía y Minas -MEM-;Licencia para operador de equipo y sustancias radiactivas, prácticas tipo II;Territorio, Vivienda e Infraestructura;La licencia es el permiso escrito, otorgado por la Dirección General de Energía -DGE-, para trabajadores ocupacionalmente expuestos para operar equipos generadores o fuentes de radiación o equipos que las contengan.;https://mem.gob.gt/proteccion-radiologica-dpsr/
1416;Ministerio de Energía y Minas -MEM-;Licencia para operador de equipo y sustancias radiactivas, prácticas tipo III;Territorio, Vivienda e Infraestructura;La licencia es el permiso escrito, otorgado por la Dirección General de Energía -DGE-, para trabajadores ocupacionalmente expuestos para operar equipos generadores o fuentes de radiación o equipos que las contengan.;https://mem.gob.gt/proteccion-radiologica-dpsr/
1417;Ministerio de Energía y Minas -MEM-;Licencia para operador de equipo y sustancias radiactivas, prácticas tipo IV;Territorio, Vivienda e Infraestructura;La licencia es el permiso escrito, otorgado por la Dirección General de Energía -DGE-, para trabajadores ocupacionalmente expuestos para operar equipos generadores o fuentes de radiación o equipos que las contengan.;https://mem.gob.gt/proteccion-radiologica-dpsr/
1418;Ministerio de Energía y Minas -MEM-;Licencia de Exportación de petróleo, productos petroleros y gas natural;Territorio, Vivienda e Infraestructura;Se otorga licencia de exportación a toda persona individual o jurídica para que pueda exportar petróleo, productos petroleros y gas natural. por cualquier medio de transporte adecuado.;https://mem.gob.gt/wp-content/uploads/2021/05/03-Primera-licencia-de-exportacion-de-petroleo-y-productos-petroleros.pdf
1419;Ministerio de Energía y Minas -MEM-;Licencia de distribución, venta y transferencia de equipos generadores de radiaciones ionizantes y sustancias radiactivas;Territorio, Vivienda e Infraestructura;La licencia es el permiso escrito, otorgado por la Dirección General de Energía -DGE-, para distribuir, vender y transferir equipos generadores de radiaciones ionizantes y sustancias radiactivas.;https://mem.gob.gt/proteccion-radiologica-dpsr/
1420;Ministerio de Energía y Minas -MEM-;Licencia de transporte de materiales radiactivos;Territorio, Vivienda e Infraestructura;La licencia es el permiso escrito, otorgado por la Dirección General de Energía -DGE-, para transportar equipos generadores de radiaciones ionizantes y fuentes.;https://mem.gob.gt/proteccion-radiologica-dpsr/
1421;Ministerio de Energía y Minas -MEM-;Autorización para organizar e impartir cursos de protección radiológica, específico por práctica;Territorio, Vivienda e Infraestructura;La Dirección General de Energía -DGE- autoriza la organización de cursos de protección radiológica específico por práctica a las entidades solicitantes.;https://mem.gob.gt/proteccion-radiologica-dpsr/
1422;Ministerio de Energía y Minas -MEM-;Modificación de licencias de operación de instalaciones, práctica tipo III y práctica tipo IV;Territorio, Vivienda e Infraestructura;La licencia es el permiso escrito, otorgado por la Dirección General de Energía -DGE-, para hacer modificaciones a las practicas o fuentes y equipos asociados que tenga autorizados.;https://mem.gob.gt/proteccion-radiologica-dpsr/
1423;Ministerio de Energía y Minas -MEM-;Licencia de instalación para la disposición final de desechos radiactivos, práctica tipo I;Territorio, Vivienda e Infraestructura;La licencia es el permiso escrito, otorgado por la Dirección General de Energía -DGE-, para la disposición final de desechos radiactivos.;https://mem.gob.gt/proteccion-radiologica-dpsr/
1424;Ministerio de Energía y Minas -MEM-;Licencia de almacenamiento de material radiactivo, práctica tipo I;Territorio, Vivienda e Infraestructura;La licencia es el permiso escrito, otorgado por la Dirección General de Energía -DGE-, para resguardar material radiactivo.;https://mem.gob.gt/proteccion-radiologica-dpsr/
1425;Ministerio de Energía y Minas -MEM-;Licencia de almacenamiento transitorio para desechos radiactivos, práctica tipo II;Territorio, Vivienda e Infraestructura;La licencia es el permiso escrito, otorgado por la Dirección General de Energía -DGE-, para resguardar material radiactivo.;https://mem.gob.gt/proteccion-radiologica-dpsr/
1426;Ministerio de Energía y Minas -MEM-;Licencia de Importación de petróleo, productos petroleros y gas natural;Territorio, Vivienda e Infraestructura;Se otorga licencia de importación a toda persona individual o jurídica para que pueda ingresar al territorio nacional, petróleo, productos petroleros y gas natural. por cualquier medio de transporte adecuado. Esta licencia puede ser para comercialización o consumo propio.;https://mem.gob.gt/wp-content/uploads/2021/05/02-Primera-licencia-de-importacion-de-petroleo-y-productos-petroleros.pdf
1427;Ministerio de Energía y Minas -MEM-;Cesión de licencia de operación, prácticas tipo I,II, III y IV;Territorio, Vivienda e Infraestructura;La cesión licencia de operación es la autorización por escrito, otorgada por la Dirección General de Energía -DGE-, para ceder los derechos que le otorga la licencia.;https://mem.gob.gt/proteccion-radiologica-dpsr/
1428;Ministerio de Energía y Minas -MEM-;Calificación y aplicación de incentivos fiscales para proyectos que utilizan recursos energéticos renovables -hidroeléctricas-;Territorio, Vivienda e Infraestructura;Es el procedimiento que se realiza para obtener la calificación de proyectos de energía renovable, y proporciona la facultad de solicitar incentivos fiscales ante la Superintendencia de Administración Tributaria -SAT-.;https://mem.gob.gt/energias-renovables/
1429;Ministerio de Energía y Minas -MEM-;Calificación y aplicación de incentivos fiscales para proyectos que utilizan recursos energéticos renovables -solar-;Territorio, Vivienda e Infraestructura;Es el procedimiento que se realiza para obtener la calificación de proyectos de energía renovable, y proporciona la facultad de solicitar incentivos fiscales ante la Superintendencia de Administración Tributaria -SAT-.;https://mem.gob.gt/energias-renovables/
1430;Ministerio de Energía y Minas -MEM-;Otorgamiento de licencias mineras;Medio Ambiente;Autorización otorgada por la Dirección General de Minería del Ministerio de Energía y Minas -MEM- a un solicitante, para realizar operaciones de reconocimiento, exploración y de explotación.;https://mem.gob.gt/departamento-de-gestion-legal/
1431;Ministerio de Energía y Minas -MEM-;Prórroga de la licencia minera;Medio Ambiente;La prórroga concede al titular de la licencia minera, un período igual al otorgado inicialmente para continuar con la actividad minera autorizada.;https://mem.gob.gt/departamento-de-gestion-legal/
1432;Ministerio de Energía y Minas -MEM-;Ampliación de área de licencia minera;Medio Ambiente;"La ampliación del área de la licencia minera, otorga al titular la facultad de disponer de área adicional a la inicialmente otorgada, hasta el área máxima autorizada en la ley, para
el aprovechamiento de los minerales previamente autorizados.";https://mem.gob.gt/departamento-de-gestion-legal/
1433;Ministerio de Energía y Minas -MEM-;Ampliación de minerales;Medio Ambiente;La ampliación de minerales, faculta al titular del derecho minero para disponer de nuevos minerales a los otorgados inicialmente.;https://mem.gob.gt/departamento-de-gestion-legal/
1434;Ministerio de Energía y Minas -MEM-;Cesión de licencia minera;Medio Ambiente;La cesión del derecho minero, es la facultad del titular de la licencia minera, ceder su derecho a otra persona individual o jurídica, quien obtendrá la calidad de titular.;https://mem.gob.gt/departamento-de-gestion-legal/
1435;Ministerio de Energía y Minas -MEM-;Renuncia parcial de área;Medio Ambiente;A través de la renuncia parcial, el titular del derecho minero, reduce el área del polígono autorizado a través de la licencia de otorgamiento.;https://mem.gob.gt/departamento-de-gestion-legal/
1436;Ministerio de Energía y Minas -MEM-;Renuncia expresa a la licencia minera;Medio Ambiente;A través de la renuncia expresa presentada por el titular del derecho minero, se extingue la licencia minera.;https://mem.gob.gt/departamento-de-gestion-legal/
1437;Ministerio de Energía y Minas -MEM-;Credencial de exportación de productos mineros;Medio Ambiente;La solicitud de credencial de exportación, tiene como finalidad que cualquier persona individual o jurídica, pueda exportar productos minerales provenientes de derechos mineros debidamente otorgados y vigentes.;https://mem.gob.gt/departamento-de-gestion-legal/
1441;Ministerio de Energía y Minas -MEM-;Solicitud y pago de servicios de laboratorios;Energía;Proceso por medio del cual solicita y paga los servicios de análisis de laboratorio que se realizan a usuarios externos en materia de minerales, hidrocarburos y aplicaciones nucleares.;https://mem.gob.gt/quienes-somos/direccion-general-administrativa/servicios-de-laboratorio/formularios-y-precios/
1442;Ministerio de Energía y Minas -MEM-;Solicitud de orden de pago de servicios de laboratorio;Energía;Emisión de la orden de pago para que el usuario pueda realizar su pago y obtener el recibo de ingresos varios Forma 63-A2, emitido por la Tesorería de la Unidad de Administración Financiera -UDAF- del Ministerio de Energía y Minas y presentarlo al Laboratorio Técnico para que le realicen los servicios solicitados y posteriormente le sea entregado los resultados obtenidos.;https://mem.gob.gt/quienes-somos/direccion-general-administrativa/servicios-de-laboratorio/formularios-y-precios/
1443;Ministerio de Energía y Minas -MEM-;Licencia de instalación de estación de servicio y expendio de gas licuado de petróleo para uso automotor (gasolinera);Territorio, Vivienda e Infraestructura;Se otorga una licencia de instalación para estación de servicio y expendio de Gas Licuado de Petróleo (GLP) para uso automotor a toda persona individual o jurídica para que pueda construir una gasolinera para venta al público.;https://mem.gob.gt/wp-content/uploads/2022/04/01-Instalacion-estacion-de-servicio-y-expendio-de-GLP-22032022.pdf
1444;Ministerio de Energía y Minas -MEM-;Licencia de transporte de petróleo, productos petroleros y gas natural;Territorio, Vivienda e Infraestructura;Se otorga licencia de transporte a toda persona individual o jurídica, a fin de prestar servicios de transporte de petróleo, productos petroleros y gas natural, utilizando unidades móviles desde las instalaciones de suministro hasta los puntos de destino.;https://mem.gob.gt/wp-content/uploads/2022/04/01-Primera-licencia-de-transporte-de-petroleo-y-productos-petroleros-por-unidad-movil-22032022.pdf
1445;Ministerio de Energía y Minas -MEM-;Autorización para certificar transporte de combustibles;Territorio, Vivienda e Infraestructura;Autorización  a empresas privadas para que puedan realizar pruebas de funcionalidad y emitir un certificado en el que demuestran que la unidad de transporte de combustibles líquidos (excepto GLP) se encuentra en óptimas condiciones para su funcionamiento.;https://mem.gob.gt/wp-content/uploads/2021/05/17-Autorizacion-de-empresas-certificadoras-de-unidades-de-transporte-de-petroleo-y-productos-petroleros.pdf
1446;Ministerio de Energía y Minas -MEM-;Autorización para certificar transporte de GLP en cilindros;Territorio, Vivienda e Infraestructura;Autorización  a empresas privadas para que puedan realizar pruebas de funcionalidad y emitir un certificado en el que demuestran que la unidad de transporte  de Gas Licuado de Petróleo (GLP) en cilindros metálicos portátiles se encuentran en óptimas condiciones para su funcionamiento.;https://mem.gob.gt/empresas-certificadoras-2/
1447;Ministerio de Energía y Minas -MEM-;Licencia operación de depósito para consumo propio A-1;Territorio, Vivienda e Infraestructura;Licencia para el almacenamiento de combustibles y gas desde un tanque o más, para consumo propio, cuya capacidad de almacenamiento total no sobrepase los 600 galones.;https://mem.gob.gt/wp-content/uploads/2021/11/Licencia-de-operacion-de-deposito-de-almacenamiento-categoria-A-1-05112021.pdf
1448;Ministerio de Energía y Minas -MEM-;Requisitos para instalación de gas licuado de petróleo -GLP-;Territorio, Vivienda e Infraestructura;Requisitos mínimos de seguridad que debe cumplir toda persona individual o jurídica, que pretende instalar y operar depósitos de almacenamiento e instalaciones de distribución, de gas licuado de petróleo (GLP) para consumo propio.;https://mem.gob.gt/wp-content/uploads/2019/06/CIRCULAR-DGH-CIRC-9-2019.pdf
1449;Ministerio de Energía y Minas -MEM-;Autorización para certificar unidades de transporte de GLP;Territorio, Vivienda e Infraestructura;Autorización  a empresas privadas para que puedan realizar pruebas de funcionalidad y emitir un certificado en el que demuestran que la unidad de transporte de gas licuado de petróleo a granel se encuentra en óptimas condiciones para su funcionamiento.;https://mem.gob.gt/empresas-certificadoras-2/
1450;Ministerio de Energía y Minas -MEM-;Solicitud licencia de importación de equipos generadores de radiaciones ionizantes y sustancias radiactivas;Territorio, Vivienda e Infraestructura;Permiso escrito otorgado por la Dirección General de Energía -DGE-, para importar equipos generadores de radiaciones ionizantes y sustancias radiactivas.;https://mem.gob.gt/proteccion-radiologica-dpsr/
1451;Ministerio de Energía y Minas -MEM-;Solicitud licencia de exportación de equipos generadores de radiaciones ionizantes y sustancias radiactivas;Territorio, Vivienda e Infraestructura;Permiso escrito otorgado por la Dirección General de Energía -DGE-, para exportar equipos generadores de radiaciones ionizantes y sustancias radiactivas.;https://mem.gob.gt/proteccion-radiologica-dpsr/
1452;Ministerio de Energía y Minas -MEM-;Autorización de importación o exportación emergente;Territorio, Vivienda e Infraestructura;Se otorga una autorización  a toda persona individual o jurídica que de forma eventual necesite  importar o exportar petróleo o productos petroleros. Esta autorización se otorga únicamente para consumo propio y para empresas o personas cuya finalidad no es la comercialización de los mismos.;https://mem.gob.gt/wp-content/uploads/2021/06/02-Importacion-emergente-de-petroleo-y-productos-petroleros.pdf
1453;Ministerio de Energía y Minas -MEM-;Licencia de instalación depósitos para consumo propio A;Territorio, Vivienda e Infraestructura;Licencia para instalación de tanques de almacenamiento de petróleo, productos petroleros y gas natural para consumo propio, cuya capacidad de almacenamiento total sea mayor a 601 galones y menor a 40,000 galones.;https://mem.gob.gt/wp-content/uploads/2021/11/Licencia-de-instalacion-de-deposito-de-almacenamiento-categoria-A-05112021.pdf
1454;Ministerio de Energía y Minas -MEM-;Licencia de operación de estación de servicio y expendio de Gas Licuado de Petróleo para uso automotor (gasolinera);Territorio, Vivienda e Infraestructura;Se otorga una licencia de operación para estación de servicio y expendio de Gas Licuado de Petróleo (GLP) para uso automotor a toda persona individual o jurídica para que pueda operar una gasolinera para venta al público, previamente construida y autorizada con licencia de instalación.;https://mem.gob.gt/wp-content/uploads/2022/04/03-Operacion-de-estacion-de-servicio-y-de-expendio-de-GLP-para-uso-automotor-22032022.pdf
1455;Ministerio de Energía y Minas -MEM-;Licencia de modificación de instalaciones de estación de servicio (gasolinera) o depósitos para consumo propio;Territorio, Vivienda e Infraestructura;"Se otorga una licencia de modificación de instalaciones para estación de servicio, expendio de GLP para uso automotor, o depósito de almacenamiento para consumo propio a toda persona individual o jurídica, con el propósito de modificar sus instalaciones, previamente autorizada con licencia de operación.
Las modificaciones incluyen todas aquellas que no estén contempladas en la planificación original o que impliquen incremento mayor al 30% de la capacidad de proceso, almacenamiento, distribución y suministro.";https://mem.gob.gt/wp-content/uploads/2022/04/02-MODIFICACION-DE-INSTALACIONES-PARA-DE-ESTACION-DE-SERVICIO-Y-EXPENDIO-22032022.pdf
1456;Ministerio de Energía y Minas -MEM-;Licencia de instalación de plantas y terminales de almacenamiento;Territorio, Vivienda e Infraestructura;Se otorga una licencia de instalación de tanques de almacenamiento a toda persona individual o jurídica, a fin de instalar tanques de productos petroleros para la venta o para consumo propio, cuya capacidad total sobrepasa los 40,000 galones.;https://mem.gob.gt/wp-content/uploads/2022/06/LICENCIA-DE-INSTALACION-DE-TERMINALES-Y-PLANTAS.pdf
1457;Ministerio de Energía y Minas -MEM-;Licencia de operación de plantas y terminales de almacenamiento de petróleo y productos petroleros;Territorio, Vivienda e Infraestructura;Se otorga una licencia de operación de tanques de almacenamiento a toda persona individual o jurídica, a fin de operar tanques de productos petroleros para la venta o para consumo propio, previamente construida y autorizada con licencia de instalación.;https://mem.gob.gt/wp-content/uploads/2022/06/LICENCIA-DE-OPERACION-TERMINALES-Y-PLANTAS.pdf
1458;Ministerio de Energía y Minas -MEM-;Licencia de modificación de instalaciones de plantas y terminales de almacenamiento de petróleo y productos petroleros;Territorio, Vivienda e Infraestructura;"Se otorga una licencia de modificación de instalaciones para la venta o para consumo propio a toda persona individual o jurídica, a fin de modificar sus instalaciones previamente autorizadas con licencia de operación.
Las modificaciones incluyen todas aquellas que no estén contempladas en la planificación original o que impliquen incremento mayor al 30% de la capacidad de proceso, almacenamiento, red de transporte, distribución y suministro.";https://mem.gob.gt/wp-content/uploads/2021/06/01-Licencia-de-modificacion-de-instalaciones-en-terminales-y-plantas-de-almacenamiento.pdf
1459;Ministerio de Energía y Minas -MEM-;Licencia de instalación de plantas de refinación o transformación;Territorio, Vivienda e Infraestructura;Se otorga una licencia de instalación de planta de refinación o transformación a toda persona individual o jurídica, a fin de autorizar la construcción de instalaciones para refinar petróleo crudo y petróleo reconstituido, así como para transformar otros productos petroleros.;https://mem.gob.gt/wp-content/uploads/2021/05/08-Instalacion-de-planta-de-refinacion-y-de-transformacion.pdf
1460;Ministerio de Energía y Minas -MEM-;Licencia de modificación de instalaciones de plantas de refinación o transformación de petróleo y productos petroleros;Territorio, Vivienda e Infraestructura;"Se otorga una licencia de modificación de instalaciones de planta de refinación o transformación a toda persona individual o jurídica, a fin de autorizar la modificación de instalaciones para refinar petróleo crudo y petróleo reconstituido, así como para transformar otros productos petroleros, previamente autorizadas con licencia de operación.
Las modificaciones incluyen todas aquellas que no estén contempladas en la planificación original o que impliquen incremento mayor al 30% de la capacidad de proceso, almacenamiento, distribución y suministro.";https://mem.gob.gt/wp-content/uploads/2021/06/01-Modificacion-refinerias-y-plantas-de-transformacion.pdf
1461;Ministerio de Energía y Minas -MEM-;Licencia de instalación de plantas de envasado de gas licuado de petróleo (GLP);Territorio, Vivienda e Infraestructura;Se otorga una licencia de instalación de planta de envasado de cilindros de GLP a toda persona individual o jurídica, a fin de autorizar la construcción de instalaciones para envasado de cilindros metálicos portátiles de GLP.;https://mem.gob.gt/wp-content/uploads/2021/05/12-Licencia-de-instalacion-de-planta-de-GLP-envasado-en-cilindros-portatiles.pdf
1462;Ministerio de Energía y Minas -MEM-;Licencia de operación de plantas de envasado de gas licuado de petróleo (GLP);Territorio, Vivienda e Infraestructura;Se otorga una licencia de operación de planta de envasado de cilindros de GLP a toda persona individual o jurídica, a fin de autorizar la operación de las instalaciones para envasado de cilindros de GLP, previamente autorizadas con licencia de instalación.;https://mem.gob.gt/wp-content/uploads/2021/06/01-Licencia-de-operacion-de-planta-de-de-GLP-envasado-en-cilindros-portatiles.pdf
1463;Ministerio de Energía y Minas -MEM-;Licencia de modificación de instalaciones de plantas de envasado de gas licuado de petróleo (GLP);Territorio, Vivienda e Infraestructura;"Se otorga una licencia de modificación de instalaciones de planta de envasado de cilindros de GLP a toda persona individual o jurídica, a fin de autorizar la modificación de las instalaciones para envasado de cilindros de GLP, previamente autorizadas con licencia de operación.

Las modificaciones incluyen todas aquellas que no estén contempladas en la planificación original o que impliquen incremento mayor al 30% de la capacidad de proceso, almacenamiento, distribución y suministro.";https://mem.gob.gt/glp/
1464;Ministerio de Energía y Minas -MEM-;Renovación de licencia de instalación de almacenamiento;Territorio, Vivienda e Infraestructura;Se otorga renovación de todas las licencias de instalación para las diferentes actividades relacionadas con el almacenamiento, transporte, refinación, transformación, envasado, expendio y consumo de petróleo y productos petroleros.;https://mem.gob.gt/que-hacemos/hidrocarburos/servicios-hidrocarburos/requisitos/
2388;Ministerio de Energía y Minas -MEM-;Renovación de licencia de operación de estación de servicio (gasolinera) y depósito de almacenamiento;Territorio, Vivienda e Infraestructura;Se otorga renovación de las licencias de operación para las diferentes actividades relacionadas con el almacenamiento para la venta, venta al público o consumo propio de petróleo y productos petroleros.;https://mem.gob.gt/que-hacemos/hidrocarburos/servicios-hidrocarburos/requisitos/
2389;Ministerio de Energía y Minas -MEM-;Renovación de licencia de modificación de instalaciones de almacenamiento;Territorio, Vivienda e Infraestructura;Se otorga renovación de las licencias de modificación de instalaciones para las diferentes actividades relacionadas con el almacenamiento, transporte, refinación, transformación, envasado, expendio y consumo de petróleo y productos petroleros.;https://mem.gob.gt/que-hacemos/hidrocarburos/servicios-hidrocarburos/requisitos/
2390;Ministerio de Energía y Minas -MEM-;Licencia de operación de expendio de gas licuado de petróleo (GLP) envasado en cilindros metálicos portátiles para uso doméstico;Territorio, Vivienda e Infraestructura;"Se otorga licencia de operación a toda persona individual o jurídica a fin de operar instalaciones con condiciones de seguridad idóneas, para la venta de GLP envasado en cilindros metálicos portátiles para uso doméstico  al consumidor final.

Los expendios de GLP, se clasifican según su capacidad de almacenaje:
-Categoría 1: hasta 20 cilindros metálicos portátiles para uso doméstico de diferentes capacidades
-Categoría 2: de 21 hasta 100 cilindros metálicos portátiles para uso doméstico de diferentes capacidades
-Categoría 3: Más de 100 cilindros metálicos portátiles para uso doméstico de diferentes capacidades";https://mem.gob.gt/wp-content/uploads/2021/05/16-Licencia-de-operacion-de-expendio-de-GLP-envasado-en-cilindros-metalicos-portatiles.pdf
2391;Ministerio de Energía y Minas -MEM-;Renovación de licencia de operación de expendio de gas licuado de petróleo (GLP) envasado en cilindros metálicos portátiles para uso doméstico;Territorio, Vivienda e Infraestructura;"Se otorga renovación de licencia de operación a toda persona individual o jurídica, a fin de operar instalaciones con condiciones de seguridad idóneas, en las cuales se vende GLP envasado en cilindros metálicos portátiles para uso doméstico al consumidor final.

Los expendios de GLP, se clasifican según su capacidad de almacenaje:
-Categoría 1: hasta 20 cilindros metálicos portátiles para uso doméstico de diferentes capacidades
-Categoría 2: de 21 hasta 100 cilindros metálicos portátiles para uso doméstico de diferentes capacidades
-Categoría 3: Más de 100 cilindros metálicos portátiles para uso doméstico de diferentes capacidades";https://mem.gob.gt/wp-content/uploads/2021/06/01-Renovacion-licencia-de-operacion-expendio-de-GLP-envasado-en-cilindros-metalicos.pdf
2392;Ministerio de Energía y Minas -MEM-;Renovación de licencia de transporte de petróleo, productos petroleros y gas natural;Territorio, Vivienda e Infraestructura;Se otorga renovación de licencia de transporte a toda persona individual o jurídica, a fin de prestar servicios de transporte de petróleo, productos petroleros y gas natural, utilizando unidades móviles desde las instalaciones de suministro hasta los puntos de destino.;https://mem.gob.gt/wp-content/uploads/2022/04/03-Renovacion-de-licencia-de-transporte-de-petroleo-y-productos-petroleros-por-unidad-movil-22032022.pdf
2393;Ministerio de Energía y Minas -MEM-;Cancelación de licencia;Territorio, Vivienda e Infraestructura;Se otorga cancelación de licencia para cualquier actividad dentro de la cadena de comercialización de hidrocarburos por renuncia expresa por parte del titular de la licencia.;https://mem.gob.gt/wp-content/uploads/2021/10/S-01_28092021-Editable.pdf
2395;Ministerio de Energía y Minas -MEM-;Calificación y aplicación de incentivos fiscales para proyectos que utilizan recursos energéticos renovables -eólica-;Territorio, Vivienda e Infraestructura;Es el procedimiento que se realiza para obtener la calificación de proyectos de energía renovable, y proporciona la facultad de solicitar incentivos fiscales ante la Superintendencia de Administración Tributaria -SAT-.;https://mem.gob.gt/energias-renovables/
2396;Ministerio de Energía y Minas -MEM-;Calificación y aplicación de incentivos fiscales para proyectos que utilizan recursos energéticos renovables -biomasa-;Territorio, Vivienda e Infraestructura;Es el procedimiento que se realiza para obtener la calificación de proyectos de energía renovable, y proporciona la facultad de solicitar incentivos fiscales ante la Superintendencia de Administración Tributaria -SAT-.;https://mem.gob.gt/energias-renovables/
2397;Ministerio de Energía y Minas -MEM-;Autorización para impartir cursos de radiaciones no ionizantes;Territorio, Vivienda e Infraestructura;La Dirección General de Energía -DGE- autoriza la organización de cursos para personal ocupacionalmente expuestos a radiaciones no iomizantes.;https://mem.gob.gt/proteccion-radiologica-dpsr/
2398;Ministerio de Energía y Minas -MEM-;Autorización de personas para operar equipos de radiaciones no ionizantes;Territorio, Vivienda e Infraestructura;La Dirección General de Energía -DGE- autoriza al personal ocupacionalmente expuesto para operar equipos de radiaciones no ionizantes.;https://mem.gob.gt/proteccion-radiologica-dpsr/
2399;Ministerio de Energía y Minas -MEM-;Autorización de entidades que realizan mediciones de radiaciones no ionizantes;Territorio, Vivienda e Infraestructura;La Dirección General de Energía -DGE- autoriza a entidades para que realicen mediciones de radiaciones no ionizantes.;https://mem.gob.gt/proteccion-radiologica-dpsr/
2400;Ministerio de Energía y Minas -MEM-;Dictamen de evaluación de radiaciones no ionizantes;Territorio, Vivienda e Infraestructura;La Dirección General de Energía -DGE- otorga resolución de aprobación del dictamen de evaluación de radiaciones no ionizantes.;https://mem.gob.gt/proteccion-radiologica-dpsr/
2402;Ministerio de Energía y Minas -MEM-;Cambio de registro de operación;Territorio, Vivienda e Infraestructura;Licencias que permite el cambio de propietario para que las instalaciones, unidades o equipos, para refinar, transformar, almacenar, transportar, expender petróleo, productos petroleros, gas natural y otras actividades conexas a las mismas, puedan operarse por personas diferentes a las propietarias.;https://mem.gob.gt/que-hacemos/hidrocarburos/servicios-hidrocarburos/requisitos/
2403;Ministerio de Energía y Minas -MEM-;Licencia de calibración de tanques estacionarios;Territorio, Vivienda e Infraestructura;Se otorga licencia de calibración de tanques estacionarios a la persona individual o jurídica interesada en efectuar operaciones de calibración volumétrica de tanques estacionarios de almacenamiento de petróleo y productos petroleros, a fin de emitir certificaciones de la calibración.;https://mem.gob.gt/calibracion-2/
2404;Ministerio de Energía y Minas -MEM-;Licencia de calibración de equipo de despacho;Territorio, Vivienda e Infraestructura;Se otorga licencia de calibración de equipo de despacho a la persona individual o jurídica interesada en efectuar operaciones de calibración de equipo de despacho o surtidores, de petróleo y productos petroleros, a fin de emitir certificaciones de la calibración.;https://mem.gob.gt/calibracion-2/
2405;Ministerio de Energía y Minas -MEM-;Licencia de calibración de autotanques;Territorio, Vivienda e Infraestructura;Se otorga licencia de calibración de autotanques a la persona individual o jurídica interesada en efectuar operaciones de calibración volumétrica de autotanques para el transporte de petróleo y productos petroleros, a fin de emitir certificaciones de calibración.;https://mem.gob.gt/calibracion-2/
2406;Ministerio de Energía y Minas -MEM-;Licencias de importación, exportación, fabricación, o reparación de cilindros portátiles y tanques para envasar gas licuado de petróleo (GLP);Territorio, Vivienda e Infraestructura;Estas licencias se otorgan a personas individuales o jurídicas, interesadas en efectuar actividades de importación, exportación, fabricación o reparación de cilindros metálicos portátiles y tanques para envasar GLP.;https://mem.gob.gt/glp/
2407;Ministerio de Energía y Minas -MEM-;Licencia de marchamos;Territorio, Vivienda e Infraestructura;Se otorga licencia para la instalación de marchamos a toda persona individual o jurídica, con el propósito de que las válvulas de carga y descarga de los cilindros metálicos portátiles para envasar GLP cuenten con los marchamos respectivos.;https://mem.gob.gt/que-hacemos/hidrocarburos/servicios-hidrocarburos/requisitos/
2451;Ministerio de Energía y Minas -MEM-;Calificación y aplicación de incentivos fiscales para proyectos que utilizan recursos energéticos renovables -geotérmica-;Territorio, Vivienda e Infraestructura;Es el procedimiento que se realiza para obtener la calificación de proyectos de energía renovable, y proporciona la facultad de solicitar incentivos fiscales ante la Superintendencia de Administración Tributaria -SAT-.;https://mem.gob.gt/energias-renovables/
2456;Ministerio de Energía y Minas -MEM-;Licencia para encargado de protección radiológica -EPR-;Territorio, Vivienda e Infraestructura;La licencia es el permiso escrito, otorgado por la Dirección General de Energía -DGE- a la persona tecnicamente competente en cuestiones de protección radiológica.;https://mem.gob.gt/proteccion-radiologica-dpsr/
2458;Ministerio de Energía y Minas -MEM-;Modificación de licencias de operación de instalaciones, práctica tipo I y práctica tipo II;Territorio, Vivienda e Infraestructura;La licencia es el permiso escrito, otorgado por la Dirección General de Energía -DGE-, para hacer modificaciones a las practicas o fuentes y equipos asociados que tenga autorizados.;https://mem.gob.gt/proteccion-radiologica-dpsr/
2465;Ministerio de Energía y Minas -MEM-;Imposición de servidumbres en bienes de dominio público y privado;Medio Ambiente;Resolución que otorga el Ministerio de Energía y Minas para declarar procedente la servidumbre legal de utilidad pública.;https://mem.gob.gt/desarrollo-energetico/
2544;Ministerio de Energía y Minas -MEM-;Licencia de operación de plantas de refinación o transformación;Territorio, Vivienda e Infraestructura;Se otorga una licencia de operación de planta de refinación o transformación a toda persona individual o jurídica, a fin de autorizar la operación de instalaciones para refinar petróleo crudo y petróleo reconstituido, así como para transformar otros productos petroleros, previamente autorizadas con licencia de instalación.;https://mem.gob.gt/wp-content/uploads/2021/06/01-Operacion-de-refinerias-y-plantas-de-transformaci%C3%B3on.pdf
2545;Ministerio de Energía y Minas -MEM-;Licencia de operación depósitos para consumo propio A;Territorio, Vivienda e Infraestructura;Se otorga una licencia de operación de tanques de almacenamiento para consumo propio a toda persona individual o jurídica, con el propósito de operar tanques de productos petroleros para su consumo propio, previamente autorizada con licencia de instalación.;https://mem.gob.gt/wp-content/uploads/2021/11/LICENCIA-DE-OPERACIoN-DE-DEPoSITO-DE-ALMACENAMIENTO-CATEGORIA-A-05112021.pdf
1487;Ministerio de Finanzas Públicas -MINFIN-;Solicitud de Actualización de Domicilio;Trabajo;La modificación o Actualización de Domicilio es realizada a solicitud del pensionado del Estado,  quien haya cambiado de lugar de residencia al que fue consignado en el Acuerdo de autorización de pensión, así mismo tener registros de datos actualizados.;https://atencionvirtual.minfin.gob.gt/
1488;Ministerio de Finanzas Públicas -MINFIN-;Solicitud de Suspensión, Activación y Autorización de Pago por Reingreso al Servicio;Trabajo;"Persona que es pensionada y desempeña algún cargo o empleo en organismos del Estado, entidades descentralizadas o autónomas o reingresa al servicio público, se procede a la suspensión de la pensión; y si el pensionado solicita el pago de Bono 1";https://atencionvirtual.minfin.gob.gt/
1489;Ministerio de Finanzas Públicas -MINFIN-;Solicitud de Suspensión de Pago por Fallecimiento;Trabajo;Se extingue la pensión derivado del fallecimiento del pensionado;https://atencionvirtual.minfin.gob.gt/
1490;Ministerio de Finanzas Públicas -MINFIN-;Solicitud de Cálculo de Reintegros;Trabajo;Presentación de documentos de soporte para identificar período y monto por cobro indebido de la pensión, fallecimiento, reingreso al sector público o reinstalación, renuncia de una pensión por otra y suspensiones de ONSEC por existir beneficiarios.;https://atencionvirtual.minfin.gob.gt/
1491;Ministerio de Finanzas Públicas -MINFIN-;Solicitud para Autorización de Pago de Gastos Funerales y otros de Pensionados del Estado;Trabajo;Inventario de cuenta registrada en Tesorería Nacional, estar solvente y cumplir con requisitos para pago;https://atencionvirtual.minfin.gob.gt/
1492;Ministerio de Finanzas Públicas -MINFIN-;Certificación de Carencia de Bienes Inmuebles;Trabajo;Es el documento oficial emitido por el Ministerio de Finanzas Públicas a través de la Dirección General de Catastro y Avalúo de Bienes Inmuebles (DICABI), en el que se hace constar que una persona física NO POSEE BIENES INMUEBLES INSCRITOS EN EL DICABI.;https://atencionvirtual.minfin.gob.gt/
1493;Ministerio de Finanzas Públicas -MINFIN-;Certificación de Matrícula Fiscal;Trabajo;Es el documento oficial emitido por el Ministerio de Finanzas Públicas a través de la Dirección General de Catastro y Avalúo de Bienes Inmuebles (DICABI), en el que se hace constar en forma certificada, que un bien inmueble registrado o no en el DICABI.;https://atencionvirtual.minfin.gob.gt/
1494;Ministerio de Finanzas Públicas -MINFIN-;Registro de Cuentas de Depósitos Monetarios (Q) en SICOIN Gobierno Central para Pago a Proveedores, y Otros Beneficiarios del Estado;Trabajo;Actividad relacionada con el registro en el Sistema de Contabilidad Integrada -SICOIN- de Cuentas de Depósitos Monetarios de las Entidades del Gobierno Central y sus respectivos beneficiarios de pago, las cuales han sido previamente aperturadas en BANCO.;https://www.minfin.gob.gt/index.php/servicios-y-tramites/formularios
1495;Ministerio de Finanzas Públicas -MINFIN-;Solicitud en Línea de Registro de Cuentas de Depósitos Monetarios en Quetzales de las Entidades del Gobierno Central y Sus Respectivos Beneficiarios de Pago;Trabajo;Actividad relacionada con el registro en línea de cuentas de depósitos monetarios de las Entidades del Gobierno Central y sus respectivos beneficiarios de pago en el Sistema de Contabilidad Integrada -SICOIN-, las cuales han sido previamente aperturadas.;https://www.minfin.gob.gt/index.php/servicios-y-tramites/2servicios-en-linea
1496;Ministerio de Finanzas Públicas -MINFIN-;Generación de Constancia de Registro de Cuenta;Trabajo;Generar  constancia de inventario de cuentas de personas individuales y jurídicas, que poseen una cuenta monetaria registrada en el Sistema de Contabilidad Integrada -SICOIN-;https://atencionvirtual.minfin.gob.gt/
2709;Ministerio de Finanzas Públicas -MINFIN-;Certificación de Descuento Judiciales;Trabajo;Formulario Único para Gestión de Certificación de Embargos Judiciales;https://atencionvirtual.minfin.gob.gt/
2713;Ministerio de Finanzas Públicas -MINFIN-;Generación de Constancia de Pago de Clases Pasivas;Trabajo;Constancia de Pago de Clases Pasivas;https://atencionvirtual.minfin.gob.gt/
2673;Ministerio de Gobernación -MINGOB-;Solicitud de copia simple del Diario de Centro América;Inscripciones y Registros;Solicitud para la obtención De Fotocopias Simples del Diario de Centro América;servicios.dca.gob.gt
2674;Ministerio de Gobernación -MINGOB-;Solicitud de copia certificada del Diario de Centro América;Inscripciones y Registros;Solicitudes para la obtención de Fotocopias Certificadas del Diario de Centro America;servicios.dca.gob.gt
2675;Ministerio de Gobernación -MINGOB-;Suscripciones al Diario de Centro America;Inscripciones y Registros;Suscripción Al Diario De Centro América;servicios.dca.gob.gt
2676;Ministerio de Gobernación -MINGOB-;Solicitud de publicaciones legales del Diario de Centro América;Inscripciones y Registros;Tramite en el cual se puede brindar información correspondiente a: Edictos, Acuerdos Ministeriales, Acuerdos Gubernativos, Decretos, Resoluciones,  Actas, Balances Generales, Estados De Resultados, Subastas, Avisos,  Licitaciones, Convocatorias;servicios.dca.gob.gt
2677;Ministerio de Gobernación -MINGOB-;Solicitud de publicaciones exoneradas del Diario de Centro América;Inscripciones y Registros;Tramite en el cual, se pueden publicar documentos sin costo alguno, siempre y cuando cumplan con los requisitos establecidos por el Diario de Centro America;servicios.dca.gob.gt
2678;Ministerio de Gobernación -MINGOB-;Solicitud de inserción de documentos del Diario de Centro América;Inscripciones y Registros;Inserción de documentos relativos a propaganda comercial o publicidad dentro del Diario de Centro América;servicios.dca.gob.gt
2679;Ministerio de Gobernación -MINGOB-;Solicitud de impresión de documentos del Diario de Centro América;Inscripciones y Registros;Solicitid de impresión por parte del Diario de Centro América, de documentos diversos como: libros,  folletos, revistas,  acordeones, volantes, afiches, tarjetas para toda ocasión, block de notas, sobres, hojas membretadas, carpetas, etc.  así ta;servicios.dca.gob.gt
2680;Ministerio de Gobernación -MINGOB-;Venta De Ejemplares del Diario de Centro America;Inscripciones y Registros;Solicitud de venta de ejemplares del Diario de Centro América;servicios.dca.gob.gt
2681;Ministerio de Gobernación -MINGOB-;Venta De Libros de Diario de Centro America;Inscripciones y Registros;Solicitud de venta de libros y talonarios del Diario de Centro America;servicios.dca.gob.gt
2703;Ministerio de Gobernación -MINGOB-;Solicitud de Inscripción de Personas Jurídicas;Inscripciones y Registros;"Con este tipo de trámite puede realizar las siguientes solicitudes:
• Solicitud de Inscripción de Iglesia.
• Solicitud de Inscripción de Fundación.
• Solicitud de Inscripción de Sociedad Civil.
• Solicitud de Inscripción de Asociaciones";https://mingob.gob.gt/mingobsites/repeju/wp-content/uploads/sites/2/2022/07/FORMULARIO-SOLICITUD-DE-INSCRIPCION-DE-PERSONAS-JURIDICAS-NUEVAS.pdf
2704;Ministerio de Gobernación -MINGOB-;Solicitud de Inscripciones Generales;Inscripciones y Registros;"Con este tipo de trámite puede realizar las siguientes solicitudes:
• Solicitud de Inscripción de Mandato Legal.
• Solicitud de Inscripción de Revocatoria de Mandato.
• Solicitud de Inscripción de Modificación.
• Solicitud de Inscripció";https://mingob.gob.gt/mingobsites/repeju/wp-content/uploads/sites/2/2022/07/Formulario-de-Inscripciones-Genereales.pdf
2705;Ministerio de Gobernación -MINGOB-;Solicitud de Certificación y/o Habilitación de Libros;Inscripciones y Registros;"Con este tipo de trámite puede realizar las siguientes solicitudes:
•Razón de la inscripción de la entidad.
•Razón de la inscripción de modificación.
•Escritura o estatutos de entidad.
•Escritura de modificaciones.
•Razón de la inscr";"https://mingob.gob.gt/mingobsites/repeju/wp-content/uploads/sites/2/2022/07/Formulario-de-Solicitud-de-Certificacion-1.pdf

https://mingob.gob.gt/mingobsites/repeju/wp-content/uploads/sites/2/2022/08/Formulario-de-Solicitud-de-Habilitacion-de-Libros."
2706;Ministerio de Gobernación -MINGOB-;Solicitud de Actualización y/o Inscripción de Nombramiento de Junta Directiva de ONG Nacional o Extranjera;Inscripciones y Registros;"Con este tipo de trámite puede realizar las siguientes solicitudes:
• Solicitud de Inscripción del Nombramientos del Representante Legal y Junta Directiva de la Organización No Gubernamental Nacional.
• Solicitud de Inscripción del Nombramien";https://mingob.gob.gt/mingobsites/repeju/wp-content/uploads/sites/2/2022/08/FORMULARIO-DE-SOLICITUD-DE-INSCRIPCION-DE-REPRESENTANTE-LEGAL-Y-JUNTA-DIRECTIVA-DE-ONG.pdf
2707;Ministerio de Gobernación -MINGOB-;Solicitud de Inscripción ONG Nacional o Extranjera;Inscripciones y Registros;"Con este tipo de trámite puede realizar las siguientes solicitudes:
• Solicitud de Inscripción de Organización No Gubernamental Nacional.
• Solicitud de Inscripción de Organización No Gubernamental Extranjera.";https://mingob.gob.gt/mingobsites/repeju/wp-content/uploads/sites/2/2022/07/FORMULARIO-INSCRIPCION-ONG-NACIONAL-Y-EXTRANJERA.pdf
3082;Ministerio de Gobernación -MINGOB-;Solicitud de ingreso de Automotores a Centros de Detencion;Comunicaciones y Transporte;Proporcionar a los ciudadanos una herramienta tecnológica en cuanto a las solicitudes de ingreso de Automotores a los Centros de Detencion.;"Ley para la Simplificación de Requisitos y Trámites Administrativos, Artículo; 23,25,28,29,31,32 y 35.   y Decreto No. 47-2008, Ley para el Reconocimiento de las Comunicaciones y Firmas Electrónicas."
3083;Ministerio de Gobernación -MINGOB-;Solicitud de Constancias Laborales;Trabajo;Proporcionar a los usuarios una herramienta tecnológica para solicitar Constancias Laborales por medio de formulario electrónico.;"Ley para la Simplificación de Requisitos y Trámites Administrativos, Artículo; 23,25,28,29,31,32 y 35.   y Decreto No. 47-2008, Ley para el Reconocimiento de las Comunicaciones y Firmas Electrónicas."
3084;Ministerio de Gobernación -MINGOB-;Tramite Unifiacado de Liberades Anticipadas;Inscripciones y Registros;Proporcionar a los usuarios una herramienta tecnológica para solicitar el Tramite Unificado de Informes para Libertades Anticipadas por medio de formulario electrónico.;"Ley para la Simplificación de Requisitos y Trámites Administrativos, Artículo; 23,25,28,29,31,32 y 35"
3085;Ministerio de Gobernación -MINGOB-;Solicitud de ingreso de Proveedores a Centros de Detencion;Economía;Proporcionar a los ciudadanos una herramienta tecnológica de solicitud de ingreso de proveedor a los Centros de Detencion.;"Ley para la Simplificación de Requisitos y Trámites Administrativos, Artículo; 23,25,28,29,31,32 y 35.   y Decreto No. 47-2008, Ley para el Reconocimiento de las Comunicaciones y Firmas Electrónicas."
3086;Ministerio de Gobernación -MINGOB-;Atención de Solicitudes Electrónicas;Inscripciones y Registros;brindar la informacion solicitada a las diferentes fiscalias del Ministerio Publico, Policia Nacional Civil, Defensa Publica Penal, Procuraduria de los Derechos Humanos, Embajas, la PGN, y abogados particulares y las distintas unidades que conforman ;"Ley para la Simplificación de Requisitos y Trámites Administrativos, Artículo; 23,25,28,29,31,32 y 35.   y Decreto No. 47-2008, Ley para el Reconocimiento de las Comunicaciones y Firmas Electrónicas."
3087;Ministerio de Gobernación -MINGOB-;Generación de Estadísticas Académicas en Base a los Registros y Control Académico.;Inscripciones y Registros;Contar con una plataforma tecnológica para generar  estadísticas académicas de los empleados que han participado en las Capacitaciones, talleres,  Conferencias, cursos y Diplomados;"Ley para la Simplificación de Requisitos y Trámites Administrativos, Artículo; 23,25,28,29,31,32 y 35.   y Decreto No. 47-2008, Ley para el Reconocimiento de las Comunicaciones y Firmas Electrónicas."
3088;Ministerio de Gobernación -MINGOB-;Elaboración y Emisión de Certificaciones Académicas;Inscripciones y Registros;Proporcionar una plataforma a los empleados públicos, donde solicitaran sus certificaciones académicas por medio de un formulario electronico.;"Ley para la Simplificación de Requisitos y Trámites Administrativos, Artículo; 23,25,28,29,31,32 y 35.   y Decreto No. 47-2008, Ley para el Reconocimiento de las Comunicaciones y Firmas Electrónicas."
3641;Ministerio de Gobernación -MINGOB-;Tramite Unificado de Informes para Libertades Anticipadas;Inscripciones y Registros;Tramite por el cual, se puede solicitar información acerca de informes de libertades anticipadas;https://dgsp.gob.gt/
3646;Ministerio de Gobernación -MINGOB-;Solicitud de Constancias de Novedad (constancias de nombre);Inscripciones y Registros;Documento que permite determinar que no existe otra de igual o similar nombre y/o denominación, lo cual permite ejercer mejor control sobre entidades con/sin fines lucrativos en los registros que obran en el Ministerio de Gobernación en el trámite;www.mingob.gob.gt
3663;Ministerio de Gobernación -MINGOB-;Solicitud de Instrumento Público Autorizado ante la Escribanía de Cámara y de Gobierno.;Inscripciones y Registros;Proceso por el cual el interesado puede solicitar cita, para la información pública por parte de Escribanía de Cámara y de Gobierno;www.mingob.gob.gt
3668;Ministerio de Gobernación -MINGOB-;Programa de Prevención y Erradicación de la Violencia Intrafamiliar -PROPEVI-;Inscripciones y Registros;Pre inscripción al Programa de Prevención y Erradicación de violencia Intrafamiliar.;www.upcv.gob.gt
3750;Ministerio de Gobernación -MINGOB-;Autorización de acreditación de directores e instructores de centros de capacitación a través de modalidad virtual;Mediación y Diálogo;Tramite por el cual los Instructores y Directores cuenten con la debida capacitación que los acredite como instructores y directores;https://digessp.gob.gt/formulario-tramites/
3752;Ministerio de Gobernación -MINGOB-;Autorización de acreditación de agentes de seguridad privada en relación de dependencia a través de modalidad virtual;Mediación y Diálogo;Que los Instructores y Directores en relación de dependencia cuenten con la autorización de acreditación correspondiente;https://digessp.gob.gt/formulario-tramites/
3753;Ministerio de Gobernación -MINGOB-;Autorización de Acreditación de Escolta Privado a título personal a través de modalidad virtual;Mediación y Diálogo;Trámites que pueden realizar los agentes, escoltas e instructores de dependencia para la respectiva autorización de acreditación.;https://digessp.gob.gt/formulario-tramites/
3754;Ministerio de Gobernación -MINGOB-;Autorización de licencia de operación para persona individual.;Inscripciones y Registros;Tramite para la autorización de licencia vencida  a personas jurídicas.;https://digessp.gob.gt/formulario-tramites/
3760;Ministerio de Gobernación -MINGOB-;Autorización de licencia de operación para personas jurídicas nuevas, en adecuación y licencia de operación adicional.;Inscripciones y Registros;Autorizar la renovación de licencia vencida a personas jurídicas;https://digessp.gob.gt/formulario-tramites/
3779;Ministerio de Gobernación -MINGOB-;Devolución de vehículos por falta de tarjeta de circulación;Comunicaciones y Transporte;Esta solicitud la realizan los propietarios de vehículos por circular sin porta la tarjeta de circulación o fotocopia autenticada de la misma.;https://bit.ly/3vrI5Zg
3781;Ministerio de Gobernación -MINGOB-;Prórroga de certificado de aprobación de examen teórico práctico de menor de edad;Comunicaciones y Transporte;Extensión de la vigencia del certificado de aprobación de examen teórico-practico;https://bit.ly/3vrI5Zg
3782;Ministerio de Gobernación -MINGOB-;Registro de oftalmólogos, licenciados  en optometría, técnicos en optometría y técnico refraccionista;Comunicaciones y Transporte;El Departamento aprueba a los profesionales y técnicos que cumpliendo requisitos son autorizados para emitir exámenes de la vista, agudeza, visual;https://bit.ly/3vrI5Zg
3783;Ministerio de Gobernación -MINGOB-;Control de oftalmólogos, licencias  en optometría, técnicos en optometría y técnico refraccionistas;Comunicaciones y Transporte;El Departamento aprueba a los profesionales y técnicos que cumpliendo requisitos son autorizados para emitir exámenes de la vista, agudeza, visual;https://bit.ly/3vrI5Zg
3784;Ministerio de Gobernación -MINGOB-;Autorización de Cecoves;Comunicaciones y Transporte;Es una undiad especial dentro de la estructura del Departamento de Tránsito, cunado un Escuela de Aprendizaje de Tránsito esta debidamente autorizada y registrada  debera ser integrada a eun CECOVE para poder realizar el ejercicio de sus funciones,  pudiendo solicitar la escuela de aprendizaje de tránsito, , hacer la solicitud de autorización   y ubicación  del  CECOVE.;https://bit.ly/3vrI5Zg
3785;Ministerio de Gobernación -MINGOB-;Modificación al registro de conductores por cambio de nombre;Inscripciones y Registros;Actualización de nombre del usuario por Diligencias voluntarias de cambio de nombre;https://bit.ly/3vrI5Zg
3786;Ministerio de Gobernación -MINGOB-;Modificación al registro de conductores por identificación de persona;Comunicaciones y Transporte;Actualización de datos del usuario por Diligencias de Identificación de Persona;https://bit.ly/3vrI5Zg
3787;Ministerio de Gobernación -MINGOB-;Modificación al registro de conductores por corrección en fecha de nacimiento;Comunicaciones y Transporte;Actualización de datos del usuario por error en la fecha de nacimiento.;https://bit.ly/3vrI5Zg
3788;Ministerio de Gobernación -MINGOB-;Modificación al registro de conductores por corrección de nombre;Comunicaciones y Transporte;Actualización en el nombre del usuario por error municipal o de la entidad emisora de licencias al consignar el nombre;https://bit.ly/3vrI5Zg
3789;Ministerio de Gobernación -MINGOB-;Modificación al registro de conductores por cambio de código único de identificación -CUI-;Comunicaciones y Transporte;Actualización del CUI del usuario;https://bit.ly/3vrI5Zg
3790;Ministerio de Gobernación -MINGOB-;Modificación al registro de conductores por reconocimiento de padre;Comunicaciones y Transporte;Actualización de datos del usuario por Diligencias de Reconocimiento de hijo.;https://bit.ly/3vrI5Zg
3791;Ministerio de Gobernación -MINGOB-;Modificación al registro de conductores por adopción;Comunicaciones y Transporte;Actualización de datos del usuario por motivo de adopción.;https://bit.ly/3vrI5Zg
3792;Ministerio de Gobernación -MINGOB-;Modificación al registro de conductores por cancelación de partida de nacimiento;Comunicaciones y Transporte;El usuario solicita al Jefe del Departamento de Tránsito cambio en el registro respectivo;https://bit.ly/3vrI5Zg
3793;Ministerio de Gobernación -MINGOB-;Modificación al registro de conductores por cancelación de asiento de cédula de vecindad;Comunicaciones y Transporte;El usuario solicita al Jefe del Departamento de Tránsito cambio en el registro respectivo;https://bit.ly/3vrI5Zg
3794;Ministerio de Gobernación -MINGOB-;Modificación al registro por validación de número de registro de cédula de vecindad;Comunicaciones y Transporte;El usuario solicita al Jefe del Departamento de Tránsito cambio  en el registro respectivo;https://bit.ly/3vrI5Zg
3795;Ministerio de Gobernación -MINGOB-;Prórroga de certificados de aprobación de examen teórico práctico;Comunicaciones y Transporte;Extensión de la vigencia del certificado de aprobación de examen teórico-practico;https://bit.ly/3vrI5Zg
3796;Ministerio de Gobernación -MINGOB-;Alteración de documentos;Comunicaciones y Transporte;El ciudadano solicita que se resuelva su situación jurídica por discrepancia en la fecha de nacimiento al expedirse la licencia o por una alteración en la misma.;https://bit.ly/3vrI5Zg
3797;Ministerio de Gobernación -MINGOB-;Liberación de licencias de conducir;Comunicaciones y Transporte;El ciudadano solicita que se libere el bloqueo que obra en su licencia en virtud de que se impulso una denuncia en si contra por la comisión de un posible hecho ilícito.;https://bit.ly/3vrI5Zg
3798;Ministerio de Gobernación -MINGOB-;Exoneración de multas por no renovar licencia de conducir en el plazo establecido por estar fuera del país;Comunicaciones y Transporte;El usuario solicita la exoneracion de la multa;https://bit.ly/3vrI5Zg
3799;Ministerio de Gobernación -MINGOB-;Exoneración de multas por no renovar licencias de conducir en el plazo establecido por enfermedad;Comunicaciones y Transporte;El usuario solicita la exoneracion de la multa;https://bit.ly/3vrI5Zg
3800;Ministerio de Gobernación -MINGOB-;Exoneración de multas por no renovar licencia de conducir en el plazo establecido por prisión;Comunicaciones y Transporte;El usuario solicita la exoneración de la multa;https://bit.ly/3vrI5Zg
3801;Ministerio de Gobernación -MINGOB-;Homologación de licencias de conducir;Comunicaciones y Transporte;Equiparación de una licencia otorgada por un gobierno extranjero a una licencia nacional  para quienes cuenten con presidencia permanente en el país;https://bit.ly/3vrI5Zg
3802;Ministerio de Gobernación -MINGOB-;Desacuerdo de boletas de aviso de requerimientos de pago y citación por oposición;Comunicaciones y Transporte;El ciudadano solicita la certificación de la licencia al Departamento de Tránsito ya que le será de utilidad como requisito para obtener licencia de manejo de vehículo;https://bit.ly/3vrI5Zg
3803;Ministerio de Gobernación -MINGOB-;Desacuerdo de boletas de avisos y requerimientos de pago por prescripción;Comunicaciones y Transporte;El ciudadano solicita la certificación de la licencia al Departamento de Tránsito ya que le será de utilidad como requisito para obtener licencia de manejo de vehículo;https://bit.ly/3vrI5Zg
3804;Ministerio de Gobernación -MINGOB-;Salvoconductos;Comunicaciones y Transporte;Institucion solicita poder circualr sin distintivos el vehiculos por estar en tramite en Sat;https://bit.ly/3vrI5Zg
3805;Ministerio de Gobernación -MINGOB-;Inactivación de licencia de conducir;Comunicaciones y Transporte;El usuario solicita la inactivación de su licencia de conducir;https://bit.ly/3vrI5Zg
3806;Ministerio de Gobernación -MINGOB-;Activación de licencia de conducir;Comunicaciones y Transporte;El usuario solicita la activación de su licencia de conducir;https://bit.ly/3vrI5Zg
3807;Ministerio de Gobernación -MINGOB-;Cancelación de licencia de conducir;Comunicaciones y Transporte;El usuario solicita la cancelacion definitiva de la licencia de conducir en caso de tener varias indicar cual es la que desea cancelar;https://bit.ly/3vrI5Zg
3808;Ministerio de Gobernación -MINGOB-;Cancelación de licencia de persona fallecida;Comunicaciones y Transporte;se una modificacion que se realiza a la licencia, la realizan los familiares para que aparezca cancelada en el registro de licencias;https://bit.ly/3vrI5Zg
3809;Ministerio de Gobernación -MINGOB-;Solvencia de remisión de licencias;Comunicaciones y Transporte;Se emite un certificado que acredite al usuario que no cuenta con ninguna multa correspondiente.;https://bit.ly/3vrI5Zg
3810;Ministerio de Gobernación -MINGOB-;Solvencia de remisión de vehículos;Comunicaciones y Transporte;Se emite un certificado que acredite al usuario que no cuenta con ninguna multa correspondiente.;https://bit.ly/3vrI5Zg
3811;Ministerio de Gobernación -MINGOB-;Solvencia de remisión de vehículos;Comunicaciones y Transporte;Se emite un certificado que acredite al usuario que no cuenta con ninguna multa correspondiente.;https://bit.ly/3vrI5Zg
3812;Ministerio de Gobernación -MINGOB-;Solvencia de remisión solicitada por empresas de sus vehículos;Comunicaciones y Transporte;Se emite un certificado que acredite al usuario que no cuenta con ninguna multa correspondiente.;https://bit.ly/3vrI5Zg
3813;Ministerio de Gobernación -MINGOB-;Solvencia de remisión solicitada por empresas de sus empleados;Comunicaciones y Transporte;Se emite un certificado que acredite al usuario que no cuenta con ninguna multa correspondiente.;https://bit.ly/3vrI5Zg
3814;Ministerio de Gobernación -MINGOB-;Solvencia de remisión solicitada para seguros;Comunicaciones y Transporte;Se emite un certificado que acredite al usuario que no cuenta con ninguna multa correspondiente.;https://bit.ly/3vrI5Zg
3815;Ministerio de Gobernación -MINGOB-;Solvencia de remisión de prescripción de multa;Comunicaciones y Transporte;Se emite un certificado que acredite al usuario que no cuenta con ninguna multa correspondiente.;https://bit.ly/3vrI5Zg
3816;Ministerio de Gobernación -MINGOB-;Solvencia de remisión de devolución de vehículos;Comunicaciones y Transporte;Se emite un certificado que acredite al usuario que no cuenta con ninguna multa correspondiente.;https://bit.ly/3vrI5Zg
3817;Ministerio de Gobernación -MINGOB-;Certificación de registro de licencias de conducir por investigaciones del Ministerio Públco de todos los departamentos excepto Guatemala.;Comunicaciones y Transporte;El Ministerio Público solicita certificacion del sistema de licenica de conducir para investigaciones;https://bit.ly/3vrI5Zg
3818;Ministerio de Gobernación -MINGOB-;Certificación de registro de licencias de conducir por investigaciones del Organismo Judicial de todos los departamentos excepto Guatemala;Comunicaciones y Transporte;El Organismo Judicial solicita certificacion del sistema de licenica de conducir para investigaciones;https://bit.ly/3vrI5Zg
3819;Ministerio de Gobernación -MINGOB-;Certificación de registro de licencias de conducir por investigaciones de Superintencia de Administración Tributaria de todos los departamentos excepto Guatemala.;Comunicaciones y Transporte;La SAT  solicita certificacion del sistema de licenica de conducir para investigaciones;https://bit.ly/3vrI5Zg
3820;Ministerio de Gobernación -MINGOB-;CARNE DIPLOMATICOS;Comunicaciones y Transporte;Solicitud de carnet para diplomaticos;https://bit.ly/3vrI5Zg
3821;Ministerio de Gobernación -MINGOB-;PERMISOS DE CONDUCIR A EXTRANJEROS TEMPORALES;Comunicaciones y Transporte;SOLICITUD DE PERMISOS DE CONDUCIR SOLICITADOS POR PERSONAS CON TRAMITE DE RESIDENCIA, RESIDENCIA TEMPORAL, REFUGIADOS O DIPLOMATICOS;https://bit.ly/3vrI5Zg
3822;Ministerio de Gobernación -MINGOB-;PERMISO DE CONDUCIR PERSONAS EXTRANJERAS ASILADOS O REFUGIADOS;Comunicaciones y Transporte;SOLICITUD DE PERMISOS DE CONDUCIR SOLICITADOS POR PERSONAS CON TRAMITE DE RESIDENCIA, RESIDENCIA TEMPORAL, REFUGIADOS O DIPLOMATICOS;https://bit.ly/3vrI5Zg
3823;Ministerio de Gobernación -MINGOB-;CERTIFICACIONES DE REGISTRO DE LICENCIAS DE CONDUCIR POR INVESTIGACIONES DEL MINISTERIO PÚBLICO  DEL DEPARTAMENTO DE GUATEMALA.;Comunicaciones y Transporte;INFORMACIÓN SOLICITADA POR LAS DIFERENTES FISCALÍAS DE LA CIUDAD CAPITAL Y VILLA NUEVA, ESTO SE REALIZA SEGÚN LAS INVESTIGACIONES DEL MINISTERIO PÚBLICO PARA LA REALIZACIÓN DE INVESTIGACIONES;https://bit.ly/3vrI5Zg
3824;Ministerio de Gobernación -MINGOB-;CERTIFICACIONES DE REGISTRO DE LICENCIAS DE CONDUCIR POR INVESTIGACIONES DEL ORGANISMO JUDICIAL DEL DEPARTAMENTO DE GUATEMALA.;Comunicaciones y Transporte;INFORMACIÓN SOLICITADA POR LOS DIFERENTES ORGANOS DE JUSTICIA  DE LA CIUDAD CAPITAL Y VILLA NUEVA, ESTO SE REALIZA SEGÚN LAS INVESTIGACIONES DEL ORGANISMO JUDICIAL PARA LA REALIZACIÓN DE INVESTIGACIONES;https://bit.ly/3vrI5Zg
3825;Ministerio de Gobernación -MINGOB-;CERTIFICACIONES DE REGISTRO DE LICENCIAS DE CONDUCIR POR INVESTIGACIONES DE LA SUPERINTENDENCIA DE ADMINISTRACION TRIBUTARIA DEL DEPARTAMENTO GUATEMALA.;Comunicaciones y Transporte;INFORMACIÓN SOLICITADA POR LAS DIFERENTES UNIDADES DE LA SUPERINTENDENCIA DE ADMINISTRACIÓN TRIBUTARIA DE LA CIUDAD CAPITAL, ESTO SE REALIZA PARA LAS INVESTIGACIONES INTERNAS  PARA LA REALIZACIÓN DE SUS INVESTIGACIONES;https://bit.ly/3vrI5Zg
3826;Ministerio de Gobernación -MINGOB-;CERTIFICACIONES DE REGISTRO DE LICENCIAS DE CONDUCIR POR INVESTIGACIONES DE LA SUPERINTENDENCIA DE ADMINISTRACION TRIBUTARIA DEL DEPARTAMENTO GUATEMALA.;Comunicaciones y Transporte;INFORMACIÓN SOLICITADA POR LAS DIFERENTES UNIDADES DE LA SUPERINTENDENCIA DE ADMINISTRACIÓN TRIBUTARIA DE LA CIUDAD CAPITAL, ESTO SE REALIZA PARA LAS INVESTIGACIONES INTERNAS  PARA LA REALIZACIÓN DE SUS INVESTIGACIONES;https://bit.ly/3vrI5Zg
3827;Ministerio de Gobernación -MINGOB-;RESPUESTA AL ORGANISMO JUDICIAL SOBRE SOLVENCIAS DE LICENCIAS Y VEHÍCULOS;Comunicaciones y Transporte;El Organismo Judicial solicita solvencia de vehiculos y del sistema de licenica de conducir para investigaciones;https://bit.ly/3vrI5Zg
3828;Ministerio de Gobernación -MINGOB-;DEVOLUCIÓN DE LICENCIAS DE CONDUCIR VEHÍCULOS;Comunicaciones y Transporte;El usuario soliicita su licencia de conducir se verifica que no tenga multas pendienters;https://bit.ly/3vrI5Zg
3829;Ministerio de Gobernación -MINGOB-;RESPUESTAS AL MINISTERIO PÚBLICO SOBRE SOLVENCIAS DE LICENCIAS Y VEHÍCULOS.;Comunicaciones y Transporte;El  Minsiterio Público solicita solvencia de vehiculos y del sistema de licenica de conducir para investigaciones;https://bit.ly/3vrI5Zg
3830;Ministerio de Gobernación -MINGOB-;BLOQUEO DE LICENCIAS DE CONDUCIR DE JUZGADOS MUNICIPALES DE TRÁNSITO;Comunicaciones y Transporte;Es un trámite ordenado por Jueces de Asuntos Municipales mediante el cual se ordena al Depto. De tránsito el Bloqueo de la licencia de conducir de un conductor que haya cometido infracciones de tránsito sin haber solventado su situación Jurídica con la Municipalidad respectiva;https://bit.ly/3vrI5Zg
3831;Ministerio de Gobernación -MINGOB-;DESBLOQUEO DE LICENCIAS DE CONDUCIR DE JUZGADOS MUNICIPALES DE TRÁNSITO;Comunicaciones y Transporte;Es un trámite ordenado por Jueces de Asuntos Municipales mediante el cual se ordena al Depto. De tránsito el Desbloqueo de la licencia de conducir de un conductor en virtud de que un conductor bloqueado solventó su situación Jurídica con la Municipalidad respectiva.;https://bit.ly/3vrI5Zg
3832;Ministerio de Gobernación -MINGOB-;SUSPENSIONES DE LICENCIAS DE CONDUCIR, DE JUZGADOS PENALES;Comunicaciones y Transporte;Es un trámite ordenado por Jueces de Paz Penal mediante una sentencia resuelven la Cancelación por un plazo de tiempo determinado o indefinido de la licencia de conducir por la comisión del Delito de Responsabilidad de Conductores;https://bit.ly/3vrI5Zg
3833;Ministerio de Gobernación -MINGOB-;INFORME DE DATOS DE VEHÍCULOS AL MINISTERIO PÚBLICO;Comunicaciones y Transporte;Trámite solicitado por diversas Fiscalías del Ministerio Público mediante el cual solicitan información de Datos de Vehículo que obran en el Registro de Vehículos del Depto. De Tránsito;https://bit.ly/3vrI5Zg
3834;Ministerio de Gobernación -MINGOB-;ANOTACION Y LEVANTAMIENTOS  EN SISTEMA POR EMBARGOS, SECUESTRO, HURTO, ROBO;Comunicaciones y Transporte;Es un trámite ordenado por Jueces de Instancia Civil, de lo económico coactivo, instancia penal, Fiscalías del Mp, mediante el cual solicitan que se ingrese al sistema la anotación o levanto de embargo, secuestro, hurto o robo de vehículos;https://bit.ly/3vrI5Zg
3835;Ministerio de Gobernación -MINGOB-;ANOTACION DE PLACAS EXTRAVIADA;Comunicaciones y Transporte;Es un trámite ordenado por las diversas fiscalías del Ministerio Público en virtud de una denuncia por extravío de placa a efecto que se tome nota y si se encuentra la placa se remita información a la misma fiscalía;https://bit.ly/3vrI5Zg
3836;Ministerio de Gobernación -MINGOB-;ACTIVACION E INACTIVACION DE LICENCIAS DE CONDUCIR;Comunicaciones y Transporte;Es un trámite ordenado por las diversas fiscalías del Ministerio Público en virtud de una denuncia interpuesta por alguna Municipalidad en virtud que se le consigna su licencia de conduce por presumirse alteración de la misma;https://bit.ly/3vrI5Zg
3837;Ministerio de Gobernación -MINGOB-;ANOTACION DE VEHICULOS PENDIENTES DE LOCALIZACION;Comunicaciones y Transporte;Es un trámite mediante el cual Fiscalías del Ministerio Público solicitan que se retire del listado de Vehículos Pendientes de localización por hurto o robo en virtud que el mismo fue recuperado;https://bit.ly/3vrI5Zg
3838;Ministerio de Gobernación -MINGOB-;ENTREGA Y ARCHIVO DE BOLETAS DE AVISO REQUERIMIENTO DE PAGO Y CITACION;Comunicaciones y Transporte;Las boletas de Aviso y Requerimiento citación se imponen cuando se ha cometido una infracción a la Ley de Transito;https://bit.ly/3vrI5Zg
3839;Ministerio de Gobernación -MINGOB-;CONVENIO INTERINSTITUCIONAL ENTRE LOS MINISTERIOS DE RELACIONES EXTERIORES Y GOBERNACIÓN PARA LA EMISIÓN DEL DOCUMENTO OFICIAL PARA PODER CONDUCIR  A CONSULES, EMBAJADORES, INTEGRANTES DE MISIONES DIPLMATICAS;Comunicaciones y Transporte;Es un proceso del convenio de ayuda, para apoyo a los ciudadanos que tienen acreditación como funcionarios, o empleados de meisiones internacionales acreditados en Guatemala para la emision de permisis conducir;https://bit.ly/3vrI5Zg
3840;Ministerio de Gobernación -MINGOB-;AUTORIZACIÓN DE ESCUELAS DE APRENDIZAJE DE TRANSITO;Comunicaciones y Transporte;El proceso es inciado y aprobado por el Ministerio de Gobernacion el Departamento de Tránsito efectua la supervision correspondiente;https://bit.ly/3vrI5Zg
3841;Ministerio de Gobernación -MINGOB-;TRASLADO DE ADMINISTRACIÓN DE COMPETENCIA DE TRANSITO A MUNICIPALIDADES;Comunicaciones y Transporte;La municipalidad debe ingresar la solicitud  de la Administracion de competencia en materia de tránsito;https://bit.ly/3vrI5Zg
1638;Ministerio de la Defensa Nacional -MINDEF-;Certificado internacional de Protección al Buque.;Mediación y Diálogo;"Certificado expedido tras la verificación del 
Ministerio de la Defensa Nacional de que el sistema de protección del buque y todo equipo conexo cumple las prescripciones del capítulo XI-2 del 
convenio SOLAS y el Código PBIP.";https://dgam.mindef.mil.gt/AUTORIDAD/TROK/xtr12.html
1640;Ministerio de la Defensa Nacional -MINDEF-;REGISTRO DE TENENCIA DE ARMA DE FUEGO CON CONTRATO DE COMPRAVENTA PARA PERSONA INDIVIDUAL O JURÍDICA.;Mediación y Diálogo;REGISTRO DE TENENCIA DE ARMA DE FUEGO CON CONTRATO DE COMPRAVENTA PARA PERSONA INDIVIDUAL O JURÍDICA.;https://www.digecam.mil.gt/web/tramites.php
1641;Ministerio de la Defensa Nacional -MINDEF-;LICENCIA DE IMPORTACIÓN DE ARMAS DE FUEGO Y/O MUNICIONES POR PERSONA INDIVIDUAL;Mediación y Diálogo;LICENCIA DE IMPORTACIÓN DE ARMAS DE FUEGO Y/O MUNICIONES POR PERSONA INDIVIDUAL;https://www.digecam.mil.gt/web/tramites.php
1642;Ministerio de la Defensa Nacional -MINDEF-;EVALUACIÓN PARA PRIMERA LICENCIA DE PORTACIÓN DE ARMAS DE FUEGO.;Mediación y Diálogo;EVALUACIÓN PARA PRIMERA LICENCIA DE PORTACIÓN DE ARMAS DE FUEGO.;https://www.digecam.mil.gt/web/tramites.php
1643;Ministerio de la Defensa Nacional -MINDEF-;RENOVACIÓN DE LICENCIA DE PORTACIÓN DE ARMAS DE FUEGO PARA UNO, DOS O TRES AÑOS.;Mediación y Diálogo;RENOVACIÓN DE LICENCIA DE PORTACIÓN DE ARMAS DE FUEGO PARA UNO, DOS O TRES AÑOS.;https://www.digecam.mil.gt/web/tramites.php
1644;Ministerio de la Defensa Nacional -MINDEF-;AGREGAR Y/O SUPRIMIR ARMAS DE FUEGO A LA LICENCIA DE PORTACIÓN DE ARMA DE FUEGO.;Mediación y Diálogo;AGREGAR Y/O SUPRIMIR ARMAS DE FUEGO A LA LICENCIA DE PORTACIÓN DE ARMA DE FUEGO.;https://www.digecam.mil.gt/web/tramites.php
1645;Ministerio de la Defensa Nacional -MINDEF-;AVISO DE ROBO, HURTO, EXTRAVIO DE ARMAS DE FUEGO Y/O COMPONENTE ESPECIFICO PARA PERSONA INDIVIDUAL O JURIDICA;Mediación y Diálogo;AVISO DE ROBO, HURTO, EXTRAVIO DE ARMAS DE FUEGO Y/O COMPONENTE ESPECIFICO PARA PERSONA INDIVIDUAL O JURIDICA;https://www.digecam.mil.gt/web/tramites.php
1646;Ministerio de la Defensa Nacional -MINDEF-;REPOSICIÓN DE LICENCIA DE PORTACIÓN DE ARMAS DE FUEGO POR ROBO, HURTO, EXTRAVÍO O DETERIORO.;Mediación y Diálogo;REPOSICIÓN DE LICENCIA DE PORTACIÓN DE ARMAS DE FUEGO POR ROBO, HURTO, EXTRAVÍO O DETERIORO.;https://www.digecam.mil.gt/web/tramites.php
1647;Ministerio de la Defensa Nacional -MINDEF-;PRIMERA LICENCIA DE PORTACIÓN DE ARMAS DE FUEGO POR COMODATO;Mediación y Diálogo;PRIMERA LICENCIA DE PORTACIÓN DE ARMAS DE FUEGO POR COMODATO;https://www.digecam.mil.gt/web/trasladoEsporadico1.php
1648;Ministerio de la Defensa Nacional -MINDEF-;AGREGAR Y/O SUPRIMIR ARMA A LICENCIA DE PORTACIÓN DE ARMAS DE FUEGO POR COMODATO;Mediación y Diálogo;AGREGAR Y/O SUPRIMIR ARMA A LICENCIA DE PORTACIÓN DE ARMAS DE FUEGO POR COMODATO;https://www.digecam.mil.gt/web/trasladoEsporadico1.php
1649;Ministerio de la Defensa Nacional -MINDEF-;REPOSICIÓN DE TARJETA DE TENENCIA PARA PERSONA INDIVIDUAL POR ROBO, HURTO, EXTRAVIO, DETERIORO O ACTUALIZACION DE DATOS.;Mediación y Diálogo;REPOSICIÓN DE TARJETA DE TENENCIA PARA PERSONA INDIVIDUAL POR ROBO, HURTO, EXTRAVIO, DETERIORO O ACTUALIZACION DE DATOS.;https://www.digecam.mil.gt/web/tramites.php
1650;Ministerio de la Defensa Nacional -MINDEF-;LICENCIA DE IMPORTACIÓN DE ARMAS DE FUEGO Y/O MUNICIONES POR PERSONA JURÍDICA.;Mediación y Diálogo;LICENCIA DE IMPORTACIÓN DE ARMAS DE FUEGO Y/O MUNICIONES POR PERSONA JURÍDICA.;https://www.digecam.mil.gt/web/tramites.php
1651;Ministerio de la Defensa Nacional -MINDEF-;DESALMACENAJE Y TRANSPORTE DE ARMAS DE FUEGO Y/O MUNICIONES PARA PERSONA INDIVIDUAL.;Mediación y Diálogo;DESALMACENAJE Y TRANSPORTE DE ARMAS DE FUEGO Y/O MUNICIONES PARA PERSONA INDIVIDUAL.;https://www.digecam.mil.gt/web/tramites.php
1652;Ministerio de la Defensa Nacional -MINDEF-;ANULACIÓN DE VENTA DE ARMAS DE FUEGO POR EMPRESA DE COMPRAVENTA.;Mediación y Diálogo;ANULACIÓN DE VENTA DE ARMAS DE FUEGO POR EMPRESA DE COMPRAVENTA.;https://www.digecam.mil.gt/web/tramites.php
1653;Ministerio de la Defensa Nacional -MINDEF-;INFORMACIÓN DE ARMAS DE FUEGO DEPOSITADAS POR ORDEN JUDICIAL EN EL ALMACÉN DE DIGECAM;Mediación y Diálogo;INFORMACIÓN DE ARMAS DE FUEGO DEPOSITADAS POR ORDEN JUDICIAL EN EL ALMACÉN DE DIGECAM;https://www.digecam.mil.gt/web/tramites.php
1654;Ministerio de la Defensa Nacional -MINDEF-;AVISO DE COMPRAVENTA;Mediación y Diálogo;AVISO DE COMPRAVENTA;https://www.digecam.mil.gt/web/tramites.php
1655;Ministerio de la Defensa Nacional -MINDEF-;EVALUACIÓN PARA PRIMERA LICENCIA DE PORTACIÓN DE ARMA DE FUEGO POR COMODATO.;Mediación y Diálogo;EVALUACIÓN PARA PRIMERA LICENCIA DE PORTACIÓN DE ARMA DE FUEGO POR COMODATO.;https://www.digecam.mil.gt/web/tramites.php
1656;Ministerio de la Defensa Nacional -MINDEF-;CERTIFICACIÓN DE LICENCIA DE PORTACIÓN DE ARMA DE FUEGO Y/O TARJETA DE TENENCIA DE ARMA DE FUEGO.;Mediación y Diálogo;CERTIFICACIÓN DE LICENCIA DE PORTACIÓN DE ARMA DE FUEGO Y/O TARJETA DE TENENCIA DE ARMA DE FUEGO.;https://www.digecam.mil.gt/web/tramites.php
1657;Ministerio de la Defensa Nacional -MINDEF-;DEVOLUCIÓN DE ARMAS DE FUEGO (PERSONA JURÍDICA);Mediación y Diálogo;DEVOLUCIÓN DE ARMAS DE FUEGO (PERSONA JURÍDICA);https://www.digecam.mil.gt/web/tramites.php
1658;Ministerio de la Defensa Nacional -MINDEF-;RENOVACIÓN DE LICENCIA DE PORTACIÓN DE ARMAS DE FUEGO POR COMODATO;Mediación y Diálogo;RENOVACIÓN DE LICENCIA DE PORTACIÓN DE ARMAS DE FUEGO POR COMODATO;https://www.digecam.mil.gt/web/tramites.php
1659;Ministerio de la Defensa Nacional -MINDEF-;DESALMACENAJE Y TRANSPORTE DE ARMAS Y/O MUNICIONES PARA PERSONA JURÍDICA.;Mediación y Diálogo;DESALMACENAJE Y TRANSPORTE DE ARMAS Y/O MUNICIONES PARA PERSONA JURÍDICA.;https://www.digecam.mil.gt/web/tramites.php
1660;Ministerio de la Defensa Nacional -MINDEF-;REGISTRO DE TENENCIA DE ARMAS DE FUEGO A NOMBRE DEL ESTADO DE GUATEMALA;Mediación y Diálogo;REGISTRO DE TENENCIA DE ARMAS DE FUEGO A NOMBRE DEL ESTADO DE GUATEMALA;https://www.digecam.mil.gt/web/tramites.php
1661;Ministerio de la Defensa Nacional -MINDEF-;Licencia de Importación de Componente Específico;Mediación y Diálogo;Licencia de Importación de Componente Específico;https://www.digecam.mil.gt/web/tramites.php
1662;Ministerio de la Defensa Nacional -MINDEF-;MODIFICACIÓN DE LICENCIA DE IMPORTACIÓN;Mediación y Diálogo;MODIFICACIÓN DE LICENCIA DE IMPORTACIÓN;https://www.digecam.mil.gt/web/tramites.php
1663;Ministerio de la Defensa Nacional -MINDEF-;LICENCIA DE PORTACIÓN DE ARMAS DE FUEGO ADICIONAL;Mediación y Diálogo;LICENCIA DE PORTACIÓN DE ARMAS DE FUEGO ADICIONAL;https://www.digecam.mil.gt/web/tramites.php
1664;Ministerio de la Defensa Nacional -MINDEF-;PRIMERA LICENCIA DE PORTACIÓN DE ARMAS DE FUEGO PARA UNO, DOS O TRES AÑOS;Mediación y Diálogo;PRIMERA LICENCIA DE PORTACIÓN DE ARMAS DE FUEGO PARA UNO, DOS O TRES AÑOS;https://www.digecam.mil.gt/web/tramites.php
1665;Ministerio de la Defensa Nacional -MINDEF-;DESALMACENAJE Y TRANSPORTE DE COMPONENTES ESPECÍFICOS PARA ARMAS DE FUEGO (CAÑÓN, MARCO O CAJÓN DE MECANISMO).;Mediación y Diálogo;DESALMACENAJE Y TRANSPORTE DE COMPONENTES ESPECÍFICOS PARA ARMAS DE FUEGO (CAÑÓN, MARCO O CAJÓN DE MECANISMO).;https://www.digecam.mil.gt/web/tramites.php
1666;Ministerio de la Defensa Nacional -MINDEF-;LICENCIA DE ALMACENAJE DE ARMAS DE FUEGO Y MUNICIONES;Mediación y Diálogo;LICENCIA DE ALMACENAJE DE ARMAS DE FUEGO Y MUNICIONES;https://www.digecam.mil.gt/web/tramites.php
1667;Ministerio de la Defensa Nacional -MINDEF-;TRANSCRIPCIÓN DEL ARTÍCULO 37 DE LA LEY DE ARMAS Y MUNICIONES;Mediación y Diálogo;TRANSCRIPCIÓN DEL ARTÍCULO 37 DE LA LEY DE ARMAS Y MUNICIONES;https://www.digecam.mil.gt/web/tramites.php
1668;Ministerio de la Defensa Nacional -MINDEF-;CANCELACIÓN E INSPECCIÓN DE CIERRE DE EMPRESAS DE COMPRAVENTA DE ARMAS DE FUEGO Y MUNICIONES;Mediación y Diálogo;CANCELACIÓN E INSPECCIÓN DE CIERRE DE EMPRESAS DE COMPRAVENTA DE ARMAS DE FUEGO Y MUNICIONES;https://www.digecam.mil.gt/web/tramites.php
1669;Ministerio de la Defensa Nacional -MINDEF-;CERTIFICACIONES VARIAS;Mediación y Diálogo;CERTIFICACIONES VARIAS;https://www.digecam.mil.gt/web/tramites.php
1670;Ministerio de la Defensa Nacional -MINDEF-;LICENCIA DE COMPRAVENTA DE ARMAS DE FUEGO Y MUNICIONES.;Mediación y Diálogo;LICENCIA DE COMPRAVENTA DE ARMAS DE FUEGO Y MUNICIONES.;https://www.digecam.mil.gt/web/tramites.php
1671;Ministerio de la Defensa Nacional -MINDEF-;RENOVACIÓN DE LICENCIA DE COMPRAVENTA DE ARMAS DE FUEGO Y MUNICIONES.;Mediación y Diálogo;RENOVACIÓN DE LICENCIA DE COMPRAVENTA DE ARMAS DE FUEGO Y MUNICIONES.;https://www.digecam.mil.gt/web/tramites.php
1672;Ministerio de la Defensa Nacional -MINDEF-;LICENCIA DE FUNCIONAMIENTO DE POLÍGONO DE TIRO.;Mediación y Diálogo;LICENCIA DE FUNCIONAMIENTO DE POLÍGONO DE TIRO.;https://www.digecam.mil.gt/web/tramites.php
1673;Ministerio de la Defensa Nacional -MINDEF-;RENOVACIÓN DE LICENCIA PARA COMERCIALIZAR MUNICIÓN EN UN POLÍGONO DE TIRO;Economía;RENOVACIÓN DE LICENCIA PARA COMERCIALIZAR MUNICIÓN EN UN POLÍGONO DE TIRO;https://www.digecam.mil.gt/web/tramites.php
1674;Ministerio de la Defensa Nacional -MINDEF-;RENOVACIÓN DE LICENCIA PARA FABRICACIÓN DE ARMAS DE FUEGO Y/O MUNICIONES;Economía;RENOVACIÓN DE LICENCIA PARA FABRICACIÓN DE ARMAS DE FUEGO Y/O MUNICIONES;https://www.digecam.mil.gt/web/tramites.php
1675;Ministerio de la Defensa Nacional -MINDEF-;REPOSICIÓN DE LICENCIA PARA FABRICACIÓN DE ARMAS DE FUEGO Y/O MUNICIONES;Economía;REPOSICIÓN DE LICENCIA PARA FABRICACIÓN DE ARMAS DE FUEGO Y/O MUNICIONES;https://www.digecam.mil.gt/web/tramites.php
1676;Ministerio de la Defensa Nacional -MINDEF-;RENOVACIÓN DE LICENCIA DE ALMACENAJE DE ARMAS DE FUEGO Y/O MUNICIONES.;Economía;RENOVACIÓN DE LICENCIA DE ALMACENAJE DE ARMAS DE FUEGO Y/O MUNICIONES.;https://www.digecam.mil.gt/web/tramites.php
1677;Ministerio de la Defensa Nacional -MINDEF-;REPOSICIÓN DE LICENCIA DE ALMACENAJE DE ARMAS DE FUEGO Y/O MUNICIONES;Economía;REPOSICIÓN DE LICENCIA DE ALMACENAJE DE ARMAS DE FUEGO Y/O MUNICIONES;https://www.digecam.mil.gt/web/tramites.php
1678;Ministerio de la Defensa Nacional -MINDEF-;LICENCIA DE ARMERÍA;Economía;LICENCIA DE ARMERÍA;https://www.digecam.mil.gt/web/tramites.php
1679;Ministerio de la Defensa Nacional -MINDEF-;RENOVACIÓN DE LICENCIA DE ARMERÍA;Mediación y Diálogo;RENOVACIÓN DE LICENCIA DE ARMERÍA;https://www.digecam.mil.gt/web/tramites.php
1680;Ministerio de la Defensa Nacional -MINDEF-;REPOSICIÓN DE LICENCIA DE ARMERÍA;Mediación y Diálogo;REPOSICIÓN DE LICENCIA DE ARMERÍA;https://www.digecam.mil.gt/web/tramites.php
1681;Ministerio de la Defensa Nacional -MINDEF-;LICENCIA PARA FABRICACIÓN Y/O VENTA DE CHALECOS ANTIBALAS, IMPLEMENTOS O VESTUARIOS DE ESTA NATURALEZA.;Mediación y Diálogo;LICENCIA PARA FABRICACIÓN Y/O VENTA DE CHALECOS ANTIBALAS, IMPLEMENTOS O VESTUARIOS DE ESTA NATURALEZA.;https://www.digecam.mil.gt/web/tramites.php
1682;Ministerio de la Defensa Nacional -MINDEF-;AUTORIZACIÓN DE VENTA.;Mediación y Diálogo;AUTORIZACIÓN DE VENTA.;https://www.digecam.mil.gt/web/tramites.php
1683;Ministerio de la Defensa Nacional -MINDEF-;EVALUACIÓN PARA PRIMERA LICENCIA ESPECIAL DE PORTACIÓN DE ARMAS DE FUEGO PARA PERSONAL QUE TRABAJA EN ENTIDAD ESTATAL.;Mediación y Diálogo;EVALUACIÓN PARA PRIMERA LICENCIA ESPECIAL DE PORTACIÓN DE ARMAS DE FUEGO PARA PERSONAL QUE TRABAJA EN ENTIDAD ESTATAL.;https://www.digecam.mil.gt/web/tramites.php
1684;Ministerio de la Defensa Nacional -MINDEF-;COMISO Y REGISTRO DE TENENCIA A NOMBRE DE INSTITUCIONES DEL ESTADO;Mediación y Diálogo;COMISO Y REGISTRO DE TENENCIA A NOMBRE DE INSTITUCIONES DEL ESTADO;https://www.digecam.mil.gt/web/tramites.php
1685;Ministerio de la Defensa Nacional -MINDEF-;CANCELACIÓN DE ANOTACIÓN DE AVISO DE ROBO, HURTO O EXTRAVIO DE ARMAS DE FUEGO PARA PERSONA INDIVIDUAL O JURIDICA;Mediación y Diálogo;CANCELACIÓN DE ANOTACIÓN DE AVISO DE ROBO, HURTO O EXTRAVIO DE ARMAS DE FUEGO PARA PERSONA INDIVIDUAL O JURIDICA;https://www.digecam.mil.gt/web/tramites.php
1686;Ministerio de la Defensa Nacional -MINDEF-;RENOVACIÓN DE LICENCIA PARA FABRICACIÓN Y/O VENTA DE CHALECOS ANTIBALAS, IMPLEMENTOS O VESTUARIOS DE ESTA NATURALEZA.;Mediación y Diálogo;RENOVACIÓN DE LICENCIA PARA FABRICACIÓN Y/O VENTA DE CHALECOS ANTIBALAS, IMPLEMENTOS O VESTUARIOS DE ESTA NATURALEZA.;https://www.digecam.mil.gt/web/tramites.php
1687;Ministerio de la Defensa Nacional -MINDEF-;TRASLADO EN TRÁNSITO POR TERRITORIO GUATEMALTECO DE ARMAS DE FUEGO Y MUNICIONES;Mediación y Diálogo;TRASLADO EN TRÁNSITO POR TERRITORIO GUATEMALTECO DE ARMAS DE FUEGO Y MUNICIONES;https://www.digecam.mil.gt/web/tramites.php
1688;Ministerio de la Defensa Nacional -MINDEF-;RENOVACIÓN DE CARNÉ DE ACREDITACIÓN DE ARMA DE FUEGO PROPIEDAD DE ENTIDAD ESTATAL POR UNO, DOS O TRES AÑOS. (Armas de Fuego de Uso y Manejo Individual);Mediación y Diálogo;RENOVACIÓN DE CARNÉ DE ACREDITACIÓN DE ARMA DE FUEGO PROPIEDAD DE ENTIDAD ESTATAL POR UNO, DOS O TRES AÑOS. (Armas de Fuego de Uso y Manejo Individual);https://www.digecam.mil.gt/web/tramites.php
1689;Ministerio de la Defensa Nacional -MINDEF-;REPOSICIÓN DE CARNÉ DE ACREDITACIÓN DE ARMA DE FUEGO PROPIEDAD DE ENTIDAD ESTATAL;Mediación y Diálogo;REPOSICIÓN DE CARNÉ DE ACREDITACIÓN DE ARMA DE FUEGO PROPIEDAD DE ENTIDAD ESTATAL;https://www.digecam.mil.gt/web/tramites.php
1690;Ministerio de la Defensa Nacional -MINDEF-;AUTORIZACIÓN PARA EL TRASLADO DE ARMAS DEPORTIVAS FUERA DEL PAÍS;Mediación y Diálogo;AUTORIZACIÓN PARA EL TRASLADO DE ARMAS DEPORTIVAS FUERA DEL PAÍS;https://www.digecam.mil.gt/web/tramites.php
1691;Ministerio de la Defensa Nacional -MINDEF-;EVALUACIÓN PARA PRIMERA CREDENCIAL DE PORTACIÓN DE ARMAS DE FUEGO PARA AGENTES DE SEGURIDAD PRIVADA.;Mediación y Diálogo;EVALUACIÓN PARA PRIMERA CREDENCIAL DE PORTACIÓN DE ARMAS DE FUEGO PARA AGENTES DE SEGURIDAD PRIVADA.;https://www.digecam.mil.gt/web/tramites.php
1692;Ministerio de la Defensa Nacional -MINDEF-;RENOVACIÓN DE CREDENCIAL DE PORTACIÓN DE ARMAS DE FUEGO PARA AGENTES DE SEGURIDAD PRIVADA POR UNO, DOS O TRES AÑOS.;Mediación y Diálogo;RENOVACIÓN DE CREDENCIAL DE PORTACIÓN DE ARMAS DE FUEGO PARA AGENTES DE SEGURIDAD PRIVADA POR UNO, DOS O TRES AÑOS.;https://www.digecam.mil.gt/web/tramites.php
1693;Ministerio de la Defensa Nacional -MINDEF-;ACTUALIZACIÓN DE REGISTRO DECAM-DIGECAM CON COMPRAVENTA;Mediación y Diálogo;ACTUALIZACIÓN DE REGISTRO DECAM-DIGECAM CON COMPRAVENTA;https://www.digecam.mil.gt/web/tramites.php
1694;Ministerio de la Defensa Nacional -MINDEF-;RENOVACIÓN DE LICENCIA ESPECIAL DE PORTACIÓN DE ARMAS DE FUEGO PARA PERSONAL QUE TRABAJA EN ENTIDAD ESTATAL;Mediación y Diálogo;RENOVACIÓN DE LICENCIA ESPECIAL DE PORTACIÓN DE ARMAS DE FUEGO PARA PERSONAL QUE TRABAJA EN ENTIDAD ESTATAL;https://www.digecam.mil.gt/web/tramites.php
1695;Ministerio de la Defensa Nacional -MINDEF-;EMISIÓN DE LISTADO DE INVENTARIO DE ARMAS DE FUEGO;Mediación y Diálogo;EMISIÓN DE LISTADO DE INVENTARIO DE ARMAS DE FUEGO;https://www.digecam.mil.gt/web/tramites.php
1696;Ministerio de la Defensa Nacional -MINDEF-;AUTORIZACIÓN DE PRÁCTICA DE TIRO DEPORTIVO, OLÍMPICO O DE CUALQUIER TIPO POR JÓVENES TIRADORES Y TRASLADO DE ARMAS;Mediación y Diálogo;AUTORIZACIÓN DE PRÁCTICA DE TIRO DEPORTIVO, OLÍMPICO O DE CUALQUIER TIPO POR JÓVENES TIRADORES Y TRASLADO DE ARMAS;https://www.digecam.mil.gt/web/tramites.php
1697;Ministerio de la Defensa Nacional -MINDEF-;AUTORIZACIÓN DE VENTA DE COMPONENTE ESPECÍFICO;Mediación y Diálogo;AUTORIZACIÓN DE VENTA DE COMPONENTE ESPECÍFICO;https://www.digecam.mil.gt/web/tramites.php
1698;Ministerio de la Defensa Nacional -MINDEF-;LICENCIA ESPECIAL DE PORTACIÓN DE ARMAS PARA EMPRESAS DE SERVICIOS DE SEGURIDAD PRIVADA;Mediación y Diálogo;LICENCIA ESPECIAL DE PORTACIÓN DE ARMAS PARA EMPRESAS DE SERVICIOS DE SEGURIDAD PRIVADA;https://www.digecam.mil.gt/web/tramites.php
1699;Ministerio de la Defensa Nacional -MINDEF-;REPOSICIÓN DE LICENCIA DE COMPRAVENTA DE ARMAS DE FUEGO Y/O MUNICIONES;Mediación y Diálogo;REPOSICIÓN DE LICENCIA DE COMPRAVENTA DE ARMAS DE FUEGO Y/O MUNICIONES;https://www.digecam.mil.gt/web/tramites.php
1700;Ministerio de la Defensa Nacional -MINDEF-;REPOSICIÓN DE LICENCIA DE INSTRUCTOR DE TIRO, POR ROBO, HURTO, EXTRAVÍO, DETERIORO O ACTUALIZACIÓN DE DATOS.;Mediación y Diálogo;REPOSICIÓN DE LICENCIA DE INSTRUCTOR DE TIRO, POR ROBO, HURTO, EXTRAVÍO, DETERIORO O ACTUALIZACIÓN DE DATOS.;https://www.digecam.mil.gt/web/tramites.php
1701;Ministerio de la Defensa Nacional -MINDEF-;EVALUACIÓN Y PRIMERA LICENCIA PARA INSTRUCTOR DE TIRO.;Mediación y Diálogo;EVALUACIÓN Y PRIMERA LICENCIA PARA INSTRUCTOR DE TIRO.;https://www.digecam.mil.gt/web/tramites.php
1702;Ministerio de la Defensa Nacional -MINDEF-;RENOVACIÓN DE LICENCIA PARA INSTRUCTOR DE TIRO;Mediación y Diálogo;RENOVACIÓN DE LICENCIA PARA INSTRUCTOR DE TIRO;https://www.digecam.mil.gt/web/tramites.php
1703;Ministerio de la Defensa Nacional -MINDEF-;LICENCIA DE INTERMEDIACIÓN;Mediación y Diálogo;LICENCIA DE INTERMEDIACIÓN;https://www.digecam.mil.gt/web/tramites.php
1704;Ministerio de la Defensa Nacional -MINDEF-;SUPERVISIÓN DE PRÁCTICA DE TIRO NOCTURNA, CON ARMAS DE FUEGO PARA PERSONA INDIVIDUAL O JURÍDICA;Mediación y Diálogo;SUPERVISIÓN DE PRÁCTICA DE TIRO NOCTURNA, CON ARMAS DE FUEGO PARA PERSONA INDIVIDUAL O JURÍDICA;https://www.digecam.mil.gt/web/tramites.php
1705;Ministerio de la Defensa Nacional -MINDEF-;ACTUALIZACIÓN DE REGISTRO DECAM-DIGECAM;Mediación y Diálogo;ACTUALIZACIÓN DE REGISTRO DECAM-DIGECAM;https://www.digecam.mil.gt/web/tramites.php
1706;Ministerio de la Defensa Nacional -MINDEF-;Certificados de competencia para la gente de mar;Inscripciones y Registros;Los certificados de competencia para la gente de mar son documentos que acreditan la formación y habilidades de una persona para trabajar en el mar. Estos certificados son emitidos por la Dirección General de Asuntos Marítimos.;https://dgam.mindef.mil.gt/AUTORIDAD/TROK/xtr16.html
1708;Ministerio de la Defensa Nacional -MINDEF-;Emisión y renovación de carné o licencia para ejercer una competencia.;Mediación y Diálogo;El carné o licencia para ejercer una competencia marítima es un documento que acredita la capacidad de una persona para desempeñar una actividad relacionada con la navegación o el transporte marítimo.;https://dgam.mindef.mil.gt/AUTORIDAD/TRAMITES/DIGEMAR/documento_1.pdf
1709;Ministerio de la Defensa Nacional -MINDEF-;Certificado nacional o internacional de arqueo;Mediación y Diálogo;El certificado nacional o internacional de arqueo se refiere a un documento oficial que indica la capacidad máxima de carga y el volumen de un buque. El arqueo es la medición de la capacidad de un barco, y es importante para determinar el tonelaje del buque, su estabilidad y su capacidad de carga.;https://dgam.mindef.mil.gt/AUTORIDAD/TROK/xtr14.html
1710;Ministerio de la Defensa Nacional -MINDEF-;Certificado de desplazamiento de carga permitida a embarcaciones menores;Mediación y Diálogo;Proceso de Inspección física y de cálculos matemáticos, para determinar realmente el peso que puede llevar a bordo una embarcación, sin que esto afecte a la seguridad de la navegación, de los tripulantes y de la propia embarcación.;https://dgam.mindef.mil.gt/AUTORIDAD/TROK/xtr9.html
1712;Ministerio de la Defensa Nacional -MINDEF-;Certificado de capacidad de tracción a punto fijo (Bollard Pull).;Mediación y Diálogo;"Este certificado es importante para los buques que realizan operaciones de remolque, ya que les permite saber cuánta carga pueden mover con seguridad. La capacidad de tracción a punto fijo se mide en toneladas métricas, y se determina mediante pruebas en las que se mide la fuerza que puede ejercer el buque contra un objeto inmóvil.

El Bollard Pull es una medida importante para la seguridad y eficiencia en las operaciones de remolque, ya que permite a los capitanes y tripulaciones conocer los límites de su buque y evitar situaciones peligrosas en las que podrían poner en riesgo la seguridad del buque, su tripulación y el medio ambiente marino.";https://dgam.mindef.mil.gt/AUTORIDAD/TROK/xtr8.html
1713;Ministerio de la Defensa Nacional -MINDEF-;Emisión y refrendo de certificado por inspección de estado de a embarcaciones de cabotaje de 0.1 a 99.9 TRB.;Mediación y Diálogo;Documentos emitidos por el Ministerio de la Defensa Nacional en función de Estado de Bandera del buque, que acredita el cumplimiento de lo requerido por los Convenios y Códigos Internacionales de la Organización Marítima Internacional (OMI) a los que esta adherido el Estado Guatemala. Asimismo, están sujetos a inspección por los funcionarios encargados de la supervisión por el Estado Rector de Puerto.;https://dgam.mindef.mil.gt/AUTORIDAD/TROK/xtr17.html
1714;Ministerio de la Defensa Nacional -MINDEF-;Certificado de autorización para la realización de inspecciones subacuáticas.;Mediación y Diálogo;El Certificado de Autorización para la realización de inspecciones subacuáticas es un documento que autoriza a una persona o empresa para llevar a cabo actividades de inspección y exploración subacuática en aguas territoriales o en estructuras sumergidas, como barcos, plataformas petroleras o puentes.;https://dgam.mindef.mil.gt/AUTORIDAD/TROK/xtr7.html
1715;Ministerio de la Defensa Nacional -MINDEF-;Autorización de Empresas para inspecciones submarinas;Medio Ambiente;Para que las empresas reconocidas puedan realizar inspecciones submarinas a los buques, en cumplimiento a las funciones de Estado Ribereño;https://docs.google.com/forms/d/e/1FAIpQLSdBDJ2sf4RLodulzGcYgsHmbbGKIB3D0vv8iOI38ZXS2z2B1Q/viewform?usp=sf_link
1716;Ministerio de la Defensa Nacional -MINDEF-;Levantamiento batimétrico con equipo mono-haz y equipo multi-haz por hora de trabajo requerido por entidades no estatales.;Medio Ambiente;Sirven de base para: La planificación, desarrollo, mejoramiento y mantenimiento de las vías navegables en Ríos, lagos, canales, mares y áreas de interés. Asimismo, permite la recolección de datos para determinar la profundidad de los cuerpos de agua así como la geoforma del fondo marino.;https://dgam.mindef.mil.gt/AUTORIDAD/TROK/xtr18.html
1717;Ministerio de la Defensa Nacional -MINDEF-;Permiso para investigación científica marina;Medio Ambiente;Un permiso de investigación científica marina es una autorización otorgada por la Dirección General de Asuntos Marítimos, que permite a los científicos o investigadores llevar a cabo investigaciones en ambientes marinos. Este tipo de permiso es necesario para realizar investigaciones científicas en los océanos, mares, costas u otras áreas marinas, con el fin de asegurar que la investigación se realice de manera legal y ética, y que se cumplan las regulaciones y restricciones aplicables para proteger el medio ambiente marino.;https://dgam.mindef.mil.gt/AUTORIDAD/TROK/xtr20.html
1719;Ministerio de la Defensa Nacional -MINDEF-;Licencia (Importación, Compra y Almacenamiento de Material Explosivo y Especies Estancadas);Economía;"Este tipo de licencia faculta la Importacion, Compra y Almacenamiento de Explosivos Industriales y sus Artefactos para Hacerlos Estallar; asi como Especies Estancadas, de diferentes paises y empresas locales que cuentan con licencias, almacenandolos en bodegas, polvorines y estopineros autorizados por el Ministerio de la Defensa Nacional, con vigencia de un año.";https://especiesestancadas.mindef.mil.gt/cp_menu2/files/1.Formulario_para_Licencia_de_Importacion__Compra_y_Almacenamiento_Especies_Estancadas-1.pdf
1720;Ministerio de la Defensa Nacional -MINDEF-;Licencia (Enajenación y Exportación de Material Explosivo y Especies Estancadas);Economía;"Este tipo de licencia faculta la Exportación y Enajenacion (venta) de Explosivos Industriales y sus Artefactos para Hacerlos Estallar; asi como Especies Estancadas, a diferentes paises y empresas locales que cuentan con sus respectivas licencias; bodegas, polvorines y estopineros autorizados por el Ministerio de la Defensa Nacional, con vigencia de un año.";https://especiesestancadas.mindef.mil.gt/cp_menu2/files/3_Formulario_para_Licencia_de_Enajenacion_y_Exportacion_de_Especies_Estancadas.pdf
1721;Ministerio de la Defensa Nacional -MINDEF-;Licencia (Uso de Explosivos Industriales);Economía;"Este tipo de licencia faculta el uso de Explosivos Industriales y sus Artefactos para Hacerlos Estallar en canteras, proyectos, ampliaciones de caminos, minas  y destrucción de brechas, entre otros; con vigencia de seis meses.";https://especiesestancadas.mindef.mil.gt/cp_menu2/files/5_Formulario_para_Licencia_de_Uso_de_Explosivos_Industriales.pdf
1722;Ministerio de la Defensa Nacional -MINDEF-;Licencia (Transporte y Traslado de Artificios Pirotécnicos);Economía;Este tipo de licencia faculta a la empresa individual o jurídica el traslado de artificios pirotécnicos a diferentes puntos del territorio nacional, con vigencia de un año.;https://especiesestancadas.mindef.mil.gt/cp_menu2/files/8_Formulario_para_Licencia_de_Transporte_de_Artificios_Pirotcnicos.pdf
1723;Ministerio de la Defensa Nacional -MINDEF-;Permiso (Uso de Explosivos Industriales);Economía;"El permiso de Uso; permite el uso de explosivos industriales y sus artefacos para hacelos estallar en canteras, proyectos, ampliaciones de caminos, minas  y destrucción de brechas, entre otros.";https://especiesestancadas.mindef.mil.gt/cp_menu2/files/12_Formulario_para_el_Permiso_de_Uso.pdf
1724;Ministerio de la Defensa Nacional -MINDEF-;Permiso (Exportación Explosivos Industriales);Economía;El Permiso de Exportación: Permite a la empresa exportar a paises extranjeros explosivos industriales y sus artefactos para hacerlos estallar, para cubrir la demanda de dicho material explosivo.;https://especiesestancadas.mindef.mil.gt/cp_menu2/files/15_Formulario_Permiso_para_Exportar_Material_Explosivo-1.pdf
1725;Ministerio de la Defensa Nacional -MINDEF-;Licencia (Fabricación y Transformación de Material Explosivo Industriales);Economía;Este tipo de licencia faculta a la empresa la fabricación y transformación de material explosivo, siendo esta la conversión de las caracteristicas de una materia prima a un producto.;https://especiesestancadas.mindef.mil.gt/cp_menu2/files/7_Formulario_para_Licencia_de_Fabricacin_y_Transformacin_de_Material_calificado_como_Explosivos_Industriales.pdf
1726;Ministerio de la Defensa Nacional -MINDEF-;Licencia (Transporte y Traslado de Explosivos Industriales y Especies Estancadas);Economía;"Este tipo de licencia faculta a la empresa individual o jurídica el traslado de explosivos industriales y sus artefactos para hacerlos estallar; asi como especies estancadas a diferentes puntos del territorio nacional, con vigencia de un año.";https://especiesestancadas.mindef.mil.gt/cp_menu2/files/9_Formulario_para_LicencIa_de_Transporte_y_Traslado_de__Especies_Estancadas.pdf
1727;Ministerio de la Defensa Nacional -MINDEF-;Licencia (Experto en Explosivos);Economía;"Este tipo de licencia faculta a la persona poder manipular explosivos industriales y sus artefactos para hacerlos estallar; asi como especies estancadas, podiendo realizar trabajos de voladura en canteras, proyectos, minas, ampliaciones de caminos entre otros., en el territorio nacional, con vigencia de dos años.";https://especiesestancadas.mindef.mil.gt/cp_menu2/files/11_Formulario_para_LicencIa_de_Experto_en_Explosivos.pdf
1728;Ministerio de la Defensa Nacional -MINDEF-;Permiso (Compra y Enajenación);Economía;"El Permiso de Compra y Enajenacion: Permite la compra y venta de explosivos industriales y sus artefactos para hacerlos estallar; asi como las especies estancadas, a empresas que cuenta con sus respectivas licencias y bodegas, teniendo estas un fin industrial o comercial.";https://especiesestancadas.mindef.mil.gt/cp_menu2/files/13_Formulario_para_el_Permiso_para_Adquirir_en_Plaza_Comprar_y_Enajenar-1.pdf
1729;Ministerio de la Defensa Nacional -MINDEF-;Permiso (Importación Material Explosivos y Especies Estancadas);Economía;"El Permiso de Importación: Permite la importación de explosivos industriales y sus artefactos para hacerlos estallar; asi como especies estancadas, con el fin de atender la demanda de productos que no pueden ser producidos en el país, con un fin industrial o comercial.";https://especiesestancadas.mindef.mil.gt/cp_menu2/files/14_Formulario_Permiso_para_Importar_Especies_Estancadas_y_Explosivo_Industriales-1.pdf
1730;Ministerio de la Defensa Nacional -MINDEF-;Permiso (Custodia Militar para Transportar Material Explosivo y Especies Estancadas);Economía;"Custodia Militar: Servicio de seguridad militar proporcionada por Ministerio de la Defensa Nacional, con el objeto de reesguardar y trasladar a diferentes puntos del territorio nacional explosivos industriales y sus artefacos para hacerlos estallar; asi como especies estancadas.";https://especiesestancadas.mindef.mil.gt/cp_menu2/files/16_Formulario_Custodia_Militar-1.pdf
1731;Ministerio de la Defensa Nacional -MINDEF-;Permiso (Habilitación de Libros);Economía;"Habilitación de Libros: Libro u hojas hábiles autorizada por el Ministerio de la Defensa Nacional, con el objeto de llevar el control de ingresos y egresos de explosivos industriales y sus artefactos para hacerlos estallar; asi como especies estancadas.";https://especiesestancadas.mindef.mil.gt/cp_menu2/files/17_Formulario_Habilitacion_de_libros-1.pdf
1732;Ministerio de la Defensa Nacional -MINDEF-;Permiso (Autorización de Polvorines);Economía;Autorización de Polvorines: bodega autorizada, supervisada y reesguardada por el Ministerio de la Defensa Nacional, con el objeto de almacenar explosivos industriales y sus artefactos para hacerlos estallar.;https://especiesestancadas.mindef.mil.gt/cp_menu2/files/18_Formulario_Autorizacion_de_Polvorin-1.pdf
2487;Ministerio de la Defensa Nacional -MINDEF-;Avisos Náuticos.;Medio Ambiente;Elaboración de un Aviso Náutico sobre algún incidente marítimo, contaminación de las aguas jurisdiccionales, realización de dragados o de ese índole, reportar ayudas a la navegación en mal, estado, colocación de una nueva y reparación de las mismas, asimismo como ejercicios de índole naval, entre otros.;https://dgam.mindef.mil.gt/AUTORIDAD/CP_SOLICITUD/frm_slc_web.php
2509;Ministerio de la Defensa Nacional -MINDEF-;Supervisión de Levantamientos Hidrográficos;Mediación y Diálogo;Un Especialista Hidrógrafo de la Autoridad Marítima Nacional ,será nombrado , con el objeto de verificar que la empresa o persona particular que ejecuté un levantamiento hidrográfico cumpla con los estándares internacionales mínimos, asimismo, controlar la operación de los equipos desde su instalación , durante el levantamiento y en el trabajo de gabinete, para que los datos recolectados , procesados y editados sean validados y certificados por la Autoridad Marítima Nacional.;https://dgam.mindef.mil.gt/AUTORIDAD/TROK/xtr26.html
2510;Ministerio de la Defensa Nacional -MINDEF-;Supervisión de Dragados.;Mediación y Diálogo;Un Especialista  Hidrógrafo de la Autoridad Marítima Nacional , será nombrado , para supervisar las operaciones de dragado, los levantamientos hidrográficos pre-dragado y post-dragado, verificará la documentación de los permisos ambientales  entre otros, verificara el lugar de la disposición final de la sedimentación dragada y que cumplan llevando los sedimentos al punto designado, asimismo  posterior a la operación de dragado , la Autoridad Marítima Nacional  certificara la profundidad alcanzada.;https://dgam.mindef.mil.gt/AUTORIDAD/TROK/xtr25.html
2512;Ministerio de la Defensa Nacional -MINDEF-;Autorización de empresas vinculadas con la prevención de la contaminación desde los buques y renovación;Medio Ambiente;Es la autorización que se le proporciona a las empresas por medio de Resolución Ministerial, la cual les permite ejercer el servicio de colocación de barreras de contención, para la prevención de derrames de hidrocarburos en el mar y la pronta recuperación de las sustancias que puedan ser perjudiciales a la biodiversidad marina.;https://dgam.mindef.mil.gt/AUTORIDAD/TROK/xtr2.html
2526;Ministerio de la Defensa Nacional -MINDEF-;COMPRA Y TRASLADO DE MUNICIÓN ENTRE EMPRESAS DE COMPRAVENTA DE ARMAS Y MUNICIONES;Mediación y Diálogo;COMPRA Y TRASLADO DE MUNICIÓN ENTRE EMPRESAS DE COMPRAVENTA DE ARMAS Y MUNICIONES;https://www.digecam.mil.gt/web/tramites.php
2528;Ministerio de la Defensa Nacional -MINDEF-;MARCAJE DE LAS LITERALES GUA;Mediación y Diálogo;MARCAJE DE LAS LITERALES GUA;https://www.digecam.mil.gt/web/tramites.php
2531;Ministerio de la Defensa Nacional -MINDEF-;AUTORIZACIÓN DE INGRESO TEMPORAL DE ARMAS DE FUEGO POR EXTRANJEROS (EMBAJADAS. ESTADÍA EN GUATEMALA POR MAS DE 60 DÍAS);Mediación y Diálogo;AUTORIZACIÓN DE INGRESO TEMPORAL DE ARMAS DE FUEGO POR EXTRANJEROS (EMBAJADAS. ESTADÍA EN GUATEMALA POR MAS DE 60 DÍAS);https://www.digecam.mil.gt/web/tramites.php
2535;Ministerio de la Defensa Nacional -MINDEF-;RENOVACIÓN DE LICENCIA DE FUNCIONAMIENTO DE POLÍGONO DE TIRO.;Mediación y Diálogo;RENOVACIÓN DE LICENCIA DE FUNCIONAMIENTO DE POLÍGONO DE TIRO.;https://www.digecam.mil.gt/web/tramites.php
2536;Ministerio de la Defensa Nacional -MINDEF-;REPOSICIÓN DE LICENCIA DE FUNCIONAMIENTO DE POLÍGONO DE TIRO;Mediación y Diálogo;REPOSICIÓN DE LICENCIA DE FUNCIONAMIENTO DE POLÍGONO DE TIRO;https://www.digecam.mil.gt/web/tramites.php
2537;Ministerio de la Defensa Nacional -MINDEF-;LICENCIA PARA COMERCIALIZAR MUNICIÓN EN UN POLÍGONO DE TIRO.;Mediación y Diálogo;LICENCIA PARA COMERCIALIZAR MUNICIÓN EN UN POLÍGONO DE TIRO.;https://www.digecam.mil.gt/web/tramites.php
2538;Ministerio de la Defensa Nacional -MINDEF-;REPOSICIÓN DE LICENCIA PARA COMERCIALIZAR MUNICIÓN EN POLÍGONO DE TIRO;Mediación y Diálogo;REPOSICIÓN DE LICENCIA PARA COMERCIALIZAR MUNICIÓN EN POLÍGONO DE TIRO;https://www.digecam.mil.gt/web/tramites.php
2542;Ministerio de la Defensa Nacional -MINDEF-;REPOSICIÓN DE LICENCIA ESPECIAL DE PORTACIÓN DE ARMA DE FUEGO PARA EMPRESAS DE SERVICIOS DE SEGURIDAD PRIVADA.;Mediación y Diálogo;REPOSICIÓN DE LICENCIA ESPECIAL DE PORTACIÓN DE ARMA DE FUEGO PARA EMPRESAS DE SERVICIOS DE SEGURIDAD PRIVADA.;https://www.digecam.mil.gt/web/tramites.php
2566;Ministerio de la Defensa Nacional -MINDEF-;CERTIFICACIÓN DE PROPIEDAD DE ARMA DE FUEGO.;Mediación y Diálogo;CERTIFICACIÓN DE PROPIEDAD DE ARMA DE FUEGO.;https://www.digecam.mil.gt/web/tramites.php
2567;Ministerio de la Defensa Nacional -MINDEF-;CARNÉ DE ACREDITACIÓN DE ARMA DE FUEGO PROPIEDAD DE EMPRESA DE SEGURIDAD PRIVADA;Mediación y Diálogo;CARNÉ DE ACREDITACIÓN DE ARMA DE FUEGO PROPIEDAD DE EMPRESA DE SEGURIDAD PRIVADA;https://www.digecam.mil.gt/web/tramites.php
2568;Ministerio de la Defensa Nacional -MINDEF-;RENOVACIÓN DE CARNÉ DE ACREDITACIÓN DE ARMA DE FUEGO PARA EMPRESAS DE SEGURIDAD PRIVADA;Mediación y Diálogo;RENOVACIÓN DE CARNÉ DE ACREDITACIÓN DE ARMA DE FUEGO PARA EMPRESAS DE SEGURIDAD PRIVADA;https://www.digecam.mil.gt/web/tramites.php
2569;Ministerio de la Defensa Nacional -MINDEF-;REPOSICIÓN DE CARNÉ DE ACREDITACIÓN DE ARMA DE FUEGO PROPIEDAD DE EMPRESA DE SEGURIDAD PRIVADA;Mediación y Diálogo;REPOSICIÓN DE CARNÉ DE ACREDITACIÓN DE ARMA DE FUEGO PROPIEDAD DE EMPRESA DE SEGURIDAD PRIVADA;https://www.digecam.mil.gt/web/tramites.php
2570;Ministerio de la Defensa Nacional -MINDEF-;REPOSICIÓN DE LICENCIA ESPECIAL DE PORTACIÓN DE ARMAS DE FUEGO PARA PERSONAL QUE TRABAJA EN ENTIDAD ESTATAL.;Mediación y Diálogo;REPOSICIÓN DE LICENCIA ESPECIAL DE PORTACIÓN DE ARMAS DE FUEGO PARA PERSONAL QUE TRABAJA EN ENTIDAD ESTATAL.;https://www.digecam.mil.gt/web/tramites.php
2573;Ministerio de la Defensa Nacional -MINDEF-;REGISTRO DE TENENCIA DE MAQUINA REACONDICIONADORA DE MUNICION;Mediación y Diálogo;REGISTRO DE TENENCIA DE MAQUINA REACONDICIONADORA DE MUNICION;https://www.digecam.mil.gt/web/tramites.php
2575;Ministerio de la Defensa Nacional -MINDEF-;REPOSICION DE TARJETA DE TENENCIA PARA PERSONA JURIDICA POR ROBO, HURTO, EXTRAVIO, DETERIORO O ACTUALIZACION DE DATOS;Medio Ambiente;REPOSICION DE TARJETA DE TENENCIA PARA PERSONA JURIDICA POR ROBO, HURTO, EXTRAVIO, DETERIORO O ACTUALIZACION DE DATOS;https://www.digecam.mil.gt/web/tramites.php
2576;Ministerio de la Defensa Nacional -MINDEF-;PRIMERA CREDENCIAL DE PORTACIÓN DE ARMAS DE FUEGO PARA AGENTES DE SEGURIDAD PRIVADA (POR UNO, DOS O TRES AÑOS);Mediación y Diálogo;PRIMERA CREDENCIAL DE PORTACIÓN DE ARMAS DE FUEGO PARA AGENTES DE SEGURIDAD PRIVADA (POR UNO, DOS O TRES AÑOS);https://www.digecam.mil.gt/web/tramites.php
2577;Ministerio de la Defensa Nacional -MINDEF-;REPOSICIÓN DE LICENCIA ESPECIAL TEMPORAL DE PORTACIÓN DE ARMAS DE FUEGO POR EXTRANJEROS (COMPETIDORES DEPORTISTAS FEDERADOS).;Mediación y Diálogo;REPOSICIÓN DE LICENCIA ESPECIAL TEMPORAL DE PORTACIÓN DE ARMAS DE FUEGO POR EXTRANJEROS (COMPETIDORES DEPORTISTAS FEDERADOS).;https://www.digecam.mil.gt/web/tramites.php
2578;Ministerio de la Defensa Nacional -MINDEF-;REPOSICIÓN DE LICENCIA ESPECIAL TEMPORAL DE PORTACIÓN DE ARMAS DE FUEGO POR EXTRANJEROS (EMBAJADAS).;Mediación y Diálogo;REPOSICIÓN DE LICENCIA ESPECIAL TEMPORAL DE PORTACIÓN DE ARMAS DE FUEGO POR EXTRANJEROS (EMBAJADAS).;https://www.digecam.mil.gt/web/tramites.php
2579;Ministerio de la Defensa Nacional -MINDEF-;RENOVACIÓN DE LICENCIA ESPECIAL TEMPORAL DE PORTACIÓN DE ARMAS DE FUEGO POR EXTRANJEROS (EMBAJADAS);Mediación y Diálogo;RENOVACIÓN DE LICENCIA ESPECIAL TEMPORAL DE PORTACIÓN DE ARMAS DE FUEGO POR EXTRANJEROS (EMBAJADAS);https://www.digecam.mil.gt/web/tramites.php
2580;Ministerio de la Defensa Nacional -MINDEF-;RENOVACIÓN DE LICENCIA ESPECIAL TEMPORAL DE PORTACIÓN DE ARMAS DE FUEGO POR EXTRANJEROS (COMPETENCIAS DE DEPORTISTAS FEDERADOS);Mediación y Diálogo;RENOVACIÓN DE LICENCIA ESPECIAL TEMPORAL DE PORTACIÓN DE ARMAS DE FUEGO POR EXTRANJEROS (COMPETENCIAS DE DEPORTISTAS FEDERADOS);https://www.digecam.mil.gt/web/tramites.php
2581;Ministerio de la Defensa Nacional -MINDEF-;AUTORIZACIÓN DE INGRESO TEMPORAL DE ARMAS DE FUEGO POR EXTRANJEROS (COMPETENCIA DE DEPORTISTAS FEDERADOS. ESTADÍA EN GUATEMALA POR MAS DE 60 DÍAS);Mediación y Diálogo;AUTORIZACIÓN DE INGRESO TEMPORAL DE ARMAS DE FUEGO POR EXTRANJEROS (COMPETENCIA DE DEPORTISTAS FEDERADOS. ESTADÍA EN GUATEMALA POR MAS DE 60 DÍAS);https://www.digecam.mil.gt/web/tramites.php
2583;Ministerio de la Defensa Nacional -MINDEF-;AUTORIZACIÓN DE INGRESO TEMPORAL Y LICENCIA ESPECIAL TEMPORAL DE ARMAS DE FUEGO POR EXTRANJEROS (EMBAJADAS. ESTADÍA EN GUATEMALA POR MENOS DE 60 DÍAS);Mediación y Diálogo;AUTORIZACIÓN DE INGRESO TEMPORAL Y LICENCIA ESPECIAL TEMPORAL DE ARMAS DE FUEGO POR EXTRANJEROS (EMBAJADAS. ESTADÍA EN GUATEMALA POR MENOS DE 60 DÍAS);https://www.digecam.mil.gt/web/tramites.php
2584;Ministerio de la Defensa Nacional -MINDEF-;MARCAJE DE CARACTERÍSTICAS;Mediación y Diálogo;MARCAJE DE CARACTERÍSTICAS;https://www.digecam.mil.gt/web/tramites.php
2585;Ministerio de la Defensa Nacional -MINDEF-;AUTORIZACIÓN DE INGRESO TEMPORAL Y LICENCIA ESPECIAL TEMPORAL DE ARMAS DE FUEGO POR EXTRANJEROS (COMPETENCIAS DE DEPORTISTAS FEDERADOS. ESTADÍA EN GUATEMALA POR MENOS DE 60 DÍAS);Mediación y Diálogo;AUTORIZACIÓN DE INGRESO TEMPORAL Y LICENCIA ESPECIAL TEMPORAL DE ARMAS DE FUEGO POR EXTRANJEROS (COMPETENCIAS DE DEPORTISTAS FEDERADOS. ESTADÍA EN GUATEMALA POR MENOS DE 60 DÍAS);https://www.digecam.mil.gt/web/tramites.php
2586;Ministerio de la Defensa Nacional -MINDEF-;SOLICITUD DE PERMISO ESPECIAL PARA COMPRA DE MUNICIÓN;Mediación y Diálogo;SOLICITUD DE PERMISO ESPECIAL PARA COMPRA DE MUNICIÓN;https://www.digecam.mil.gt/web/tramites.php
2587;Ministerio de la Defensa Nacional -MINDEF-;RENOVACIÓN DE CARNÉ DE ACREDITACIÓN DE ARMA DE FUEGO PROPIEDAD DE ENTIDAD ESTATAL POR UNO, DOS O TRES AÑOS. (Armas de Fuego de Uso Civil y Deportivas);Mediación y Diálogo;RENOVACIÓN DE CARNÉ DE ACREDITACIÓN DE ARMA DE FUEGO PROPIEDAD DE ENTIDAD ESTATAL POR UNO, DOS O TRES AÑOS. (Armas de Fuego de Uso Civil y Deportivas);https://www.digecam.mil.gt/web/tramites.php
2588;Ministerio de la Defensa Nacional -MINDEF-;HABILITACIÓN DE LIBROS;Mediación y Diálogo;HABILITACIÓN DE LIBROS;https://www.digecam.mil.gt/web/tramites.php
2589;Ministerio de la Defensa Nacional -MINDEF-;SOLICITUD DE INSPECCIÓN;Mediación y Diálogo;SOLICITUD DE INSPECCIÓN;https://www.digecam.mil.gt/web/tramites.php
2590;Ministerio de la Defensa Nacional -MINDEF-;LICENCIA DE IMPORTACIÓN DE MÁQUINA REACONDICIONADORA DE MUNICIÓN;Mediación y Diálogo;LICENCIA DE IMPORTACIÓN DE MÁQUINA REACONDICIONADORA DE MUNICIÓN;https://www.digecam.mil.gt/web/tramites.php
2591;Ministerio de la Defensa Nacional -MINDEF-;LICENCIA DE IMPORTACIÓN DE PÓLVORA Y/O PROPELANTES;Mediación y Diálogo;LICENCIA DE IMPORTACIÓN DE PÓLVORA Y/O PROPELANTES;https://www.digecam.mil.gt/web/tramites.php
2592;Ministerio de la Defensa Nacional -MINDEF-;CANCELACIÓN DE ESTATUS EN CÓDIGO DE PERSONA;Mediación y Diálogo;CANCELACIÓN DE ESTATUS EN CÓDIGO DE PERSONA;https://www.digecam.mil.gt/web/tramites.php
2593;Ministerio de la Defensa Nacional -MINDEF-;CARNÉ DE ACREDITACIÓN DE ARMA DE FUEGO PROPIEDAD DE ENTIDAD ESTATAL POR UNO, DOS O TRES AÑOS. (Armas de Fuego de Uso Civil y Deportivas);Mediación y Diálogo;CARNÉ DE ACREDITACIÓN DE ARMA DE FUEGO PROPIEDAD DE ENTIDAD ESTATAL POR UNO, DOS O TRES AÑOS. (Armas de Fuego de Uso Civil y Deportivas);https://www.digecam.mil.gt/web/tramites.php
2594;Ministerio de la Defensa Nacional -MINDEF-;CARNÉ DE ACREDITACIÓN DE ARMA DE FUEGO PROPIEDAD DE ENTIDAD ESTATAL POR UNOS, DOS O TRES AÑOS (DE USO Y MANEJO INDIVIDUAL);Mediación y Diálogo;CARNÉ DE ACREDITACIÓN DE ARMA DE FUEGO PROPIEDAD DE ENTIDAD ESTATAL POR UNOS, DOS O TRES AÑOS (DE USO Y MANEJO INDIVIDUAL);https://www.digecam.mil.gt/web/tramites.php
2595;Ministerio de la Defensa Nacional -MINDEF-;DEVOLUCIÓN DE LICENCIA DE PORTACIÓN DE ARMA DE FUEGO;Mediación y Diálogo;DEVOLUCIÓN DE LICENCIA DE PORTACIÓN DE ARMA DE FUEGO;https://www.digecam.mil.gt/web/tramites.php
2596;Ministerio de la Defensa Nacional -MINDEF-;DEVOLUCIÓN DE ARMAS DE FUEGO (PERSONA INDIVIDUAL);Mediación y Diálogo;DEVOLUCIÓN DE ARMAS DE FUEGO (PERSONA INDIVIDUAL);https://www.digecam.mil.gt/web/tramites.php
2597;Ministerio de la Defensa Nacional -MINDEF-;AUTORIZACIÓN PARA DEPOSITARIO DE ARMAS DE FUEGO DE TERCERAS PERSONAS;Mediación y Diálogo;AUTORIZACIÓN PARA DEPOSITARIO DE ARMAS DE FUEGO DE TERCERAS PERSONAS;https://www.digecam.mil.gt/web/tramites.php
2598;Ministerio de la Defensa Nacional -MINDEF-;Acceso Electrónico para Empresas de Compraventa de Armas Persona Individual;Mediación y Diálogo;Acceso Electrónico para Empresas de Compraventa de Armas Persona Individual;https://www.digecam.mil.gt/web/tramites.php
2606;Ministerio de la Defensa Nacional -MINDEF-;AUTORIZACIÓN DE LICENCIA ESPECIAL TEMPORAL DE PORTACIÓN DE ARMAS DE FUEGO POR EXTRANJEROS (EMBAJADAS. ESTADÍA EN GUATEMALA POR MÁS DE 60 DÍAS);Mediación y Diálogo;AUTORIZACIÓN DE LICENCIA ESPECIAL TEMPORAL DE PORTACIÓN DE ARMAS DE FUEGO POR EXTRANJEROS (EMBAJADAS. ESTADÍA EN GUATEMALA POR MÁS DE 60 DÍAS);https://www.digecam.mil.gt/web/tramites.php
2607;Ministerio de la Defensa Nacional -MINDEF-;AUTORIZACIÓN DE LICENCIA ESPECIAL TEMPORAL DE PORTACIÓN DE ARMAS DE FUEGO POR EXTRANJEROS (COMPETENCIAS DE DEPORTISTAS FEDERADOS. ESTADÍA EN GUATEMALA POR MÁS DE 60 DÍAS);Mediación y Diálogo;AUTORIZACIÓN DE LICENCIA ESPECIAL TEMPORAL DE PORTACIÓN DE ARMAS DE FUEGO POR EXTRANJEROS (COMPETENCIAS DE DEPORTISTAS FEDERADOS. ESTADÍA EN GUATEMALA POR MÁS DE 60 DÍAS);https://www.digecam.mil.gt/web/tramites.php
2608;Ministerio de la Defensa Nacional -MINDEF-;SOLICITUD DE COPIA DE DOCUMENTOS VARIOS (PERSONA INDIVIDUAL);Mediación y Diálogo;SOLICITUD DE COPIA DE DOCUMENTOS VARIOS (PERSONA INDIVIDUAL);https://www.digecam.mil.gt/web/tramites.php
2609;Ministerio de la Defensa Nacional -MINDEF-;SOLICITUD DE COPIA DE DOCUMENTOS VARIOS (PERSONA JURÍDICA);Mediación y Diálogo;SOLICITUD DE COPIA DE DOCUMENTOS VARIOS (PERSONA JURÍDICA);https://www.digecam.mil.gt/web/tramites.php
3274;Ministerio de la Defensa Nacional -MINDEF-;Emisión y renovación de carné para ejercer una competencia por dos años;Inscripciones y Registros;Son los carne y licencias emitidos por la Autoridad Marítima de Guatemala a las personas que han aprobado diferentes cursos en la Escuela Naval de Guatemala;https://dgam.mindef.mil.gt/AUTORIDAD/CP_SOLICITUD/frm_slc_web.php
3282;Ministerio de la Defensa Nacional -MINDEF-;Certificación de planos batimétricos.;Medio Ambiente;"La certificación de planos batimétricos es un proceso mediante el cual se verifica y se garantiza que los mapas o planos que representan la topografía del fondo marino, de un cuerpo de agua o de una zona costera, cumplen con ciertos estándares técnicos y de calidad.

Los planos batimétricos muestran la profundidad y la forma del fondo del mar o de un cuerpo de agua, y son utilizados en una variedad de campos, incluyendo la navegación, la ingeniería costera, la investigación oceanográfica y la gestión de recursos marinos.

La certificación de planos batimétricos es importante para garantizar la precisión y la confiabilidad de la información que contienen, lo que a su vez puede tener un impacto significativo en la seguridad marítima, la planificación y la toma de decisiones en diversos ámbitos. La certificación suele ser realizada por organismos especializados y se basa en normas y estándares internacionales, así como en la revisión de los datos y la metodología utilizada en la elaboración del plano.";https://dgam.mindef.mil.gt/AUTORIDAD/TROK/xtr4.html
3292;Ministerio de la Defensa Nacional -MINDEF-;Certificado médico extendido a nombre del Estado.;Mediación y Diálogo;Un certificado médico extendido a nombre del Estado es un documento que acredita el estado de salud de una persona y que es emitido por un profesional médico debidamente autorizado y reconocido por el Estado.;https://dgam.mindef.mil.gt/AUTORIDAD/TROK/xtr13.html
3308;Ministerio de la Defensa Nacional -MINDEF-;Permiso de tendido de cable y tuberías submarinas en la plataforma continental;Medio Ambiente;El permiso de tendido de cables y tuberías submarinas en la plataforma continental se refiere a la autorización que se otorga a una empresa o entidad para instalar cables o tuberías submarinas en aguas costeras, generalmente en la plataforma continental, que es la porción de la superficie terrestre que se extiende desde la costa hasta la línea de batimetría de 200 metros de profundidad.;https://dgam.mindef.mil.gt/AUTORIDAD/TROK/xtr19.html
3309;Ministerio de la Defensa Nacional -MINDEF-;Emisión y renovación de carné para ejercer como gestor administrativo marítimo ante la Autoridad Marítima Nacional.;Inscripciones y Registros;"El carné para ejercer como gestor administrativo marítimo ante la Autoridad Marítima Nacional es un documento que permite a una persona actuar como representante o intermediario en trámites y gestiones relacionados con la actividad marítima en Guatemala

La emisión del carné implica la realización de un proceso en el que el solicitante debe cumplir ciertos requisitos y demostrar que cuenta con los conocimientos, habilidades y experiencia necesarios para ejercer como gestor administrativo marítimo. Estos requisitos pueden variar según el país y la autoridad marítima correspondiente.";https://dgam.mindef.mil.gt/AUTORIDAD/CP_SOLICITUD/frm_slc_web.php
3310;Ministerio de la Defensa Nacional -MINDEF-;Certificados de acreditación a los médicos competentes;Medio Ambiente;"Los certificados de acreditación a los médicos competentes son documentos que certifican que un médico ha obtenido la capacitación y habilidades necesarias para desempeñar su trabajo de manera competente.  Evalúan las habilidades y conocimientos del médico en relación con los estándares establecidos para su especialidad.

Es importante tener en cuenta que la acreditación no es una garantía absoluta de que un médico es competente en todas las áreas de su especialidad, pero sí indica que ha cumplido con ciertos requisitos y está comprometido con el aprendizaje continuo y la mejora de su práctica.";https://dgam.mindef.mil.gt/AUTORIDAD/TROK/xtr14.html
3311;Ministerio de la Defensa Nacional -MINDEF-;Certificado de Acreditación de Centros de Capacitación Marítima.;Medio Ambiente;El certificado de acreditación de centros de capacitación marítima es un documento que certifica que un centro de formación ha sido evaluado y cumple con los estándares de calidad y seguridad establecidos por la Organización Marítima Internacional (OMI). Estos centros de capacitación ofrecen cursos y programas de formación para marineros y personal de a bordo en una variedad de temas, incluyendo seguridad marítima, navegación, operaciones de barco, y otros aspectos relacionados con la industria marítima.;https://dgam.mindef.mil.gt/AUTORIDAD/TROK/xtr5.html
3312;Ministerio de la Defensa Nacional -MINDEF-;Auditoría de seguimiento al centro de capacitación marítima.;Mediación y Diálogo;"La Auditoría de seguimiento al centro de capacitación marítima es un proceso de evaluación y verificación que se lleva a cabo para asegurar que dicho centro cumpla con los requisitos y estándares establecidos para la formación y capacitación de profesionales y trabajadores en el ámbito marítimo.

Esta auditoría se realiza de manera periódica y tiene como objetivo comprobar que el centro de capacitación marítima está ofreciendo cursos y programas de formación actualizados y adecuados a las necesidades del mercado, así como también verificar que se están cumpliendo con los requisitos legales y normativos establecidos para este tipo de centros.";https://dgam.mindef.mil.gt/AUTORIDAD/TROK/xtr1.html
3313;Ministerio de la Defensa Nacional -MINDEF-;Renovación de certificación de acreditación del centro de capacitación marítima.;Medio Ambiente;"La renovación de certificación de acreditación del centro de capacitación marítima es el proceso mediante el cual se verifica que el centro de capacitación marítima sigue cumpliendo con los estándares y requisitos establecidos para la formación y capacitación de profesionales y trabajadores en el ámbito marítimo, y se le otorga una nueva acreditación por un período determinado de tiempo.

La renovación de la certificación de acreditación se realiza después de un período de tiempo establecido por el organismo de acreditación correspondiente, que puede variar según la normativa y las regulaciones del país o región donde se encuentre el centro de capacitación marítima.";https://dgam.mindef.mil.gt/AUTORIDAD/TROK/xtr23.html
3314;Ministerio de la Defensa Nacional -MINDEF-;Resolución ministerial para reclutador de gente de mar;Inscripciones y Registros;"La Resolución Ministerial del Ministerio de la Defensa Nacional para reclutador de gente de mar es un documento oficial emitido por esta autoridad en algunos países, que autoriza a una empresa o persona natural a realizar actividades de reclutamiento y colocación de personal para trabajar en buques y embarcaciones militares.

Esta resolución establece los requisitos y normas que deben cumplir los reclutadores de gente de mar, incluyendo los procedimientos para la selección y contratación de personal, las condiciones laborales y de seguridad, y las responsabilidades y obligaciones del reclutador y del personal contratado.

Además, la resolución puede establecer sanciones y medidas disciplinarias en caso de incumplimiento de los requisitos y normas establecidas, con el fin de garantizar el cumplimiento de los estándares y normativas de seguridad en el trabajo marítimo, así como proteger los derechos y condiciones laborales del personal de mar contratado.";https://dgam.mindef.mil.gt/AUTORIDAD/TROK/xtr24.html
3315;Ministerio de la Defensa Nacional -MINDEF-;Refrendo de la autorización a las empresas vinculadas con la prevención de la contaminación desde los buques.;Medio Ambiente;"El Refrendo de la autorización a las empresas vinculadas con la prevención de la contaminación desde los buques se refiere a un proceso de renovación periódica de la autorización que se concede a las empresas que prestan servicios relacionados con la prevención de la contaminación marina.

Estas empresas están involucradas en la provisión de servicios como la gestión de residuos, la limpieza de derrames de petróleo y otros productos químicos, y la supervisión del cumplimiento de las normas ambientales aplicables a las operaciones de los buques.

El Refrendo de la autorización tiene como objetivo garantizar que estas empresas continúen cumpliendo con los requisitos reglamentarios y las normas ambientales aplicables, y que sigan teniendo las capacidades y recursos necesarios para prestar servicios de alta calidad en la prevención de la contaminación marina.";https://dgam.mindef.mil.gt/AUTORIDAD/TROK/xtr22.html
3316;Ministerio de la Defensa Nacional -MINDEF-;Certificación de acreditación de empresas de construcción, reparación o modificación de desguace de vehículos marítimos.;Medio Ambiente;"relacionadas con la construcción, reparación, modificación o desguace de vehículos marítimos, y tiene como objetivo garantizar que estas empresas cumplan con los requisitos técnicos y de seguridad establecidos por las normativas y regulaciones aplicables.

La obtención de este certificado implica que la empresa ha pasado por un proceso de evaluación exhaustiva y ha demostrado su capacidad para realizar las actividades de construcción, reparación, modificación o desguace de vehículos marítimos de manera segura y eficiente, y en cumplimiento de las normativas y regulaciones aplicables.";https://dgam.mindef.mil.gt/AUTORIDAD/TROK/xtr6.html
3317;Ministerio de la Defensa Nacional -MINDEF-;Certificado de humedad a cargas sólidas a granel;Medio Ambiente;"Este certificado es importante porque el contenido de humedad en una carga sólida a granel puede afectar la calidad y la estabilidad de la carga, así como también puede tener implicaciones en la seguridad del transporte marítimo de la carga.

El Certificado de Humedad a Cargas Sólidas a Granel se emite después de realizar pruebas de laboratorio en muestras de la carga, utilizando métodos y procedimientos estandarizados para medir el nivel de humedad.

Este certificado puede ser requerido por las autoridades portuarias y aduaneras, así como por los compradores y vendedores de la carga, y es utilizado como prueba de que la carga cumple con los requisitos de calidad y seguridad establecidos por las normativas y regulaciones aplicables.";https://dgam.mindef.mil.gt/AUTORIDAD/TROK/xtr10.html
3318;Ministerio de la Defensa Nacional -MINDEF-;Prueba de flotabilidad y estabilidad a vehículos marítimos;Medio Ambiente;"La Prueba de Flotabilidad y Estabilidad a Vehículos Marítimos es un conjunto de pruebas realizadas para determinar la capacidad de una embarcación para flotar y mantenerse estable en el agua en diferentes condiciones de carga, incluyendo en situaciones de emergencia.

Estas pruebas son obligatorias para todas las embarcaciones, incluyendo barcos, yates, veleros y otras embarcaciones marítimas, y son llevadas a cabo por expertos en el tema, como ingenieros navales y especialistas en seguridad marítima.

Durante la prueba, se evalúa la capacidad de la embarcación para flotar y mantenerse estable bajo diferentes escenarios de carga, incluyendo en situaciones de emergencia, como una colisión o una inundación. También se llevan a cabo simulaciones de condiciones climáticas adversas, como fuertes vientos y oleaje.";https://dgam.mindef.mil.gt/AUTORIDAD/TROK/xtr21.html
3319;Ministerio de la Defensa Nacional -MINDEF-;Certificado de profundidad para los puertos (dársenas de maniobra, atracaderos, canales de acceso, áreas de fondeo);Medio Ambiente;"El Certificado de Profundidad para los Puertos es un documento que indica la profundidad de los diferentes elementos de un puerto, como las dársenas de maniobra, los atracaderos, los canales de acceso y las áreas de fondeo.

Este certificado es emitido por la autoridad portuaria o por una empresa especializada en medición de profundidades, y es importante para la navegación segura de los barcos y para la planificación de las operaciones portuarias.

El certificado de profundidad se obtiene a través de mediciones realizadas con equipos especializados, como sonares y batimetrías, que permiten determinar la profundidad del agua en diferentes puntos del puerto. Esta información se recopila en un informe detallado que incluye un mapa del puerto con las profundidades indicadas.

Este certificado es importante para la seguridad de la navegación de los barcos, ya que permite a los capitanes y a los pilotos conocer las profundidades de los diferentes elementos del puerto, lo que les permite planificar su entrada y salida del puerto de manera segura. Además, este certificado es necesario para la planificación de las operaciones portuarias, como la carga y descarga de mercancías, la construcción de infraestructuras y la asignación de atracaderos.";https://dgam.mindef.mil.gt/AUTORIDAD/TROK/xtr11.html
3320;Ministerio de la Defensa Nacional -MINDEF-;REGISTRO Y MATRICULACIÓN DE VEHÍCULOS MARÍTIMOS;Inscripciones y Registros;Todos los vehículos marítimos propiedad de persona individual, jurídica o del Estado que cuenten con importación definitiva, construidos o adquiridos en el Estado de Guatemala, están obligados a registrarse en las Comandancias y Capitanías de Puerto y Comandancias y Capitanías Lacustres de la República, de su jurisdicción para adquirir matrícula y bandera guatemalteca.;https://dgam.mindef.mil.gt/DIGECAP/abanderamiento.php
3321;Ministerio de la Defensa Nacional -MINDEF-;ABANDERAMIENTO DE VEHÍCULOS MARÍTIMOS;Inscripciones y Registros;"Acto posterior a la matrícula e inspección que consiste en la asignación de la bandera nacional por parte de la Autoridad Marítima Nacional, concibiendo los derechos y privilegios que concede las leyes del Estado; así como la obligación a cumplir con las regulaciones nacionales e internacionales firmadas y ratificadas por Guatemala.";https://dgam.mindef.mil.gt/DIGECAP/abanderamiento.php
3322;Ministerio de la Defensa Nacional -MINDEF-;ABANDERAMIENTO DE VEHÍCULOS MARÍTIMOS REGISTRADOS EN EL EXTRANJERO;Inscripciones y Registros;En los casos que un vehículo marítimo haya renunciado a la bandera de otro país y requiere el abanderamiento por el Estado de Guatemala, el propietario deberá cumplir los requisitos siguientes:;https://dgam.mindef.mil.gt/DIGECAP/abanderamiento_ext.php
3323;Ministerio de la Defensa Nacional -MINDEF-;ZARPES NACIONALES E INTERNACIONALES;Mediación y Diálogo;Para la emisión de zarpe del vehículo marítimo podrán comparecer persona individual, jurídica o gestor administrativo que lo solicite.;https://dgam.mindef.mil.gt/DIGECAP/zarpes.php
3324;Ministerio de la Defensa Nacional -MINDEF-;RECEPCIÓN OFICIAL Y LIBRE PLÁTICA;Mediación y Diálogo;"Todo vehículo marítimo con destino a Guatemala, al ingresar a mar territorial deberá izar la bandera guatemalteca y la de la nación bajo cuya patente navegue; así? como la de sanidad y la de peligro en los casos en que transporte materiales inflamables y explosivos.";https://dgam.mindef.mil.gt/DIGECAP/libre_platica.php
3325;Ministerio de la Defensa Nacional -MINDEF-;MODIFICACIÓN, RECTIFICACIÓN, CANCELACIÓN Y EXTINCIÓN DE LAS INSCRIPCIONES;Mediación y Diálogo;Cambio de nombre, color, sistema de propulsión o cambios estructurales menores, Cambios estructurales mayores, cambio de propiedad del vehículo marítimo. Para llevar a cabo las modificaciones en el presente artículo, la persona individual, jurídica o gestor administrativo;https://dgam.mindef.mil.gt/DIGECAP/modificaciones.php
3326;Ministerio de la Defensa Nacional -MINDEF-;Baja de Vehículos Marítimos;Inscripciones y Registros;La última anotación en el asiento de inscripción del vehículo marítimo será la baja o cancelación, la persona individual, jurídica o gestor administrativo.;https://dgam.mindef.mil.gt/DIGECAP/baja.php
3327;Ministerio de la Defensa Nacional -MINDEF-;PERMISOS TEMPORALES POR ESTADÍA, a embarcación extranjera sin fines de lucro por periodo de tres (03), seis (06) y doce (12) meses en aguas jurisdiccionales.;Medio Ambiente;"Todo vehículo marítimo que con destino a Guatemala arribe a uno de los puertos del país, deberá indicar después de la recepción oficial, si va a permanecer navegando en aguas jurisdiccionales al Comandante y Capitán de Puerto.

El Estado de Guatemala, otorga por un periodo de tres, nueve o doce meses de estadía temporal sin fines de lucro con reexportación al vehículo marítimo.";https://dgam.mindef.mil.gt/DIGECAP/permisos_temp.php
3328;Ministerio de la Defensa Nacional -MINDEF-;Permisos MARPOL, Permiso de recolección por cada Anexo I, II, IV, V y VI;Inscripciones y Registros;Para la prestación de los servicios a vehículos marítimos por cada Anexo I - prevención de la contaminación por hidrocarburos, II - prevención de la contaminación por sustancias nocivas líquidas a granel, III - prevención de la contaminación por sustancias perjudiciales transportadas por mar en bultos, IV - prevención de la contaminación por las aguas sucias, V - prevención de la contaminación por las basuras de los buques y VI - prevención de la contaminación atmosférica, de conformidad al Convenio MARPOL.;https://dgam.mindef.mil.gt/DIGECAP/marpol.php
3329;Ministerio de la Defensa Nacional -MINDEF-;Pases de embarque y desembarque;Mediación y Diálogo;Pases de embarque y desembarque;https://dgam.mindef.mil.gt/DIGECAP/pases.php
3767;Ministerio de la Defensa Nacional -MINDEF-;REPOSICIÓN DE LICENCIA PARA FABRICACIÓN Y/O VENTA DE CHALECOS ANTIBALAS, IMPLEMENTOS O VESTUARIOS DE ESTA NATURALEZA;Mediación y Diálogo;REPOSICIÓN DE LICENCIA PARA FABRICACIÓN Y/O VENTA DE CHALECOS ANTIBALAS, IMPLEMENTOS O VESTUARIOS DE ESTA NATURALEZA;https://www.digecam.mil.gt/web/tramites.php
3768;Ministerio de la Defensa Nacional -MINDEF-;REPOSICIÓN DE CREDENCIAL DE PORTACIÓN DE ARMAS DE FUEGO PARA AGENTES DE SEGURIDAD PRIVADA;Mediación y Diálogo;REPOSICIÓN DE CREDENCIAL DE PORTACIÓN DE ARMAS DE FUEGO PARA AGENTES DE SEGURIDAD PRIVADA;https://www.digecam.mil.gt/web/tramites.php
3769;Ministerio de la Defensa Nacional -MINDEF-;LICENCIA PARA FABRICACIÓN DE ARMAS DE FUEGO Y/O MUNICIONES;Mediación y Diálogo;LICENCIA PARA FABRICACIÓN DE ARMAS DE FUEGO Y/O MUNICIONES;https://www.digecam.mil.gt/web/tramites.php
3770;Ministerio de la Defensa Nacional -MINDEF-;RECLASIFICACIÓN DE ARMA DE FUEGO;Mediación y Diálogo;RECLASIFICACIÓN DE ARMA DE FUEGO;https://www.digecam.mil.gt/web/tramites.php
3771;Ministerio de la Defensa Nacional -MINDEF-;PRESENTACIÓN DE REPORTES DE VENTAS DE ARMAS Y MUNICIONES;Mediación y Diálogo;PRESENTACIÓN DE REPORTES DE VENTAS DE ARMAS Y MUNICIONES;https://www.digecam.mil.gt/web/tramites.php
3772;Ministerio de la Defensa Nacional -MINDEF-;PRIMERA LICENCIA ESPECIAL DE PORTACIÓN DE ARMAS DE FUEGO PARA PERSONAL QUE TRABAJA EN ENTIDAD ESTATAL;Mediación y Diálogo;PRIMERA LICENCIA ESPECIAL DE PORTACIÓN DE ARMAS DE FUEGO PARA PERSONAL QUE TRABAJA EN ENTIDAD ESTATAL;https://www.digecam.mil.gt/web/tramites.php
3773;Ministerio de la Defensa Nacional -MINDEF-;LICENCIA DE TRASLADO ESPORÁDICO;Mediación y Diálogo;LICENCIA DE TRASLADO ESPORÁDICO;https://www.digecam.mil.gt/web/tramites.php
3774;Ministerio de la Defensa Nacional -MINDEF-;INFORME MENSUAL DE EMPRESAS DE SEGURIDAD PRIVADA;Mediación y Diálogo;INFORME MENSUAL DE EMPRESAS DE SEGURIDAD PRIVADA;https://www.digecam.mil.gt/web/tramites.php
3775;Ministerio de la Defensa Nacional -MINDEF-;Certificado de reclutador de gente de mar;Seguridad;El Certificado de Reclutador de Gente de Mar es un documento que acredita a una persona o entidad como un reclutador autorizado para contratar y reclutar personal que trabajará en buques o embarcaciones marítimas. Este certificado es fundamental en la industria marítima para garantizar que los trabajadores de mar sean seleccionados adecuadamente y cumplan con los requisitos necesarios para desempeñar sus funciones de manera segura y eficiente a bordo de los barcos.;https://dgam.mindef.mil.gt/AUTORIDAD/TROK/xtr38.html
3776;Ministerio de la Defensa Nacional -MINDEF-;Carné de reclutador de gente de mar;Inscripciones y Registros;El Carné de Reclutador de Gente de Mar es un documento que acredita a una persona o entidad como un reclutador autorizado para contratar y gestionar la contratación de personal que trabajará en la industria marítima. Este carné es fundamental en la navegación marítima para asegurar que las personas contratadas cumplan con los requisitos y las normativas necesarias para desempeñar sus funciones de manera segura y eficiente a bordo de embarcaciones marítimas.;https://dgam.mindef.mil.gt/AUTORIDAD/TROK/xtr39.html
1733;Ministerio de Relaciones Exteriores -MINEX-;Solicitud de certificado de apostilla;Servicios de Migración;La apostilla consiste en colocar sobre un documento público, una anotación que certifica la autenticidad de la firma de los documentos públicos expedidos en un país parte y que deban surtir efectos en otro país miembro de la convención. Así mismo, los documentos emitidos por un país parte del convenio que hayan sido certificados por una apostilla deberán ser reconocidos en ese sin necesidad de otro tipo de autenticación.;https://apostilla.minex.gob.gt
1734;Ministerio de Relaciones Exteriores -MINEX-;Solicitud de certificado de legalización de documentos;Servicios de Migración;Los documentos provenientes del extranjero para que sean admisibles en Guatemala y los expedidos en el país que vayan a surtir efecto en el extranjero corresponde legalizarlos al Ministerio de Relaciones Exteriores;https://www.minex.gob.gt/Uploads/Formulario-de-Ingreso-de-documentos-para-legalizacion.pdf
1751;Ministerio de Relaciones Exteriores -MINEX-;Solicitud para uso de salón diplomático;Servicios de Migración;Uso de salón diplomático del Ministerio de Relaciones Exteriores ubicado en el aeropuerto internacional La Aurora para uso de funcionarios nacionales y extranjeros;https://protocaila.minex.gob.gt
2740;Ministerio de Relaciones Exteriores -MINEX-;Solicitud de inscripción, actualización e informe de organizaciones no gubernamentales - ONG´s;Servicios de Migración;Procedimientos para inscripción, actualización de datos e informe de donaciones de organizaciones no gubernamentales - ONG´S -;https://www.minex.gob.gt/Visor_Pagina.aspx?PaginaID=2255
2751;Ministerio de Relaciones Exteriores -MINEX-;Solicitud de cita consular;Servicios de Migración;Sistema de citas para servicios consulares en el exterior;http://www.citaconsularguatemala.com/
2776;Ministerio de Relaciones Exteriores -MINEX-;Solicitud de recuperación de nacionalidad guatemalteca;Servicios de Migración;Importante: **Ley de nacionalidad ver artículos 33,34,35,36,37 y 38. **;https://www.minex.gob.gt/Uploads/Formulario-Recuperacion-NAC-Guatemalteca.pdf
2778;Ministerio de Relaciones Exteriores -MINEX-;Solicitud nacionalidad Centroamericanos y Belice;Medio Ambiente;Importante: **Ley de nacionalidad ver artículos 33,34,35,36,37 y 38. **;https://www.minex.gob.gt/Uploads/Formulario-Centroamericanos-ART-145-CPRG.pdf
2780;Ministerio de Relaciones Exteriores -MINEX-;Solicitud de nacionalidad guatemalteca para hijos de padres guatemaltecos;Servicios de Migración;Nacionalidad de origen. Son guatemaltecos de origen, los nacidos en el territorio de la república de Guatemala, naves y aeronaves guatemaltecas y los hijos de padre o madre guatemaltecos, nacidos en el extranjero. Se exceptúan los hijos de funcionarios diplomáticos y de quienes ejerzan cargos legalmente equiparados.;https://www.minex.gob.gt/Visor_Pagina.aspx?PaginaID=2261
2781;Ministerio de Relaciones Exteriores -MINEX-;Solicitud de nacionalidad guatemalteca para españoles;Servicios de Migración;Importante ** Ley de nacionalidad ver artículos 33,34,35,36,37 y 38. **;https://www.minex.gob.gt/Uploads/Formulario-Espanoles ART-146-CPRG.pdf
2783;Ministerio de Relaciones Exteriores -MINEX-;Solicitud naturalización de la mujer casada;Servicios de Migración;Importante:** Ley de nacionalidad ver artículos 33,34,35,36,37 y 38. **;https://www.minex.gob.gt/Uploads/Formulario-mujer-casada-ART-146-CPRG.pdf
2784;Ministerio de Relaciones Exteriores -MINEX-;Solicitud renuncia de nacionalidad guatemalteca;Servicios de Migración;Importante: **Ley de Nacionalidad ver artículos 33,34,35,36,37 y 38. **;https://www.minex.gob.gt/Uploads/Formulario-Renuncia-NAC-Guatemalteca.pdf
1752;Ministerio de Salud Pública y Asistencia Social -MSPAS-;Tarjeta de Salud;Salud;La tarjeta de salud es el documento extendido por el MSPAS a través de los coordinadores de los Distritos Municipales de Salud de los Departamentos de las Direcciones de Redes Integradas de Servicios de Salud -DDRISS-, en el cual se hace constar que el interesado no padece de enfermedades transmisibles.;https://www.mspas.gob.gt/tramites-areas-de-salud
1753;Ministerio de Salud Pública y Asistencia Social -MSPAS-;Constancia de manipulación de alimentos (Carné de manipulador de alimentos);Manejo de Animales y Vegetales;La constancia de manipulación de alimentos es un documento sanitario que certifica que la persona es apta para laborar en el área de alimentos.;https://www.mspas.gob.gt/tramites-areas-de-salud
1754;Ministerio de Salud Pública y Asistencia Social -MSPAS-;Solicitud de licencia sanitaria para servicios funerarios categoría A;Medio Ambiente;Las funerarias categorías A están obligados para su legal funcionamiento en el país, a obtener la Licencia Sanitaria extendida por el MSPAS. Las Licencia Sanitaria para Servicios Funerarios tipo A  se extienden a aquellos que prestan servicios de inhumación y exhumación, traslado nacional e internacional de cadáveres o sus cenizas, preparación, embalsamiento, velación, inhumación y traslado nacional e internacional de restos exhumados y ventas de cajas mortuorias y alquiler de equipo funerario.;https://www.mspas.gob.gt/
1755;Ministerio de Salud Pública y Asistencia Social -MSPAS-;Certificado de Habitabilidad de establecimientos de atención para la salud;Medio Ambiente;Es el documento oficial que emite el Coordinador Municipal de Salud al propietario o representante legal de un establecimiento, después que el mismo ha aprobado la supervisión realizada por el Inspector de Saneamiento Ambiental, y certifica que el mismo cumple con lo requisitos de salubridad e higiene establecidos en la legislación vigente. Tiene una vigencia de 06 meses calendario.;https://www.mspas.gob.gt/servicios/draces-procedimiento-para-la-obtencion-de-licencia-sanitaria
1758;Ministerio de Salud Pública y Asistencia Social -MSPAS-;Certificación de calidad del agua para consumo humano en proyectos de abastecimiento;Medio Ambiente;"Certificado de Calidad es el documento extendido por la autoridad de salud competente, que hace constar que una fuente de agua es apta para ser utilizada en un sistema de abastecimiento, de acuerdo con su aptitud sanitaria para satisfacer las normas y especificaciones de potabilidad vigentes y en función de sus propiedades físicas, químicas y bacteriológicas y los métodos de tratamiento y desinfección previstos.

Todo persona individual o jurídica, publica o privada, responsable de un proyecto de abastecimiento de agua para consumo humano, debe solicitar y obtener el certificado de la calidad del agua para consumo humano en ese proyecto, previo a ponerlo en ejecución.";https://www.mspas.gob.gt
1759;Ministerio de Salud Pública y Asistencia Social -MSPAS-;Certificado de Habilitación de Centros Educativos Privados;Educación, Cultura y Deporte;Documento en el que se hace constar las condiciones higiénicas sanitarias de los centros educativos privados;https://www.mspas.gob.gt
1765;Ministerio de Salud Pública y Asistencia Social -MSPAS-;Certificación médica;Salud;Documento que se extiende para hacer constar el diagnóstico que presentó el paciente al solicitar atención médica en los Hospitales Nacionales, utilizado para respaldo médico del paciente u otros fines.;https://www.mspas.gob.gt/hospitales
1769;Ministerio de Salud Pública y Asistencia Social -MSPAS-;Informe de nacimiento;Salud;Documento por medio del cual se hace constar el nacimiento del recién nacido en las instalaciones de un Hospital Nacional, para realizar la inscripción de nacimiento en el Registro Nacional de las Personas RENAP.;https://www.mspas.gob.gt/hospitales
1770;Ministerio de Salud Pública y Asistencia Social -MSPAS-;Informe de defunción;Salud;Documento por medio del cual se hace constar el fallecimiento, deceso o muerte  de una persona en las instalaciones de los Hospitales Nacionales, para realizar el informe de defunción en el Registro Nacional de las Personas.;https://www.mspas.gob.gt/hospitales
1791;Ministerio de Salud Pública y Asistencia Social -MSPAS-;Solicitud de Licencia Sanitaria para Establecimientos de Atención para la Salud Por: Apertura, Renovación, Traslado, Modificación, Reposición;Salud;"La emisión de la Licencia Sanitaria, es el procedimiento por el cual el Departamento otorga la autorización para la instalación y funcionamiento de los Establecimientos, luego de haber cumplido con los requisitos para la habilitación, registro y autorización establecidos en el Acuerdo Gubernativo No. 376-2007 y las normativas específicas. 
La licencia sanitaria tendrá vigencia de 5 años, salvo por infracciones al Código de Salud, Leyes, Reglamentos y Normas Técnicas sanitarias vigentes en el país y su validez será para el establecimiento identificado con los datos registrados en la misma. La licencia sanitaria debe estar a la vista del público. 
En la actualidad cada establecimiento deberá de realizar el pago de arancel en un rango entre Q.90.00 a Q.5,400.00 (dependiendo el tipo de establecimiento).";https://www.mspas.gob.gt/servicios/draces-procedimiento-para-la-obtencion-de-licencia-sanitaria
1793;Ministerio de Salud Pública y Asistencia Social -MSPAS-;Solicitud de Dictamen de Funcionamiento de Centro de Protección y Abrigo para Niños, Niñas y Adolescentes CPANA;Salud;Documento emitido por DRACES a los Centros de entidades privadas, dedicadas al abrigo de niños, niñas y adolescentes, por medio del cual se dictamina favorable el funcionamiento de estos establecimientos, al cumplir con los requisitos y condiciones de habitabilidad, definidos por este Departamento. El dictamen tiene validez por dos años.;https://www.mspas.gob.gt/apertura-establecimientos-de-salud/category/401-cpana-apertura-establecimientos
1794;Ministerio de Salud Pública y Asistencia Social -MSPAS-;Solicitud de Autorización de Jornadas Médicas o de Salud;Salud;Documento emitido por DRACES por medio del cual se autoriza el tipo de jornada, lugar, fecha y responsable de realizar dicha actividad. Se extiende previo al cumplimiento de los requisitos establecidos por este Departamento.;https://www.mspas.gob.gt/apertura-establecimientos-de-salud/category/398-jornadas-medicas-apertura-establecimientos
1795;Ministerio de Salud Pública y Asistencia Social -MSPAS-;Solicitud de Cierre de Establecimiento de Atención para la Salud;Salud;Formulario presentado por usuario, solicitando el cierre voluntario de su establecimiento, con el cual se llevan a cabo un conjunto de actividades secuenciales por parte de los miembros de la Unidad de Autorización y Acreditación.;https://www.mspas.gob.gt/draces-requisitos-modificacion-licencia-sanitaria/download/614-requisitos-modificacion-licencia-sanitaria/2685-cierre
1805;Ministerio de Salud Pública y Asistencia Social -MSPAS-;Certificado de Salud para Exportación;Economía;Documento que se emite con el propósito de apoyar la exportación y para los fines legales de dicha actividad.;https://www.mspas.gob.gt/tramites
1807;Ministerio de Salud Pública y Asistencia Social -MSPAS-;Registro Sanitario de Alimentos (Nueva y Renovación);Manejo de Animales y Vegetales;El registro sanitario: Es el documento extendido por el Departamento de Regulación y Control de Alimentos previo a que un alimento procesado o bebida pueda comercializarse en el país.;https://www.mspas.gob.gt/productos-control-de-alimentos
1809;Ministerio de Salud Pública y Asistencia Social -MSPAS-;Reposición de Certificado de Registro Sanitario;Manejo de Animales y Vegetales;Trámite  mediante el cual se gestiona la solicitud de reposición del registro sanitario de referencia,;https://www.mspas.gob.gt/tramites
1815;Ministerio de Salud Pública y Asistencia Social -MSPAS-;Proyectos de Urbanización, Lotificación, Condominios, Concurrencia de Público y Recreación;Medio Ambiente;"Toda persona individual o jurídica, privada o pública, que pretenda obtener dictamen sanitario para proyectos de formación de nuevas urbanizaciones, extensión del área de las existentes e instalación de lugares de recreación o concurrencia del público, debe presentar solicitud por escrito ante la Jefatura del Departamento de Regulación de los Programas de la Salud y Ambiente;  en la que se especifique claramente la dirección, número telefónico y/o correo electrónico de contacto para notificaciones, así como los requisitos documentales legales y técnicos establecidos para el efecto.";https://www.mspas.gob.gt/urbanizacion
1816;Ministerio de Salud Pública y Asistencia Social -MSPAS-;Primera Licencia para Embalsamadores;Salud;"Únicamente las personas individuales tienen derecho a solicitar la emisión de la Licencia de Preparador o Embalsamador de Cadáveres. Para el efecto debe presentar solicitud por escrito ante la Jefatura del Departamento de Regulación de los Programas de la Salud y Ambiente;  en la que se especifique claramente la dirección, número telefónico y/o correo electrónico de contacto para notificaciones, así como los requisitos documentales legales y técnicos establecidos para el efecto.";https://www.mspas.gob.gt/embalsamadores
1817;Ministerio de Salud Pública y Asistencia Social -MSPAS-;Renovación Licencia para Embalsamadores;Salud;"Toda persona que pretenda obtener la renovación de la Licencia de Preparador y/o Embalsamador de Cadáveres, debe presentar solicitud por escrito ante la Jefatura del Departamento de Regulación de los Programas de la Salud y Ambiente; citando explícitamente que su solicitud se refiere a la Renovación de una Licencia previamente autorizada,  en la que se especifique claramente la dirección, número telefónico y/o correo electrónico de contacto para notificaciones, así como los requisitos documentales legales y técnicos establecidos para el efecto.";https://www.mspas.gob.gt/embalsamadores
1818;Ministerio de Salud Pública y Asistencia Social -MSPAS-;Publicidad y Promoción Productos de Tabaco;Salud;"Toda solicitud de autorización para la difusión de publicidad de productos derivados del tabaco debe ser presentada, por escrito, al Departamento de Regulación de los Programas de la Salud y Ambiente. El solicitante debe especificar su nombre completo, dirección y número de teléfono de contacto para notificaciones. Además debe indicar la calidad con que actúa; misma que debe haber acreditado previamente y por escrito ante el Departamento de Regulación de los Programas de la Salud y Ambiente. La solicitud debe ir acompañada de dos copias de los materiales publicitarios que pretenda difundirse, de conformidad con lo establecido en el artículo 4 del Reglamento de Normas Sanitarias para la Autorización y Vigilancia de la Publicidad de Productos derivados del Tabaco.";https://www.mspas.gob.gt/control-del-tabaco
1819;Ministerio de Salud Pública y Asistencia Social -MSPAS-;Construcción, Reparación y/o Modificación de Sistemas de Alcantarillado Pluvial;Medio Ambiente;"Toda persona individual o jurídica, pública o privada, que pretenda obtener dictamen sanitario para proyectos de construcción, reparación y/o modificación de sistemas de drenaje pluvial, podrá ingresar su expediente directamente ante el Departamento de Regulación de los Programas de Salud y Ambiente; mismo que debe contener solicitud escrita, en la que se especifique claramente la dirección, número telefónico y/o correo electrónico de contacto para notificaciones, así como los requisitos documentales legales y técnicos establecidos para el efecto.";https://www.mspas.gob.gt/alcantarillado-pluvial
1820;Ministerio de Salud Pública y Asistencia Social -MSPAS-;Licencia Sanitaria para Formuladora de Plaguicidas Agrícolas  (Quimicos, Botanicos Y Microbiologicos);Medio Ambiente;"Toda Planta (entidad privada o estatal que se dedica a sintetizar, fabricar, formular, mezclar y/o envasar sustancias químicas que se destinen a destruir, prevenir, atenuar o repeler la acción de cualquier plaga) que formule plaguicidas agrícolas y pretenda obtener la Licencia Sanitaria,  podrá ingresar su expediente directamente ante el Departamento de Regulación de los Programas de la Salud y Ambiente; mismo que debe contener solicitud escrita,  en la que se especifique claramente la dirección, número telefónico y/o correo electrónico de contacto para notificaciones, así como los requisitos documentales legales y técnicos establecidos para el efecto.";https://www.mspas.gob.gt/comision-de-plaguicidas
1821;Ministerio de Salud Pública y Asistencia Social -MSPAS-;Licencia Sanitaria para Plantas que Sintetizan, Fabrican, Formulan Y/0 Envasan Fertilizantes Agricolas, Abonos y Sustancias Afines (Enmiendas) Agricolas;Medio Ambiente;"Toda Planta (entidad privada o estatal que se dedica a sintetizar, fabricar, formular, mezclar y/o envasar sustancias químicas que se destinen a destruir, prevenir, atenuar o repeler la acción de cualquier plaga) que formule fertilizantes agrícolas y pretenda obtener la Licencia Sanitaria,  podrá ingresar su expediente directamente ante el Departamento de Regulación de los Programas de la Salud y Ambiente; mismo que debe contener solicitud escrita,  en la que se especifique claramente la dirección, número telefónico y/o correo electrónico de contacto para notificaciones, así como los requisitos documentales legales y técnicos establecidos para el efecto.";https://www.mspas.gob.gt/comision-de-plaguicidas
1822;Ministerio de Salud Pública y Asistencia Social -MSPAS-;Licencia Sanitaria para Venta y/o Almacenamiento de Agroquimicos;Medio Ambiente;"Toda empresa que pretenda obtener Licencia Sanitaria para bodegas y distribuidoras de agroquímicos,  podrá ingresar su expediente directamente ante el Departamento de Regulación de los Programas de la Salud y Ambiente; mismo que debe contener solicitud escrita,  en la que se especifique claramente la dirección, número telefónico y/o correo electrónico de contacto para notificaciones, así como los requisitos documentales legales y técnicos establecidos para el efecto.";https://www.mspas.gob.gt/comision-de-plaguicidas
1824;Ministerio de Salud Pública y Asistencia Social -MSPAS-;Programa de Vigilancia de Alimentos;Manejo de Animales y Vegetales;"El inspector del DRCA, área o centro de salud/saneamiento ambiental presenta muestras en el LNS acompañado de carta de solicitud de ensayo de muestras de alimentos para ensayo microbiológico, según aplique.
Los inspectores del DRCA toman las muestras de alimentos de vigilancia las cuales son remitidas al LNS para su posterior ensayo fisicoquímico o microbiológico acompañadas del formato de envío de muestras.";http://portal.lns.gob.gt/
1825;Ministerio de Salud Pública y Asistencia Social -MSPAS-;Programa de Registro sanitario de alimentos;Manejo de Animales y Vegetales;El usuario inicia el trámite de Registro Sanitario de Referencia de Alimentos en el DRGRVCS/DRCA dónde es aprobado el expediente, luego es remitido al LNS dónde se solicita al usuario vía correo electrónico que presente muestras para ingreso al LNS.;http://portal.lns.gob.gt/
1826;Ministerio de Salud Pública y Asistencia Social -MSPAS-;Programa de Alimentos fortificados;Manejo de Animales y Vegetales;Los inspectores del DRCA toman las muestras de alimentos fortificados las cuales son remitidas al LNS para su posterior ensayo fisicoquímico o microbiológico acompañadas del formato de envío de muestras.;http://portal.lns.gob.gt/
1833;Ministerio de Salud Pública y Asistencia Social -MSPAS-;Certificaciones de actas de toma de posesión;Salud;"El certificado de acta de toma de posesión se solicita al Archivo General de la DG-SIAS; la persona que certifica está debidamente autorizada y posteriormente brinda el visto bueno el delegado de Recursos Humanos DG-SIAS.";https://www.mspas.gob.gt/tramites-direcciones-generales#758-tramites-externos
1843;Ministerio de Salud Pública y Asistencia Social -MSPAS-;Licencia de traslado sanitario de cadáveres dentro del territorio nacional;Salud;La Licencia Sanitaria de traslado de cadáveres dentro del territorio nacional es un documento a través del cual se autoriza la movilización de un cadáver y se da la aprobación de circular libremente de un punto a otro.;https://www.mspas.gob.gt/tramites-direcciones-generales#758-tramites-externos
1844;Ministerio de Salud Pública y Asistencia Social -MSPAS-;Licencia de traslado sanitario de cadáveres al extranjero;Salud;La licencia de traslado sanitario de cadáveres al extranjero es un documento a través del cual se autoriza la movilización de un cadáver y se da la aprobación para su traslado a otro país. La Unidad de Defunciones y Exhumaciones de la DG-SIAS, emite el documento licencia de traslado sanitario de cadáveres al extranjero que ampara y permite el traslado de un cadáver fuera del territorio nacional;https://www.mspas.gob.gt/tramites-direcciones-generales#758-tramites-externos
1845;Ministerio de Salud Pública y Asistencia Social -MSPAS-;Exhumaciones de orden judicial área metropolitana;Salud;"La exhumación de orden judicial en el área metropolitana es requerida a la DG-SIA por el Ministerio Pulido quién previamente convoca a la Policía nacional Civil e INACIF, para realizar exhumación para determinado día indicando cementerio y horario.  

El papel fundamental del Ministerio de Salud Pública y Asistencia Social específicamente la DG-SIAS es velar por la salud de la población evitando contaminación durante el traslado de los cadáveres exhumados durante el traslado a otro cementerio o departamento. Indicando a los familiares que no pueden realizar velorio. 

La DG-SIAS traslada nota de trabajo a la Unidad de Defunciones y Exhumaciones de la DG-SIAS, solicitando atender lo requerido por el Ministerio Publico. Quienes deberán de entregar a la DG-SIA un informe circunstanciado de los realizado en el trabajo de campo.";https://www.mspas.gob.gt/tramites-direcciones-generales#758-tramites-externos
1914;Ministerio de Salud Pública y Asistencia Social -MSPAS-;Certificación para Egresados de Escuelas de Salud Autorizadas por el MSPAS;Salud;"Las certificaciones para egresados que emiten las escuelas de salud autorizadas por el MSPAS, es un trámite que hace constar, que la persona aprobó los estudios correspondientes y su diploma se encuentra debidamente registrado, en los libros de la escuela.

Este trámite se puede realizar en línea para que el usuario no incurra en gastos de tiempo y dinero.";https://www.mspas.gob.gt/tramites-direcciones-generales
2421;Ministerio de Salud Pública y Asistencia Social -MSPAS-;Licencia Sanitaria para establecimientos de alimentos preparados;Manejo de Animales y Vegetales;Documento que emite el Ministerio de Salud Pública mediante el cual se autoriza la apertura y funcionamiento de cualesquiera clase de establecimientos de alimentos;https://www.mspas.gob.gt
2468;Ministerio de Salud Pública y Asistencia Social -MSPAS-;DENUNCIAS;Salud;El DRACES y/o las Áreas de Salud actuarán de oficio por denuncia presentada en forma escrita o verbal por presunta infracción sanitaria, realizando la inspección correspondiente a Los Establecimientos denunciados. En el caso de comprobarse violación de leyes, reglamentos o normativas técnicas sanitarias correspondientes, El Departamento actuará conforme a lo establecido en el Código de Salud, Decreto 90-97 del Congreso de la República.;https://www.mspas.gob.gt/servicios/draces-procedimiento-para-la-obtencion-de-licencia-sanitaria
2476;Ministerio de Salud Pública y Asistencia Social -MSPAS-;LICENCIA SANITARIA DE ALIMENTOS (nueva y renovación);Manejo de Animales y Vegetales;Documento que expide el Departamento de Regulación y Control de Alimentos, mediante el cual se autoriza el funcionamiento de las fábricas de alimentos y bebidas, a nivel nacional.  A) Licencia nueva: Cuando se autoriza por primera vez. B) Renovación de la licencia: Cuando se ha vencido la licencia sanitaria nueva.;https://www.mspas.gob.gt/productos-control-de-alimentos
2479;Ministerio de Salud Pública y Asistencia Social -MSPAS-;Certificación sanitaria de importación (alimentos);Economía;Es la autorización que el Departamento de Regulación y Control de Alimentos extiende para importar alimentos naturales procesados y materias primas procesadas o secundarias.;https://www.mspas.gob.gt/productos-control-de-alimentos
2481;Ministerio de Salud Pública y Asistencia Social -MSPAS-;"Construcción, Reparación y/o Modificación de Plantas de Tratamiento de Aguas Residuales; Sistemas de Alcantarillado Sanitario; Sistemas de Eliminación y/o Disposición de Excretas; Sistemas de Alcantarillado Pluvial";Medio Ambiente;"Toda persona individual o jurídica, pública o privada, que pretenda obtener dictamen sanitario para proyectos de construcción, reparación y/o modificación de sistemas integrales para la gestión de aguas residuales,  podrá ingresar su expediente directamente ante el Departamento de Regulación de los Programas de Salud y Ambiente; mismo que debe contener solicitud escrita, en la que se especifique claramente la dirección, número telefónico y/o correo electrónico de contacto para notificaciones, así como los requisitos documentales legales y técnicos establecidos para el efecto.";https://www.mspas.gob.gt/servicios-disponibles-salud-y-ambiente
2482;Ministerio de Salud Pública y Asistencia Social -MSPAS-;Sitios de Disposición Final de Desechos Sólidos;Medio Ambiente;"Toda persona individual o jurídica, pública o privada, que pretenda obtener dictamen sanitario para proyectos de construcción, reparación y/o modificación de plantas de tratamiento de aguas residuales, podrá ingresar su expediente directamente ante el Departamento de Regulación de los Programas de la Salud y Ambiente; mismo que debe contener solicitud escrita, en la que se especifique claramente la dirección, número telefónico y/o correo electrónico de contacto para notificaciones, así como los requisitos documentales legales y técnicos establecidos para el efecto.";https://www.mspas.gob.gt/servicios-disponibles-salud-y-ambiente
2483;Ministerio de Salud Pública y Asistencia Social -MSPAS-;"Proyectos de Construcción de Sistemas para la Disposición Final de Desechos Sólidos; Sistemas Integrales para la Gestión de Aguas Residuales";Medio Ambiente;"Toda persona individual o jurídica, pública o privada, que pretenda obtener dictamen sanitario sobre sitios y proyectos de construcción de sistemas para la disposición final de desechos sólidos, podrá ingresar su expediente directamente ante el Departamento de Regulación de los Programas de la Salud y Ambiente; mismo que debe contener solicitud escrita, en la que se especifique claramente la dirección, número telefónico y/o correo electrónico de contacto para notificaciones, así como los requisitos documentales legales y técnicos establecidos para el efecto.";https://www.mspas.gob.gt/servicios-disponibles-salud-y-ambiente
2486;Ministerio de Salud Pública y Asistencia Social -MSPAS-;Requisitos de ingreso para estudiantes de Escuelas de Auxiliares de Enfermería autorizadas por el MSPAS;Educación, Cultura y Deporte;"Para ingresar a escuelas de auxiliares de enfermería, los aspirantes deben cumplir con los requisitos establecidos en el marco legal vigente y aprobar el proceso de selección, en las escuelas autorizadas por el Ministerio de Salud Pública y Asistencia Social; ello con el fin que las personas elegidas tengan el potencial requerido, para alcanzar las competencias establecidas en el programa de formación de auxiliares de enfermería autorizado, que asegure un óptimo desempeño en los tres niveles de atención de las instituciones de salud del país.";https://www.mspas.gob.gt/tramites-direcciones-generales
2490;Ministerio de Salud Pública y Asistencia Social -MSPAS-;Afiliación y apertura de venta social de medicamentos;Salud;Procedimiento por el cual se realiza la afiliación de organizaciones a PROAM y apertura de farmacias;http://www.proam.gob.gt/
2493;Ministerio de Salud Pública y Asistencia Social -MSPAS-;Apertura de farmacia municipal;Salud;Afiliación y apertura de Farmacia Municipal;http://www.proam.gob.gt/
2496;Ministerio de Salud Pública y Asistencia Social -MSPAS-;Apertura Farmacia Estatal;Salud;Apertura y Afiliación Farmacia Estatal;http://www.proam.gob.gt/
2499;Ministerio de Salud Pública y Asistencia Social -MSPAS-;Compensación económica;Trabajo;Beneficio económico que equivale a un mes de salario por cada año de servicios continuos prestados en el MSPAS. En ningún caso será mayor de quince meses de salario y se otorgará a los trabajadores que se acojan al régimen de Clases Pasivas del Estado, por lo que los trabajadores que se acojan a este beneficio podrán hacer valer su derecho a partir del uno de enero del año dos mil diez.;https://www.mspas.gob.gt/tramites-direcciones-generales#593-direccion-general-de-recursos-humanos
2500;Ministerio de Salud Pública y Asistencia Social -MSPAS-;CERTIFICACIÓN SOLVENCIA ECONÓMICA;Medio Ambiente;Cumplir con el requisito de la Oficina Nacional de Servicio Civil -ONSEC-, que tiene por objeto que los trabajadores civiles del Estado que aportaron al Régimen de Clases Pasivas Civiles del Estado así como beneficiarios establecidos en la Ley de Clases Pasivas del Estado, soliciten ante las instituciones del Estado donde presten o hayan prestado sus servicios, certificación de solvencia, en la que conste que no tiene registro de deuda pendiente con el Estado, por haber cobrado sueldos, prestaciones o cualquier otro pago relacionado y que no lo le correspondía percibir.;https://www.mspas.gob.gt/tramites-direcciones-generales#593-direccion-general-de-recursos-humanos
2505;Ministerio de Salud Pública y Asistencia Social -MSPAS-;Solicitud De Análisis De Particulares;Salud;"El usuario solicita una cotización para ensayo de alimentos particulares, la cual es enviada por el supervisor del área, posteriormente el usuario realiza su pago, tramita en el DGRVCS/DRCA el recibo 63A y la contraseña de recepción de documentos, para posterior entrega de muestras y documentación en el LNS.

Precio del trámite Precio del tramité (Tasas / Aranceles): 
Variable según ensayo(s) solicitado(s).";http://portal.lns.gob.gt/
2520;Ministerio de Salud Pública y Asistencia Social -MSPAS-;Emisión y reposición de titulo de propiedad;Inscripciones y Registros;"En esta diligencia administrativa consiste en la solicitud que se efectúa por parte del usuario de emisión o reposición de título persigue que la entidad del Cementerio Nacional emita un nuevo título de propiedad que acredita la situación de propietario o copropietario de una persona dentro del Cementerio Nacional (Cementerio General, Las Tapias, La Villa de Guadalupe y la Verbena). Dentro de las circunstancias más comunes por las cuales un usuario puede realizar esta petición sería por falta de espacio, extravío, deterioro y robo, del cual habiéndose cumplido con los requisitos solicitados por la Administración, se solicita opinión técnica al Inspector de Construcciones del Cementerio General, se asigna al asesor para su revisión y? tramitación respectiva; sustituyendo la redacción de un dictamen jurídico por una providencia de traslado, conforme a la normativa vigente, al no ser un expediente que lleve inmerso traslativo de dominio, es innecesario que el expediente sea elevado al departamento Jurídico, toda vez que el registrador del departamento de Títulos y traspasos de la Administración, debe tener el criterio de establecer efectivamente si un expediente cumple con los requisitos y al ser el encargado de la custodia de los libros, puede verificar la autenticidad de la información de los solicitantes. Al estar completamente seguro que no existe algún indicio de falsedad o que dentro de los libros no exista inconveniente alguno, pueda ser emitido el titulo correspondiente. Se elimina el traslado a departamento de asesoría jurídica.";https://mspasgt-my.sharepoint.com/:w:/r/personal/kordonez_mspas_gob_gt/_layouts/15/Doc.aspx?sourcedoc=%7BEF5975A5-E518-455E-9A2E-BD17D8946456%7D&file=FORMULARIOS%20DE%20SOLICITUD%20DE%20REPOSICION%20O%20EMISION%20DE%20TITULO%20(1).docx&action=default&mobi
2546;Ministerio de Salud Pública y Asistencia Social -MSPAS-;Autorización para celebración de Contrato de Compraventa de un lote de terreno con o sin mausoleo;Inscripciones y Registros;"En esta diligencia administrativa consiste en la solicitud que se efectúa por parte del usuario propietario de un bien inmueble dentro del Cementerio Nacional para poder trasladar la propiedad a través de la celebración de un contrato de Compraventa del cual habiéndose cumplido con los requisitos solicitados por la Administración, se solicita opinión técnica al Inspector de Construcciones del Cementerio General así mismo, se procede a efectuar la respectiva tasación y darle el valor actual del inmueble, y con ello se eleva al departamento Jurídico para que emita Dictamen si es o no procedente que el propietario requirente proceda a través de la compraventa trasladar sus derechos; con el dictamen respectivo se devuelve al Departamento de Títulos y traspasos para que sea notificado lo resuelto.  El paso que se elimina es el traslado a asesoría jurídica.";https://mspasgt-my.sharepoint.com/:w:/r/personal/kordonez_mspas_gob_gt/_layouts/15/Doc.aspx?sourcedoc=%7B3BE734F5-9555-46A6-A59A-E95D3CA9B241%7D&file=FORMULARIOS%20DE%20SOLICITUD%20DE%20autorizacion%20para%20celebrar%20negocio%20juridico%20(1).docx&action
2565;Ministerio de Salud Pública y Asistencia Social -MSPAS-;Autorización para celebración de contrato de donación de un lote de terreno con o si mausoleo.;Inscripciones y Registros;"En esta diligencia administrativa consiste en la solicitud que se efectúa por parte del usuario propietario de un bien inmueble dentro del Cementerio Nacional para poder trasladar la propiedad a través de la celebración de un contrato de Donación del cual habiéndose cumplido con los requisitos solicitados por la Administración, se solicita opinión técnica al Inspector de Construcciones del Cementerio General así mismo, se procede a efectuar la respectiva tasación y darle el valor actual del inmueble, y con ello se eleva al departamento Jurídico para que emita Dictamen si es o no procedente que el propietario requirente proceda a través de la compraventa trasladar sus derechos; con el dictamen respectivo se devuelve al Departamento de Títulos y traspasos para que sea notificado lo resuelto.  Se elimina el traslado a departamento de asesoría jurídica.";https://mspasgt-my.sharepoint.com/:w:/r/personal/kordonez_mspas_gob_gt/_layouts/15/Doc.aspx?sourcedoc=%7B3BE734F5-9555-46A6-A59A-E95D3CA9B241%7D&file=FORMULARIOS%20DE%20SOLICITUD%20DE%20autorizacion%20para%20celebrar%20negocio%20juridico%20(1).docx&action
2572;Ministerio de Salud Pública y Asistencia Social -MSPAS-;Autorización para inscripción de Contrato de donación de un lote de terreno con o sin mausoleo;Inscripciones y Registros;"En esta diligencia administrativa consiste en la solicitud que se efectúa por parte del usuario propietario de un bien inmueble dentro del Cementerio Nacional para poder inscribir un contrato de donación efectuada entre el propietario y la persona individual o jurídica a quien se trasladara el dominio de la propiedad o copropiedad y del cual, no solicitaron autorización previa  a la suscripción del contrato; por lo que luego de haberse cumplido con los requisitos solicitados por la Administración, en la que se solicita aparte de los solicitados al usuario, opinión técnica al Inspector de Construcciones del Cementerio Nacional;  así mismo, se procede a efectuar la respectiva tasación y darle el valor actual del inmueble, y con ello se asigna a un asesor jurídico para que emita Dictamen si es o no procedente lo efectuado por el propietario al momento de trasladar el dominio del lote de terreno con mausoleo, posterior al análisis se emite Dictamen y se devuelve al Departamento de Títulos y traspasos para que sea notificado lo resuelto. Se elimina el traslado a asesoría jurídica.";https://mspasgt-my.sharepoint.com/:w:/r/personal/kordonez_mspas_gob_gt/_layouts/15/Doc.aspx?sourcedoc=%7B3BE734F5-9555-46A6-A59A-E95D3CA9B241%7D&file=FORMULARIOS%20DE%20SOLICITUD%20DE%20autorizacion%20para%20celebrar%20negocio%20juridico%20(1).docx&action
2574;Ministerio de Salud Pública y Asistencia Social -MSPAS-;Autorización para celebración de Contrato de Cesión De Derechos de un lote de terreno con o sin mausoleo;Inscripciones y Registros;"En esta diligencia administrativa consiste en la solicitud que se efectúa por parte del usuario propietario de un bien inmueble dentro del Cementerio Nacional para poder trasladar la propiedad a través de la celebración de un contrato de Cesión De Derechos del cual habiéndose cumplido con los requisitos solicitados por la Administración, se solicita opinión técnica al Inspector de Construcciones del Cementerio General así mismo, se procede a efectuar la respectiva tasación y darle el valor actual del inmueble, y con ello se asigna a un se asigna a asesor jurídico delegado en departamento de títulos para que emita Dictamen si es o no procedente que el propietario requirente proceda a través de la Cesión De Derechos trasladar sus derechos; con el dictamen respectivo se devuelve al Departamento de Títulos y traspasos para que sea notificado lo resuelto. Se elimina el traslado a asesoría jurídica.";https://mspasgt-my.sharepoint.com/:w:/r/personal/kordonez_mspas_gob_gt/_layouts/15/Doc.aspx?sourcedoc=%7B3BE734F5-9555-46A6-A59A-E95D3CA9B241%7D&file=FORMULARIOS%20DE%20SOLICITUD%20DE%20autorizacion%20para%20celebrar%20negocio%20juridico%20(1).docx&action
2582;Ministerio de Salud Pública y Asistencia Social -MSPAS-;Autorización para inscripción de Contrato de Sesión de derechos de un lote de terreno con o sin mausoleo;Inscripciones y Registros;"En esta diligencia administrativa consiste en la solicitud que se efectúa por parte del usuario propietario de un bien inmueble dentro del Cementerio Nacional para poder inscribir un contrato de cesión de Derechos efectuada entre el propietario y la persona individual o jurídica a quien se trasladara el dominio de la propiedad o copropiedad y del cual, no solicitaron autorización previa  a la suscripción del contrato; por lo que luego de haberse cumplido con los requisitos solicitados por la Administración, en la que se solicita aparte de los solicitados al usuario, opinión técnica al Inspector de Construcciones del Cementerio Nacional;  así mismo, se procede a efectuar la respectiva tasación y darle el valor actual del inmueble, y con ello se asigna a asesor jurídico delegado a departamento de títulos, para que emita Dictamen para que emita Dictamen si es o no procedente lo efectuado por el propietario al momento de trasladar el dominio del lote de terreno con mausoleo, posterior al análisis se emite Dictamen y se devuelve al Departamento de Títulos y traspasos para que sea notificado lo resuelto. Se elimina el traslado a departamento de asesoría jurídica";https://mspasgt-my.sharepoint.com/:w:/r/personal/kordonez_mspas_gob_gt/_layouts/15/Doc.aspx?sourcedoc=%7B5B29CF34-4E29-4A44-AD09-FFF17FE587AE%7D&file=08%20FORMULARIO%20DE%20SOLICITUD%20DE%20AUTORIZACI%C3%93N%20PARA%20CELEBRACI%C3%93N%20DE%20CONTRATO%20DE%
2761;Ministerio de Salud Pública y Asistencia Social -MSPAS-;Autorización Sanitaria para Plantas de Tratamiento de Aguas Residuales;Medio Ambiente;Toda persona individual o jurídica, pública o privada, que pretenda obtener dictamen sanitario para proyectos de construcción, reparación y/o modificación de sistemas integrales para la gestión de aguas residuales,  podrá ingresar su expediente.;https://www.mspas.gob.gt/tratamiento-de-aguas-residuales
2763;Ministerio de Salud Pública y Asistencia Social -MSPAS-;Autorización Sanitaria para Drenajes Sanitarios;Medio Ambiente;"Toda persona individual o jurídica, pública o privada, que pretenda obtener dictamen sanitario para proyectos de construcción, reparación y/o modificación de sistemas de alcantarillado sanitario, podrá ingresar expediente directamente ante el Departamento de Regulación de los Programas de la Salud y Ambiente; mismo que debe contener solicitud escrita, en la que se especifique claramente la dirección, número telefónico y/o correo electrónico de contacto para notificaciones, así como los requisitos documentales legales y técnicos establecidos para el efecto.";https://www.mspas.gob.gt/alcantarillado-sanitario
2764;Ministerio de Salud Pública y Asistencia Social -MSPAS-;Constancia laboral;Trabajo;Constancia laboral que permite dar a conocer los servicios laborales prestados por un trabajador en un periodo determinado.;https://www.mspas.gob.gt/tramites-direcciones-generales#593-direccion-general-de-recursos-humanos
2767;Ministerio de Salud Pública y Asistencia Social -MSPAS-;Renovación de Ensayo Clínico -DRCPFA-;Salud;El certificado de autorización de un protocolo de ensayo clínico tiene validez por un año y dependiendo de la duración del mismo dicha autorización deberá ser renovada. La renovación será extendida por el MSPAS a través del DRCPFA/Sección de Ensayos Clínicos, con la cual se hace constar que el interesado cumple con los requisitos para continuar con el ensayo clínico.;https://medicamentos.mspas.gob.gt/index.php/legislacion-vigente/acuerdos
2790;Ministerio de Salud Pública y Asistencia Social -MSPAS-;Solicitud de traslado;Salud;solicitud de traslado de venta social de medicamentos;http://www.proam.gob.gt/#Med
2809;Ministerio de Salud Pública y Asistencia Social -MSPAS-;Autorización para inscribir contrato de compraventa de un lote de terreno con o sin mausoleo;Medio Ambiente;Autorización para Inscripción de Contrato de Compraventa de un lote de terreno con o sin mausoleo: es un Inscripción que se realiza posteriormente Celebrada la Escritura de Compraventa sin la autorización de la Unidad Ejecutora, en que existiendo traslado del dominio de la propiedad, se emite una resolución por la Administración del Cementerio Nacional, dependencia o unidad ejecutora del Ministerio de Salud Pública y Asistencia social que autoriza la inscripción de dicho contrato para que surta los efectos inherentes a dicho Acto, tanto Jurídicos como Registrales, la que dentro de un Contrato de ampliación por las partes a las que les asiste el derecho deberá ser transcrita de forma literal dentro del Instrumento Público, en donde faculta a los vendedores y compradores Inscribir y trasladar el dominio los derechos que acompañan el dominio sobre el bien inmueble perteneciente al Cementerio Nacional.;https://mspasgt-my.sharepoint.com/:w:/r/personal/kordonez_mspas_gob_gt/_layouts/15/Doc.aspx?sourcedoc=%7B4D645D56-CE7F-4568-A7C7-2F8A603C3943%7D&file=03%20FORMULARIO%20DE%20SOLICITUD%20AUTORIZACI%C3%93N%20PARA%20INSCRIBIR%20CONTRATO%20DE%20COMPRAVENTA%20D
2810;Ministerio de Salud Pública y Asistencia Social -MSPAS-;Autorización para celebración de contrato de aportación de un lote de terreno con o sin mausoleo a una entidad jurídica;Comunicaciones y Transporte;"En esta diligencia administrativa consiste en la solicitud que se efectúa por parte del usuario propietario de un bien inmueble dentro del Cementerio Nacional para poder trasladar la propiedad a través de la celebración de un contrato de Aportación a favor de una entidad jurídica, del cual habiéndose cumplido con los requisitos solicitados por la Administración, se solicita opinión técnica al Inspector de Construcciones del Cementerio General así mismo, se procede a efectuar la respectiva tasación y darle el valor actual del inmueble, y con ello se asigna a asesor jurídico delegado a departamento de títulos para que emita Dictamen si es o no procedente que el propietario requirente proceda a través de la Aportación  trasladar sus derechos; con el dictamen respectivo el Departamento de Títulos y traspasos notifica lo resuelto.  Se elimina el traslado a departamento de asesoría jurídica";https://mspasgt-my.sharepoint.com/:w:/r/personal/kordonez_mspas_gob_gt/_layouts/15/Doc.aspx?sourcedoc=%7B5B29CF34-4E29-4A44-AD09-FFF17FE587AE%7D&file=08%20FORMULARIO%20DE%20SOLICITUD%20DE%20AUTORIZACI%C3%93N%20PARA%20CELEBRACI%C3%93N%20DE%20CONTRATO%20DE%
2811;Ministerio de Salud Pública y Asistencia Social -MSPAS-;Autorización para inscribir contrato de aportación de un lote de terreo con o sin mausoleo;Comunicaciones y Transporte;"En esta diligencia administrativa consiste en la solicitud que se efectúa por parte del usuario propietario de un bien inmueble dentro del Cementerio Nacional para poder inscribir un contrato de Aportación efectuada entre el propietario y la persona jurídica a quien se trasladara el dominio de la propiedad o copropiedad y del cual, no solicitaron autorización previa  a la suscripción del contrato; por lo que luego de haberse cumplido con los requisitos solicitados por la Administración, en la que se solicita aparte de los solicitados al usuario, opinión técnica al Inspector de Construcciones del Cementerio Nacional;  así mismo, se procede a efectuar la respectiva tasación y darle el valor actual del inmueble, y con ello se asigna a un asesor jurídico para que emita Dictamen si es o no procedente lo efectuado por el propietario al momento de trasladar el dominio del lote de terreno con mausoleo, posterior al análisis se emite Dictamen y el departamento de títulos y traspasos notifica lo resuelto.  Se elimina el traslado al departamento jurídico";https://mspasgt-my.sharepoint.com/:w:/r/personal/kordonez_mspas_gob_gt/_layouts/15/Doc.aspx?sourcedoc=%7BF77478E9-DCCF-40C6-92B6-E953A78B011F%7D&file=09%20FORMULARIO%20DE%20SOLICITUD%20AUTORIZACI%C3%93N%20PARA%20INSCRIBIR%20CONTRATO%20DE%20APORTACI%C3%93N
2812;Ministerio de Salud Pública y Asistencia Social -MSPAS-;Inscripción registral derivado de proceso sucesorio intestado judicial y extrajudicial;Comunicaciones y Transporte;"En esta diligencia administrativa consiste en la solicitud que se efectúa por parte del usuario para que un bien inmueble dentro del Cementerio Nacional pueda ser inscrito a favor de quien resulte nombrado como heredero a través de un proceso sucesorio Intestado sea esta de forma judicial o extrajudicial efectuada debido al fallecimiento del legítimo propietario o copropietario;  
 
Por lo que luego de haberse cumplido con los requisitos solicitados por la Administración, en la que se solicita aparte de los solicitados al usuario, opinión técnica al Inspector de Construcciones del Cementerio Nacional;  así mismo, se procede a efectuar la respectiva tasación y darle el valor actual del inmueble, y con ello se asigna a asesor jurídico delegado a departamento de títulos para que emita Dictamen si es o no procedente lo efectuado por el propietario al momento de trasladar el dominio del lote de terreno con mausoleo, posterior al análisis se emite Dictamen y el Departamento de Títulos y traspasos notificara lo resuelto.  Se elimina el traslado a departamento jurídico.";https://mspasgt-my.sharepoint.com/:w:/r/personal/kordonez_mspas_gob_gt/_layouts/15/Doc.aspx?sourcedoc=%7B42D71ADC-A9E1-4322-8A71-6BD02B4C788F%7D&file=10%20FORMULARIO%20DE%20SOLICITUD%20DE%20INSCRIPCI%C3%92N%20REGISTRAL%20DERIVADO%20DE%20PROCESO%20SUCESORI
2813;Ministerio de Salud Pública y Asistencia Social -MSPAS-;Inscripción registral derivado de proceso sucesorio testamentario judicial y extrajudicial;Comunicaciones y Transporte;"En esta diligencia administrativa consiste en la solicitud que se efectúa por parte del usuario para que un bien inmueble dentro del Cementerio Nacional pueda ser inscrito a favor de quien resulte instituido y nombrado como heredero a través de un proceso sucesorio Testamentario sea esta de forma judicial o extrajudicial efectuada debido al fallecimiento del legítimo propietario o copropietario;  
 
Por lo que luego de haberse cumplido con los requisitos solicitados por la Administración, en la que se solicita aparte de los solicitados al usuario, opinión técnica al Inspector de Construcciones del Cementerio Nacional;  así mismo, se procede a efectuar la respectiva tasación y darle el valor actual del inmueble, y con ello se asigna a asesor jurídico delegado a departamento de títulos para que emita Dictamen si es o no procedente lo efectuado, posterior al análisis se emite Dictamen y el Departamento de Títulos y traspasos notificara lo resuelto.";https://mspasgt-my.sharepoint.com/:w:/r/personal/kordonez_mspas_gob_gt/_layouts/15/Doc.aspx?sourcedoc=%7B48C07D0F-DAF7-4AF5-A20D-F5BC104DD86A%7D&file=11%20FORMULARIO%20DE%20SOLICITUD%20DE%20INSCRIPCI%C3%92N%20REGISTRAL%20DERIVADO%20DE%20PROCESO%20SUCESORI
2814;Ministerio de Salud Pública y Asistencia Social -MSPAS-;Autorización de Construcción o Ampliación de mausoleo en un lote de terreno en el Cementerio Nacional.;Inscripciones y Registros;Esta diligencia de carácter administrativo, es realizada por parte del usuario (facultado por documento legal) propietario o copropietario de un lote de terreno para fines fúnebres y este solicita construir o ampliar un mausoleo con nichos adultos, osarios, capilla, fosa o sepulturas en el Cementerio General, La Verbena y Villa de Guadalupe.   El trámite de Construcción o Ampliación de mausoleo en un lote de terreno en el Cementerio Nacional: es la diligencia administrativa que tiene por objeto que la Administración del Cementerio Nacional, autorice la construcción, ampliación de un mausoleo con nichos adultos, osarios, capilla, fosa o sepulturas en el Cementerio General, La Verbena y Villa de Guadalupe Cementerio Nacional, en esta diligencia el propietario de un lote de terreno sin mausoleo debe asumir compromisos legales por medio del constructor respectivo en donde se obliga a realizar una obra sin detrimento de las demás construcciones alrededor de la nueva y de acuerdo a los lineamientos de la Dirección General de Patrimonio Cultural y Natural del Ministerio de Cultura y Deportes;https://mspasgt-my.sharepoint.com/:w:/r/personal/kordonez_mspas_gob_gt/_layouts/15/Doc.aspx?sourcedoc=%7BDE2DCD6C-8430-4989-8F02-D09174EC0A91%7D&file=12%20FORMULARIO%20Autorizacion%20de%20Construcci%C3%B3n%20o%20Ampliaci%C3%B3n%20de%20mausoleo%20en%20un%2
3181;Ministerio de Salud Pública y Asistencia Social -MSPAS-;Autorizaciones Publicitarias -DRCPFA-;Salud;Autorizaciones Publicitarias de medicamentos, plaguicidas de uso doméstico y productos afines.;https://medicamentos.mspas.gob.gt/
3182;Ministerio de Salud Pública y Asistencia Social -MSPAS-;Registro de Personal que participa en la ejecución de ensayos clínicos -DRCPFA-;Salud;Los ensayos clínicos se llevan a cabo por personal debidamente capacitado (Investigador, Subinvestigador, Químico Farmacéutico, Coordinador, Monitor), el cual debe solicitar su registro para ser autorizado por el MSPAS a través del DRCPFA/Sección de Ensayos Clínicos con la emisión de la respectiva autorización. El documento emitido hace constar que se  registra al personal descrito para que  pueda ejecutar el ensayo clínico de acuerdo a sus funciones dentro del staff de investigación de cada sitio.;https://medicamentos.mspas.gob.gt/index.php/legislacion-vigente/acuerdos
3183;Ministerio de Salud Pública y Asistencia Social -MSPAS-;Registro de Patrocinador, Sitio de Investigación, Organización de Investigación por contrato (CRO), Organización de Manejo de Sitio (SMO) -DRCPFA-;Salud;Los ensayos clínicos se llevan a cabo en lugares como hospitales, universidades, consultorios médicos y clínicas (sitios de investigación). Pueden ser financiados por fundaciones, instituciones médicas y compañías farmacéuticas (patrocinador). El patrocinador puede contratar compañías que prestan sus como apoyo regulatorio y otros (CRO, SMO). Cada una de estas entidades son autorizadas por el MSPAS a través del DRCPFA/Sección de Ensayos Clínicos con la emisión de la respectiva autorización. El documento emitido hace constar que se registra cada una de las entidades descritas para que  puedan ejecutar el ensayo clínico de acuerdo a sus funciones.;https://medicamentos.mspas.gob.gt/index.php/legislacion-vigente/acuerdos
3184;Ministerio de Salud Pública y Asistencia Social -MSPAS-;Informe Periódico de Seguridad -DRCPFA-;Salud;Documento oficial que presenta todos los datos de farmacovigilancia de un medicamento en determinado periodo, de acuerdo con su fecha de registro, con el objetivo de comunicar toda nueva información de interés sobre seguridad.;https://medicamentos.mspas.gob.gt/index.php/legislacion-vigente/normas-tecnicas?download=96%3Ant19-2009&start=20
3185;Ministerio de Salud Pública y Asistencia Social -MSPAS-;Plan de Farmacovigilancia -DRCPFA-;Salud;Documento en el que se describen las actividades de rutina y en algunos casos actividades adicionales, de acuerdo a las especificaciones de seguridad del medicamento o vacuna, diseñadas para monitorear, identificar y caracterizar los riesgos de los medicamentos o vacunas.;https://medicamentos.mspas.gob.gt/index.php/legislacion-vigente/normas-tecnicas?download=96%3Ant19-2009&start=20
3186;Ministerio de Salud Pública y Asistencia Social -MSPAS-;Certificado de Farmacovigilancia -DRCPFA-;Salud;Documento que hace constar que el establecimiento cuenta con Plan de Farmacovigilancia aprobado y vigente.;https://medicamentos.mspas.gob.gt/index.php/legislacion-vigente/normas-tecnicas?download=96%3Ant19-2009&start=20
3189;Ministerio de Salud Pública y Asistencia Social -MSPAS-;Autorización de publicidad de bebidas alcohólicas -DRCA-;Salud;Procedimiento mediante el cual el DRCA autoriza publicidad de bebidas alcohólicas, vinos, cervezas y bebidas fermentadas que se realizan por medio escrito, grafico, radial, televisivo, eléctrico o electrónico, cinematográfico, unidades móviles y cualquier otro medio.;https://mspas.gob.gt/servicios/control-de-alimentos
3190;Ministerio de Salud Pública y Asistencia Social -MSPAS-;Certificado de Libre Venta -DRCA-;Salud;Documento que se emite para indicar que el producto es de libre venta y consumo en el país de procedencia o de origen según la legislación de cada país.;https://mspas.gob.gt/servicios/control-de-alimentos
3191;Ministerio de Salud Pública y Asistencia Social -MSPAS-;Vigilancia por Reconocimiento Mutuo de Registros Sanitarios (Nuevos y Renovación) -DRCA-;Salud;Tramite mediante el cual cada país acepta que un producto que ha sido registrado en otro Estado Parte de la región centroamericana pueda comercializarse en su territorio con el número de registro original.;https://mspas.gob.gt/servicios/control-de-alimentos
3192;Ministerio de Salud Pública y Asistencia Social -MSPAS-;Permiso de Transporte Metropolitano -DRCA-;Salud;Licencia sanitaria que se otorga a vehículos de las plantas procesadoras de alimentos o los subcontratados por las mismas para transportar sus alimentos procesados o materias primas en la ciudad de Guatemala.;https://mspas.gob.gt/servicios/control-de-alimentos
3193;Ministerio de Salud Pública y Asistencia Social -MSPAS-;Permiso de Transporte Departamental -DRCA-;Salud;Licencia sanitaria que se otorga a vehículos de las plantas procesadoras de alimentos o los subcontratados por las mismas para transportar sus alimentos procesados o materias primas en los Departamentos de Guatemala.;https://mspas.gob.gt/servicios/control-de-alimentos
3194;Ministerio de Salud Pública y Asistencia Social -MSPAS-;Inscripción Sanitaria -DRCA-;Salud;Documento que se emite para autorizar a un importador o distribuidores para que pueda comercializar todo producto que haya sido registrado previamente.;https://mspas.gob.gt/servicios/control-de-alimentos
3195;Ministerio de Salud Pública y Asistencia Social -MSPAS-;Certificado de Inspección en Origen -DRCA-;Salud;Trámite cuya finalidad es que los establecimientos que procesen alimentos en otro país y deseen comercializarlos en territorio guatemalteco cumplan con las medidas sanitarias y fitosanitarias guatemaltecas.;https://mspas.gob.gt/servicios/control-de-alimentos
3196;Ministerio de Salud Pública y Asistencia Social -MSPAS-;Actualización de Registro Sanitario -DRCA-;Salud;"Trámite mediante el cual se pueden solicitar actualizar el registro sanitario de referencia, comprende la modificación de fabricante, por nuevo número de licencia sanitaria, descripción del producto; modificación o adición de nombre del producto, marca, distribuidor; modificaciones en la lista de ingredientes y modificaciones nutricionales.";https://mspas.gob.gt/servicios/control-de-alimentos
3197;Ministerio de Salud Pública y Asistencia Social -MSPAS-;Actualización de Registro Sanitario por Unidad Jurídica -DRCA-;Salud;Trámite mediante el cual se modifica el titular del registro sanitario de referencia, debido a cambio de razón social o sesión de derechos.;https://mspas.gob.gt/servicios/control-de-alimentos
3198;Ministerio de Salud Pública y Asistencia Social -MSPAS-;Aprobación de Protocolos de Ensayos Clínicos -DRCPFA-;Salud;Se emite la certificación de aprobación de protocolos de ensayos clínicos que es el documento extendido por el MSPAS a través del DRCPFA/Sección de Ensayos Clínicos, con la cual se hace constar que el interesado cumple con los requisitos para llevar a cabo un ensayo clínico.;https://medicamentos.mspas.gob.gt/index.php/legislacion-vigente/acuerdos
3199;Ministerio de Salud Pública y Asistencia Social -MSPAS-;Aprobación de Enmienda a Protocolo, Consentimientos/Asentimientos Informados de Ensayos Clínicos -DRCPFA-;Salud;"Este trámite lo realiza el patrocinador ante cualquier descripción escrita de cambios, o una aclaración formal de, un protocolo de ensayo clínico que pueda tener un impacto significativo en: a) la seguridad o integridad de los sujetos; b) el valor científico, la conducción o manejo del estudio; o c) la calidad o perfil de seguridad del producto o productos de investigación usados en el ensayo clínico. Se emite el documento que aprueba la enmienda para que el ensayo clínico continúe de acuerdo a las modificaciones realizadas.";https://medicamentos.mspas.gob.gt/index.php/legislacion-vigente/acuerdos
3201;Ministerio de Salud Pública y Asistencia Social -MSPAS-;Acreditación de Comité de Ética -DRCPFA-;Salud;Los Comités de Ética en Investigación son autorizados para su funcionamiento en la revisión y aprobación de ensayos clínicos con medicamentos y dispositivos médicos.;https://medicamentos.mspas.gob.gt/index.php/legislacion-vigente/acuerdos
3224;Ministerio de Salud Pública y Asistencia Social -MSPAS-;Entrega de Informes de Evaluación de Conformidad o Informes de Ensayo -LNS-;Salud;Corresponde a la entrega de Informes de Evaluación de Conformidad o Informes de Ensayo al Departamento de Regulación y Control de Productos Farmacéuticos y afines.;http://portal.lns.gob.gt/
3225;Ministerio de Salud Pública y Asistencia Social -MSPAS-;Encuestas de evaluación del servicio -LNS-;Salud;Encuestas que permitan obtener una retroalimentación de los clientes/usuarios sobre el servicio brindado por la Unidad de Medicamentos.;http://portal.lns.gob.gt/
3226;Ministerio de Salud Pública y Asistencia Social -MSPAS-;Seguimiento de estatus de ensayo -LNS-;Salud;Actualmente los usuarios para darle seguimiento al estatus de sus expedientes, únicamente pueden hacerlo enviando un correo a la Unidad para que le sean enviados los estatus de sus expedientes, con la priorización del trámite tendrán un usuario y password para ingresar al sistema que actualizará el estado del mismo.;http://portal.lns.gob.gt/
3227;Ministerio de Salud Pública y Asistencia Social -MSPAS-;Certificado de Buenas Practicas de Manufactura Laboratorio de Productos Farmacéuticos -DRCPFA-;Salud;Es el documento expedido por el Departamento de Regulación y Control a través de la Unidad de Vigilancia Monitoreo y Control donde se certifica que el Establecimiento cumple con las Buenas Prácticas de Manufactura.;https://medicamentos.mspas.gob.gt/index.php/legislacion-vigente/resoluciones-comieco
3228;Ministerio de Salud Pública y Asistencia Social -MSPAS-;Certificado de Buenas Practicas de Manufactura Laboratorio de productos Naturales -DRCPFA-;Salud;Es el documento expedido por el Departamento de Regulación y Control a través de la Unidad de Vigilancia Monitoreo y Control donde se certifica que el Establecimiento cumple con las Buenas Prácticas de Manufactura.;https://medicamentos.mspas.gob.gt/index.php/legislacion-vigente/resoluciones-comieco
3229;Ministerio de Salud Pública y Asistencia Social -MSPAS-;Certificado de Buenas Practicas de Manufactura Laboratorio de Productos Cosméticos -DRCPFA-;Salud;Es el documento expedido por el Departamento de Regulación y Control a través de la Unidad de Vigilancia Monitoreo y Control donde se certifica que el Establecimiento cumple con las Buenas Prácticas de Manufactura.;https://medicamentos.mspas.gob.gt/index.php/legislacion-vigente/resoluciones-comieco
3230;Ministerio de Salud Pública y Asistencia Social -MSPAS-;Certificado de Buenas Practicas de Manufactura Laboratorio de Productos Higiénicos -DRCPFA-;Salud;Es el documento expedido por el Departamento de Regulación y Control a través de la Unidad de Vigilancia Monitoreo y Control donde se certifica que el Establecimiento cumple con las Buenas Prácticas de Manufactura.;https://medicamentos.mspas.gob.gt/index.php/legislacion-vigente/normas-tecnicas
3231;Ministerio de Salud Pública y Asistencia Social -MSPAS-;Certificado de Buenas Practicas de Manufactura Laboratorio de Productos Oficinales -DRCPFA-;Salud;Es el documento expedido por el Departamento de Regulación y Control a través de la Unidad de Vigilancia Monitoreo y Control donde se certifica que el Establecimiento cumple con las Buenas Prácticas de Manufactura.;https://medicamentos.mspas.gob.gt/index.php/formularios/formvigilanciasanitaria
3232;Ministerio de Salud Pública y Asistencia Social -MSPAS-;Certificado de Buenas Practicas de Manufactura Fabrica de Material Medico Quirúrgico -DRCPFA-;Salud;Es el documento expedido por el Departamento de Regulación y Control a través de la Unidad de Vigilancia Monitoreo y Control donde se certifica que el Establecimiento cumple con las Buenas Prácticas de Manufactura.;https://medicamentos.mspas.gob.gt/index.php/formularios/formvigilanciasanitaria
3233;Ministerio de Salud Pública y Asistencia Social -MSPAS-;Certificado de Buenas Practicas de Manufactura (Almacenamiento, Acondicionamiento y Distribución) Distribuidora con fraccionamiento primario y secundario -DRCPFA-;Salud;Documento expedido por el Departamento de Regulación y Control a través de la Unidad de Vigilancia Monitoreo y Control donde se certifica que el establecimiento cumple con las Buenas Prácticas de Manufactura, en sus etapas de Almacenamiento, Acondicionamiento y Distribución.;https://medicamentos.mspas.gob.gt/index.php/formularios/formvigilanciasanitaria
3234;Ministerio de Salud Pública y Asistencia Social -MSPAS-;Certificado de Buenas Practicas de Manufactura (Almacenamiento, Acondicionamiento y Distribución) Droguería con fraccionamiento primario y secundario -DRCPFA-;Salud;Documento expedido por el Departamento de Regulación y Control a través de la Unidad de Vigilancia Monitoreo y Control donde se certifica que el establecimiento cumple con las Buenas Prácticas de Manufactura, en sus etapas de Almacenamiento, Acondicionamiento y Distribución.;https://medicamentos.mspas.gob.gt/index.php/formularios/formvigilanciasanitaria
3235;Ministerio de Salud Pública y Asistencia Social -MSPAS-;Certificado de Buenas Practicas de Manufactura (Almacenamiento y Distribución) Distribuidora simple -DRCPFA-;Salud;Documento expedido por la autoridad reguladora del país en el cual se encuentra ubicado el establecimiento acondicionador donde se certifica que el mismo cumple con las Buenas Prácticas de Manufactura en sus etapas de Almacenamiento y Distribución.;https://medicamentos.mspas.gob.gt/index.php/formularios/formvigilanciasanitaria
3236;Ministerio de Salud Pública y Asistencia Social -MSPAS-;Certificado de Buenas Practicas de Manufactura (Almacenamiento y Distribución) Droguerías Simple -DRCPFA-;Salud;Documento expedido por la autoridad reguladora del país en el cual se encuentra ubicado el establecimiento acondicionador donde se certifica que el mismo cumple con las Buenas Practicas de Manufactura en sus etapas de Almacenamiento y Distribución.;https://medicamentos.mspas.gob.gt/index.php/formularios/formvigilanciasanitaria
3237;Ministerio de Salud Pública y Asistencia Social -MSPAS-;Certificado de Buenas practicas de Laboratorio (BPL) -DRCPFA-;Salud;Documento emitido por el Departamento de Regulación y Control de Productos Farmacéuticos y Afine a través de la Unidad De Vigilancia Monitoreo y Control para verificar el conjunto de reglas, procedimientos operativos y prácticas de verificación para garantizar que los datos obtenidos por un laboratorio de análisis de medicamentos y productos afines sean fidedignos, reproducibles, íntegros de calidad.;https://medicamentos.mspas.gob.gt/index.php/formularios/formvigilanciasanitaria
3238;Ministerio de Salud Pública y Asistencia Social -MSPAS-;Certificado de Libre Sanción -DRCPFA-;Salud;Documento emitido por el Departamento de Regulación y Control de Productos Farmacéuticos y Afine a través de la Unidad De Vigilancia Monitoreo y Control para hacer constar que un producto farmacéutico o afín no ha sido sancionado, ni retirado del mercado por falta de calidad en un periodo de dos años.;https://medicamentos.mspas.gob.gt/index.php/legislacion-vigente/decretos
3351;Ministerio de Salud Pública y Asistencia Social -MSPAS-;Solicitud de Inscripción Sanitaria de Productos Cosméticos (Nuevo o Renovación con cambio de Fórmula) -DRCPFA-;Salud;Emisión del Certificado de Inscripción Sanitaria para productos cosméticos nuevos: El Certificado de Inscripción Sanitaria es el documento extendido por el MSPAS a través de la Sección de Autorizaciones Sanitarias de Productos Afines, en el cual se hace constar que un producto cosmético cumple con todos los requisitos establecidos en las normas técnicas vigentes y Reglamentos Técnicos Centroamericanos, para poder ser importados y comercializados en la República de Guatemala.;https://medicamentos.mspas.gob.gt
3352;Ministerio de Salud Pública y Asistencia Social -MSPAS-;Solicitud de Inscripción Sanitaria de Productos Cosméticos (Renovación sin cambio de Fórmula) -DRCPFA-;Salud;Emisión de la renovación del Certificado de Inscripción Sanitaria para productos cosméticos: El Certificado de Inscripción Sanitaria es el documento extendido por el MSPAS a través de la Sección de Autorizaciones Sanitarias de Productos Afines, en el cual se hace constar que un producto cosmético cumple con todos los requisitos establecidos en las normas técnicas vigentes y Reglamentos Técnicos Centroamericanos, para poder ser importados y comercializados en la República de Guatemala.;https://medicamentos.mspas.gob.gt
3353;Ministerio de Salud Pública y Asistencia Social -MSPAS-;Solicitud de Inscripción Sanitaria de Productos Higiénicos (Nuevo o Renovación con cambio de Fórmula) -DRCPFA-;Salud;Emisión del Certificado de Inscripción Sanitaria para productos higiénicos nuevos: El Certificado de Inscripción Sanitaria es el documento extendido por el MSPAS a través de la Sección de Autorizaciones Sanitarias de Productos Afines, en el cual se hace constar que un producto higiénico cumple con todos los requisitos establecidos en las normas técnicas vigentes y Reglamentos Técnicos Centroamericanos, para poder ser importados y comercializados en la República de Guatemala.;https://medicamentos.mspas.gob.gt
3354;Ministerio de Salud Pública y Asistencia Social -MSPAS-;Solicitud de Inscripción Sanitaria de Productos Higiénicos (Renovación sin cambio de Fórmula) -DRCPFA-;Salud;Emisión de la renovación del Certificado de Inscripción Sanitaria para productos higiénicos: El Certificado de Inscripción Sanitaria es el documento extendido por el MSPAS a través de la Sección de Autorizaciones Sanitarias de Productos Afines, en el cual se hace constar que un producto higiénico cumple con todos los requisitos establecidos en las normas técnicas vigentes y Reglamentos Técnicos Centroamericanos, para poder ser importados y comercializados en la República de Guatemala.;https://medicamentos.mspas.gob.gt
3355;Ministerio de Salud Pública y Asistencia Social -MSPAS-;Solicitud de Inscripción Sanitaria de Productos Higiénicos para Uso Hospitalario (Nuevo o Renovación con cambio de Fórmula) -DRCPFA-;Salud;Emisión del Certificado de Inscripción Sanitaria para productos higiénicos para uso hospitalario nuevos: El Certificado de Inscripción Sanitaria es el documento extendido por el MSPAS a través de la Sección de Autorizaciones Sanitarias de Productos Afines, en el cual se hace constar que un producto higiénico para uso hospitalario cumple con todos los requisitos establecidos en las normas técnicas vigentes, para poder ser importados y comercializados en la República de Guatemala.;https://medicamentos.mspas.gob.gt
3356;Ministerio de Salud Pública y Asistencia Social -MSPAS-;Solicitud de Inscripción Sanitaria de Productos Higiénicos para Uso Hospitalario  (Renovación sin cambio de Fórmula) -DRCPFA-;Salud;Emisión de la renovación del Certificado de Inscripción Sanitaria para productos higiénicos para uso hospitalario : El Certificado de Inscripción Sanitaria es el documento extendido por el MSPAS a través de la Sección de Autorizaciones Sanitarias de Productos Afines, en el cual se hace constar que un producto higiénico hospitalario cumple con todos los requisitos establecidos en las normas técnicas vigentes, para poder ser importados y comercializados en la República de Guatemala.;https://medicamentos.mspas.gob.gt
3357;Ministerio de Salud Pública y Asistencia Social -MSPAS-;Solicitud de Inscripción Sanitaria de Reactivos para Diagnóstico in vitro (Nuevo o Renovación con cambio de Fórmula) -DRCPFA-;Medio Ambiente;Emisión del Certificado de Inscripción Sanitaria para Reactivos para Diagnostico in vitro nuevos: El Certificado de Inscripción Sanitaria es el documento extendido por el MSPAS a través de la Sección de Autorizaciones Sanitarias de Productos Afines, en el cual se hace constar que un Reactivo para Diagnostico in vitro cumple con todos los requisitos establecidos en las normas técnicas vigentes, para poder ser importados y comercializados en la República de Guatemala.;https://medicamentos.mspas.gob.gt
3358;Ministerio de Salud Pública y Asistencia Social -MSPAS-;Solicitud de Inscripción Sanitaria de Reactivos para Diagnóstico in vitro (Renovación sin cambio de Fórmula) -DRCPFA-;Salud;Emisión de la renovación del Certificado de Inscripción Sanitaria para Reactivos para Diagnóstico in vitro: El Certificado de Inscripción Sanitaria es el documento extendido por el MSPAS a través de la Sección de Autorizaciones Sanitarias de Productos Afines, en el cual se hace constar que un Reactivo para Diagnóstico in vitro cumple con todos los requisitos establecidos en las normas técnicas vigentes, para poder ser importados y comercializados en la República de Guatemala.;https://medicamentos.mspas.gob.gt
3359;Ministerio de Salud Pública y Asistencia Social -MSPAS-;Solicitud de Inscripción Sanitaria de Productos y Equipos Odontológicos (Nuevo o Renovación con cambio de Fórmula) -DRCPFA-;Salud;Emisión del Certificado de Inscripción Sanitaria para Productos y Equipos Odontológicos nuevos: El Certificado de Inscripción Sanitaria es el documento extendido por el MSPAS a través de la Sección de Autorizaciones Sanitarias de Productos Afines, en el cual se hace constar que un Producto o Equipo Odontológico cumple con todos los requisitos establecidos en las normas técnicas vigentes, para poder ser importados y comercializados en la República de Guatemala.;https://medicamentos.mspas.gob.gt
3360;Ministerio de Salud Pública y Asistencia Social -MSPAS-;Solicitud de Inscripción Sanitaria de Productos y Equipos Odontológicos (Renovación sin cambio de Fórmula) -DRCPFA-;Salud;Emisión de la renovación del Certificado de Inscripción Sanitaria para Productos y Equipos Odontológicos: El Certificado de Inscripción Sanitaria es el documento extendido por el MSPAS a través de la Sección de Autorizaciones Sanitarias de Productos Afines, en el cual se hace constar que un Producto o Equipo Odontológico cumple con todos los requisitos establecidos en las normas técnicas vigentes, para poder ser importados y comercializados en la República de Guatemala.;https://medicamentos.mspas.gob.gt
3361;Ministerio de Salud Pública y Asistencia Social -MSPAS-;Solicitud de Inscripción Sanitaria de Dispositivos Médicos (Nuevo o Renovación con cambio de Fórmula) -DRCPFA-;Salud;Emisión del Certificado de Inscripción Sanitaria para Reactivos para Dispositivos Médicos nuevos: El Certificado de Inscripción Sanitaria es el documento extendido por el MSPAS a través de la Sección de Autorizaciones Sanitarias de Productos Afines, en el cual se hace constar que un Dispositivo Médico cumple con todos los requisitos establecidos en las normas técnicas vigentes, para poder ser importados y comercializados en la República de Guatemala.;https://medicamentos.mspas.gob.gt
3362;Ministerio de Salud Pública y Asistencia Social -MSPAS-;Solicitud de Inscripción Sanitaria de Dispositivos Médicos (Renovación sin cambio de Fórmula) -DRCPFA-;Salud;Emisión de la renovación Certificado de Inscripción Sanitaria para Reactivos para Dispositivos Médicos: El Certificado de Inscripción Sanitaria es el documento extendido por el MSPAS a través de la Sección de Autorizaciones Sanitarias de Productos Afines, en el cual se hace constar que un Dispositivo Médico cumple con todos los requisitos establecidos en las normas técnicas vigentes, para poder ser importados y comercializados en la República de Guatemala.;https://medicamentos.mspas.gob.gt
3363;Ministerio de Salud Pública y Asistencia Social -MSPAS-;Solicitud de Actualización de Productos Afines -DRCPFA-;Salud;"Emisión del Certificado de Inscripción Sanitaria de actualizaciones de productos afines y Oficios de actualizaciones: El Certificado de Inscripción Sanitaria es el documento extendido por el MSPAS a través de la Sección de Autorizaciones Sanitarias de Productos Afines, en el cual se hace constar que un producto afín cumple con todos los requisitos establecidos en las normas técnicas y Reglamentos Técnicos Centroamericanos que aplican para cada categoría (Cosméticos, Higiénicos, Higiénicos Hospitalarios, Odontológicos, Dispositivos Médicos y Reactivos para Diagnostico In Vitro), para poder ser exportados, importados y comercializados en la República de Guatemala; estos certificados tienen una vigencia de 5 años y en el transcurso de dicho tiempo están sujetos a actualizaciones (cambios, modificaciones o notificaciones), las cuales se deben ser evaluadas y autorizadas por la Sección de Autorizaciones Sanitarias de Productos Afines.";https://medicamentos.mspas.gob.gt
3364;Ministerio de Salud Pública y Asistencia Social -MSPAS-;Solicitud de Actualización de Productos Afines (Cambio de Vida Útil) -DRCPFA-;Salud;"Emisión del Certificado de Inscripción Sanitaria de actualizaciones de productos afines y Oficios de actualizaciones: El Certificado de Inscripción Sanitaria es el documento extendido por el MSPAS a través de la Sección de Autorizaciones Sanitarias de Productos Afines, en el cual se hace constar que un producto afín cumple con todos los requisitos establecidos en las normas técnicas y Reglamentos Técnicos Centroamericanos que aplican para cada categoría (Cosméticos, Higiénicos, Higiénicos Hospitalarios, Odontológicos, Dispositivos Médicos y Reactivos para Diagnostico In Vitro), para poder ser exportados, importados y comercializados en la República de Guatemala; estos certificados tienen una vigencia de 5 años y en el transcurso de dicho tiempo están sujetos a actualizaciones (cambios, modificaciones o notificaciones), las cuales se deben ser evaluadas y autorizadas por la Sección de Autorizaciones Sanitarias de Productos Afines.";https://medicamentos.mspas.gob.gt
3365;Ministerio de Salud Pública y Asistencia Social -MSPAS-;Solicitud de Actualización de Productos Afines (Ampliación de Códigos) -DRCPFA-;Salud;"Emisión del Certificado de Inscripción Sanitaria de actualizaciones de productos afines y Oficios de actualizaciones: El Certificado de Inscripción Sanitaria es el documento extendido por el MSPAS a través de la Sección de Autorizaciones Sanitarias de Productos Afines, en el cual se hace constar que un producto afín cumple con todos los requisitos establecidos en las normas técnicas y Reglamentos Técnicos Centroamericanos que aplican para cada categoría (Cosméticos, Higiénicos, Higiénicos Hospitalarios, Odontológicos, Dispositivos Médicos y Reactivos para Diagnostico In Vitro), para poder ser exportados, importados y comercializados en la República de Guatemala; estos certificados tienen una vigencia de 5 años y en el transcurso de dicho tiempo están sujetos a actualizaciones (cambios, modificaciones o notificaciones), las cuales se deben ser evaluadas y autorizadas por la Sección de Autorizaciones Sanitarias de Productos Afines.";https://medicamentos.mspas.gob.gt
3366;Ministerio de Salud Pública y Asistencia Social -MSPAS-;Solicitud de Actualización de Productos Afines (Cambio de Fabricante) -DRCPFA-;Salud;"Emisión del Certificado de Inscripción Sanitaria de actualizaciones de productos afines y Oficios de actualizaciones: El Certificado de Inscripción Sanitaria es el documento extendido por el MSPAS a través de la Sección de Autorizaciones Sanitarias de Productos Afines, en el cual se hace constar que un producto afín cumple con todos los requisitos establecidos en las normas técnicas y Reglamentos Técnicos Centroamericanos que aplican para cada categoría (Cosméticos, Higiénicos, Higiénicos Hospitalarios, Odontológicos, Dispositivos Médicos y Reactivos para Diagnostico In Vitro), para poder ser exportados, importados y comercializados en la República de Guatemala; estos certificados tienen una vigencia de 5 años y en el transcurso de dicho tiempo están sujetos a actualizaciones (cambios, modificaciones o notificaciones), las cuales se deben ser evaluadas y autorizadas por la Sección de Autorizaciones Sanitarias de Productos Afines.";https://medicamentos.mspas.gob.gt
3367;Ministerio de Salud Pública y Asistencia Social -MSPAS-;Solicitud de Actualización de Productos Afines (Cambio de Razón Social de Fabricante) -DRCPFA-;Salud;"Emisión del Certificado de Inscripción Sanitaria de actualizaciones de productos afines y Oficios de actualizaciones: El Certificado de Inscripción Sanitaria es el documento extendido por el MSPAS a través de la Sección de Autorizaciones Sanitarias de Productos Afines, en el cual se hace constar que un producto afín cumple con todos los requisitos establecidos en las normas técnicas y Reglamentos Técnicos Centroamericanos que aplican para cada categoría (Cosméticos, Higiénicos, Higiénicos Hospitalarios, Odontológicos, Dispositivos Médicos y Reactivos para Diagnostico In Vitro), para poder ser exportados, importados y comercializados en la República de Guatemala; estos certificados tienen una vigencia de 5 años y en el transcurso de dicho tiempo están sujetos a actualizaciones (cambios, modificaciones o notificaciones), las cuales se deben ser evaluadas y autorizadas por la Sección de Autorizaciones Sanitarias de Productos Afines.";https://medicamentos.mspas.gob.gt
3368;Ministerio de Salud Pública y Asistencia Social -MSPAS-;Solicitud de Actualización de Productos Afines (Cambio Titular) -DRCPFA-;Salud;"Emisión del Certificado de Inscripción Sanitaria de actualizaciones de productos afines y Oficios de actualizaciones: El Certificado de Inscripción Sanitaria es el documento extendido por el MSPAS a través de la Sección de Autorizaciones Sanitarias de Productos Afines, en el cual se hace constar que un producto afín cumple con todos los requisitos establecidos en las normas técnicas y Reglamentos Técnicos Centroamericanos que aplican para cada categoría (Cosméticos, Higiénicos, Higiénicos Hospitalarios, Odontológicos, Dispositivos Médicos y Reactivos para Diagnostico In Vitro), para poder ser exportados, importados y comercializados en la República de Guatemala; estos certificados tienen una vigencia de 5 años y en el transcurso de dicho tiempo están sujetos a actualizaciones (cambios, modificaciones o notificaciones), las cuales se deben ser evaluadas y autorizadas por la Sección de Autorizaciones Sanitarias de Productos Afines.";https://medicamentos.mspas.gob.gt
3369;Ministerio de Salud Pública y Asistencia Social -MSPAS-;Solicitud de Actualización de Productos Afines (Cambio de Razón Social del Titular) -DRCPFA-;Salud;"Emisión del Certificado de Inscripción Sanitaria de actualizaciones de productos afines y Oficios de actualizaciones: El Certificado de Inscripción Sanitaria es el documento extendido por el MSPAS a través de la Sección de Autorizaciones Sanitarias de Productos Afines, en el cual se hace constar que un producto afín cumple con todos los requisitos establecidos en las normas técnicas y Reglamentos Técnicos Centroamericanos que aplican para cada categoría (Cosméticos, Higiénicos, Higiénicos Hospitalarios, Odontológicos, Dispositivos Médicos y Reactivos para Diagnostico In Vitro), para poder ser exportados, importados y comercializados en la República de Guatemala; estos certificados tienen una vigencia de 5 años y en el transcurso de dicho tiempo están sujetos a actualizaciones (cambios, modificaciones o notificaciones), las cuales se deben ser evaluadas y autorizadas por la Sección de Autorizaciones Sanitarias de Productos Afines.";https://medicamentos.mspas.gob.gt
3370;Ministerio de Salud Pública y Asistencia Social -MSPAS-;Solicitud de Actualización de Productos Afines (Cambio de Distribuidor) -DRCPFA-;Salud;"Emisión del Certificado de Inscripción Sanitaria de actualizaciones de productos afines y Oficios de actualizaciones: El Certificado de Inscripción Sanitaria es el documento extendido por el MSPAS a través de la Sección de Autorizaciones Sanitarias de Productos Afines, en el cual se hace constar que un producto afín cumple con todos los requisitos establecidos en las normas técnicas y Reglamentos Técnicos Centroamericanos que aplican para cada categoría (Cosméticos, Higiénicos, Higiénicos Hospitalarios, Odontológicos, Dispositivos Médicos y Reactivos para Diagnostico In Vitro), para poder ser exportados, importados y comercializados en la República de Guatemala; estos certificados tienen una vigencia de 5 años y en el transcurso de dicho tiempo están sujetos a actualizaciones (cambios, modificaciones o notificaciones), las cuales se deben ser evaluadas y autorizadas por la Sección de Autorizaciones Sanitarias de Productos Afines.";https://medicamentos.mspas.gob.gt
3371;Ministerio de Salud Pública y Asistencia Social -MSPAS-;Solicitud de Actualización de Productos Afines (Ampliación de Distribuidor) -DRCPFA-;Salud;"Emisión del Certificado de Inscripción Sanitaria de actualizaciones de productos afines y Oficios de actualizaciones: El Certificado de Inscripción Sanitaria es el documento extendido por el MSPAS a través de la Sección de Autorizaciones Sanitarias de Productos Afines, en el cual se hace constar que un producto afín cumple con todos los requisitos establecidos en las normas técnicas y Reglamentos Técnicos Centroamericanos que aplican para cada categoría (Cosméticos, Higiénicos, Higiénicos Hospitalarios, Odontológicos, Dispositivos Médicos y Reactivos para Diagnostico In Vitro), para poder ser exportados, importados y comercializados en la República de Guatemala; estos certificados tienen una vigencia de 5 años y en el transcurso de dicho tiempo están sujetos a actualizaciones (cambios, modificaciones o notificaciones), las cuales se deben ser evaluadas y autorizadas por la Sección de Autorizaciones Sanitarias de Productos Afines.";https://medicamentos.mspas.gob.gt
3372;Ministerio de Salud Pública y Asistencia Social -MSPAS-;Solicitud de Actualización de Productos Afines (Cambio de Representante Legal en el País) -DRCPFA-;Salud;"Emisión del Certificado de Inscripción Sanitaria de actualizaciones de productos afines y Oficios de actualizaciones: El Certificado de Inscripción Sanitaria es el documento extendido por el MSPAS a través de la Sección de Autorizaciones Sanitarias de Productos Afines, en el cual se hace constar que un producto afín cumple con todos los requisitos establecidos en las normas técnicas y Reglamentos Técnicos Centroamericanos que aplican para cada categoría (Cosméticos, Higiénicos, Higiénicos Hospitalarios, Odontológicos, Dispositivos Médicos y Reactivos para Diagnostico In Vitro), para poder ser exportados, importados y comercializados en la República de Guatemala; estos certificados tienen una vigencia de 5 años y en el transcurso de dicho tiempo están sujetos a actualizaciones (cambios, modificaciones o notificaciones), las cuales se deben ser evaluadas y autorizadas por la Sección de Autorizaciones Sanitarias de Productos Afines.";https://medicamentos.mspas.gob.gt
3373;Ministerio de Salud Pública y Asistencia Social -MSPAS-;Solicitud de Actualización de Productos Afines (Cambio de Presentación) -DRCPFA-;Salud;"Emisión del Certificado de Inscripción Sanitaria de actualizaciones de productos afines y Oficios de actualizaciones: El Certificado de Inscripción Sanitaria es el documento extendido por el MSPAS a través de la Sección de Autorizaciones Sanitarias de Productos Afines, en el cual se hace constar que un producto afín cumple con todos los requisitos establecidos en las normas técnicas y Reglamentos Técnicos Centroamericanos que aplican para cada categoría (Cosméticos, Higiénicos, Higiénicos Hospitalarios, Odontológicos, Dispositivos Médicos y Reactivos para Diagnostico In Vitro), para poder ser exportados, importados y comercializados en la República de Guatemala; estos certificados tienen una vigencia de 5 años y en el transcurso de dicho tiempo están sujetos a actualizaciones (cambios, modificaciones o notificaciones), las cuales se deben ser evaluadas y autorizadas por la Sección de Autorizaciones Sanitarias de Productos Afines.";https://medicamentos.mspas.gob.gt
3374;Ministerio de Salud Pública y Asistencia Social -MSPAS-;Solicitud de Actualización de Productos Afines (Ampliación de Presentación) -DRCPFA-;Salud;"Emisión del Certificado de Inscripción Sanitaria de actualizaciones de productos afines y Oficios de actualizaciones: El Certificado de Inscripción Sanitaria es el documento extendido por el MSPAS a través de la Sección de Autorizaciones Sanitarias de Productos Afines, en el cual se hace constar que un producto afín cumple con todos los requisitos establecidos en las normas técnicas y Reglamentos Técnicos Centroamericanos que aplican para cada categoría (Cosméticos, Higiénicos, Higiénicos Hospitalarios, Odontológicos, Dispositivos Médicos y Reactivos para Diagnostico In Vitro), para poder ser exportados, importados y comercializados en la República de Guatemala; estos certificados tienen una vigencia de 5 años y en el transcurso de dicho tiempo están sujetos a actualizaciones (cambios, modificaciones o notificaciones), las cuales se deben ser evaluadas y autorizadas por la Sección de Autorizaciones Sanitarias de Productos Afines.";https://medicamentos.mspas.gob.gt
3375;Ministerio de Salud Pública y Asistencia Social -MSPAS-;Solicitud de Actualización de Productos Afines (Cambio de Nombre del Producto) -DRCPFA-;Salud;"Emisión del Certificado de Inscripción Sanitaria de actualizaciones de productos afines y Oficios de actualizaciones: El Certificado de Inscripción Sanitaria es el documento extendido por el MSPAS a través de la Sección de Autorizaciones Sanitarias de Productos Afines, en el cual se hace constar que un producto afín cumple con todos los requisitos establecidos en las normas técnicas y Reglamentos Técnicos Centroamericanos que aplican para cada categoría (Cosméticos, Higiénicos, Higiénicos Hospitalarios, Odontológicos, Dispositivos Médicos y Reactivos para Diagnostico In Vitro), para poder ser exportados, importados y comercializados en la República de Guatemala; estos certificados tienen una vigencia de 5 años y en el transcurso de dicho tiempo están sujetos a actualizaciones (cambios, modificaciones o notificaciones), las cuales se deben ser evaluadas y autorizadas por la Sección de Autorizaciones Sanitarias de Productos Afines.";https://medicamentos.mspas.gob.gt
3376;Ministerio de Salud Pública y Asistencia Social -MSPAS-;Solicitud de Actualización de Productos Afines (Anulación de Inscripción Sanitaria) -DRCPFA-;Salud;"Emisión del Certificado de Inscripción Sanitaria de actualizaciones de productos afines y Oficios de actualizaciones: El Certificado de Inscripción Sanitaria es el documento extendido por el MSPAS a través de la Sección de Autorizaciones Sanitarias de Productos Afines, en el cual se hace constar que un producto afín cumple con todos los requisitos establecidos en las normas técnicas y Reglamentos Técnicos Centroamericanos que aplican para cada categoría (Cosméticos, Higiénicos, Higiénicos Hospitalarios, Odontológicos, Dispositivos Médicos y Reactivos para Diagnostico In Vitro), para poder ser exportados, importados y comercializados en la República de Guatemala; estos certificados tienen una vigencia de 5 años y en el transcurso de dicho tiempo están sujetos a actualizaciones (cambios, modificaciones o notificaciones), las cuales se deben ser evaluadas y autorizadas por la Sección de Autorizaciones Sanitarias de Productos Afines.";https://medicamentos.mspas.gob.gt
3377;Ministerio de Salud Pública y Asistencia Social -MSPAS-;Solicitud de Actualización de Productos Afines (Cambio de Profesional Responsable) -DRCPFA-;Salud;"Emisión del Certificado de Inscripción Sanitaria de actualizaciones de productos afines y Oficios de actualizaciones: El Certificado de Inscripción Sanitaria es el documento extendido por el MSPAS a través de la Sección de Autorizaciones Sanitarias de Productos Afines, en el cual se hace constar que un producto afín cumple con todos los requisitos establecidos en las normas técnicas y Reglamentos Técnicos Centroamericanos que aplican para cada categoría (Cosméticos, Higiénicos, Higiénicos Hospitalarios, Odontológicos, Dispositivos Médicos y Reactivos para Diagnostico In Vitro), para poder ser exportados, importados y comercializados en la República de Guatemala; estos certificados tienen una vigencia de 5 años y en el transcurso de dicho tiempo están sujetos a actualizaciones (cambios, modificaciones o notificaciones), las cuales se deben ser evaluadas y autorizadas por la Sección de Autorizaciones Sanitarias de Productos Afines.";https://medicamentos.mspas.gob.gt
3378;Ministerio de Salud Pública y Asistencia Social -MSPAS-;Solicitud de Actualización de Productos Afines (Cambio del Empaque Primario) -DRCPFA-;Salud;"Emisión del Certificado de Inscripción Sanitaria de actualizaciones de productos afines y Oficios de actualizaciones: El Certificado de Inscripción Sanitaria es el documento extendido por el MSPAS a través de la Sección de Autorizaciones Sanitarias de Productos Afines, en el cual se hace constar que un producto afín cumple con todos los requisitos establecidos en las normas técnicas y Reglamentos Técnicos Centroamericanos que aplican para cada categoría (Cosméticos, Higiénicos, Higiénicos Hospitalarios, Odontológicos, Dispositivos Médicos y Reactivos para Diagnostico In Vitro), para poder ser exportados, importados y comercializados en la República de Guatemala; estos certificados tienen una vigencia de 5 años y en el transcurso de dicho tiempo están sujetos a actualizaciones (cambios, modificaciones o notificaciones), las cuales se deben ser evaluadas y autorizadas por la Sección de Autorizaciones Sanitarias de Productos Afines.";https://medicamentos.mspas.gob.gt
3379;Ministerio de Salud Pública y Asistencia Social -MSPAS-;Solicitud de Actualización de Productos Afines (Adición de una planta alterna de fabricación) -DRCPFA-;Salud;"Emisión del Certificado de Inscripción Sanitaria de actualizaciones de productos afines y Oficios de actualizaciones: El Certificado de Inscripción Sanitaria es el documento extendido por el MSPAS a través de la Sección de Autorizaciones Sanitarias de Productos Afines, en el cual se hace constar que un producto afín cumple con todos los requisitos establecidos en las normas técnicas y Reglamentos Técnicos Centroamericanos que aplican para cada categoría (Cosméticos, Higiénicos, Higiénicos Hospitalarios, Odontológicos, Dispositivos Médicos y Reactivos para Diagnostico In Vitro), para poder ser exportados, importados y comercializados en la República de Guatemala; estos certificados tienen una vigencia de 5 años y en el transcurso de dicho tiempo están sujetos a actualizaciones (cambios, modificaciones o notificaciones), las cuales se deben ser evaluadas y autorizadas por la Sección de Autorizaciones Sanitarias de Productos Afines.";https://medicamentos.mspas.gob.gt
3380;Ministerio de Salud Pública y Asistencia Social -MSPAS-;Solicitud de Actualización de Productos Afines (Cambio de Colorante) -DRCPFA-;Salud;"Emisión del Certificado de Inscripción Sanitaria de actualizaciones de productos afines y Oficios de actualizaciones: El Certificado de Inscripción Sanitaria es el documento extendido por el MSPAS a través de la Sección de Autorizaciones Sanitarias de Productos Afines, en el cual se hace constar que un producto afín cumple con todos los requisitos establecidos en las normas técnicas y Reglamentos Técnicos Centroamericanos que aplican para cada categoría (Cosméticos, Higiénicos, Higiénicos Hospitalarios, Odontológicos, Dispositivos Médicos y Reactivos para Diagnostico In Vitro), para poder ser exportados, importados y comercializados en la República de Guatemala; estos certificados tienen una vigencia de 5 años y en el transcurso de dicho tiempo están sujetos a actualizaciones (cambios, modificaciones o notificaciones), las cuales se deben ser evaluadas y autorizadas por la Sección de Autorizaciones Sanitarias de Productos Afines.";https://medicamentos.mspas.gob.gt
3381;Ministerio de Salud Pública y Asistencia Social -MSPAS-;Solicitud de Actualización de Productos Afines (Cambio de Aroma) -DRCPFA-;Salud;"Emisión del Certificado de Inscripción Sanitaria de actualizaciones de productos afines y Oficios de actualizaciones: El Certificado de Inscripción Sanitaria es el documento extendido por el MSPAS a través de la Sección de Autorizaciones Sanitarias de Productos Afines, en el cual se hace constar que un producto afín cumple con todos los requisitos establecidos en las normas técnicas y Reglamentos Técnicos Centroamericanos que aplican para cada categoría (Cosméticos, Higiénicos, Higiénicos Hospitalarios, Odontológicos, Dispositivos Médicos y Reactivos para Diagnostico In Vitro), para poder ser exportados, importados y comercializados en la República de Guatemala; estos certificados tienen una vigencia de 5 años y en el transcurso de dicho tiempo están sujetos a actualizaciones (cambios, modificaciones o notificaciones), las cuales se deben ser evaluadas y autorizadas por la Sección de Autorizaciones Sanitarias de Productos Afines.";https://medicamentos.mspas.gob.gt
3382;Ministerio de Salud Pública y Asistencia Social -MSPAS-;Solicitud de Actualización de Productos Afines (Ampliación de Colorante) -DRCPFA-;Salud;"Emisión del Certificado de Inscripción Sanitaria de actualizaciones de productos afines y Oficios de actualizaciones: El Certificado de Inscripción Sanitaria es el documento extendido por el MSPAS a través de la Sección de Autorizaciones Sanitarias de Productos Afines, en el cual se hace constar que un producto afín cumple con todos los requisitos establecidos en las normas técnicas y Reglamentos Técnicos Centroamericanos que aplican para cada categoría (Cosméticos, Higiénicos, Higiénicos Hospitalarios, Odontológicos, Dispositivos Médicos y Reactivos para Diagnostico In Vitro), para poder ser exportados, importados y comercializados en la República de Guatemala; estos certificados tienen una vigencia de 5 años y en el transcurso de dicho tiempo están sujetos a actualizaciones (cambios, modificaciones o notificaciones), las cuales se deben ser evaluadas y autorizadas por la Sección de Autorizaciones Sanitarias de Productos Afines.";https://medicamentos.mspas.gob.gt
3383;Ministerio de Salud Pública y Asistencia Social -MSPAS-;Solicitud de Actualización de Productos Afines (Ampliación de Aroma) -DRCPFA-;Salud;"Emisión del Certificado de Inscripción Sanitaria de actualizaciones de productos afines y Oficios de actualizaciones: El Certificado de Inscripción Sanitaria es el documento extendido por el MSPAS a través de la Sección de Autorizaciones Sanitarias de Productos Afines, en el cual se hace constar que un producto afín cumple con todos los requisitos establecidos en las normas técnicas y Reglamentos Técnicos Centroamericanos que aplican para cada categoría (Cosméticos, Higiénicos, Higiénicos Hospitalarios, Odontológicos, Dispositivos Médicos y Reactivos para Diagnostico In Vitro), para poder ser exportados, importados y comercializados en la República de Guatemala; estos certificados tienen una vigencia de 5 años y en el transcurso de dicho tiempo están sujetos a actualizaciones (cambios, modificaciones o notificaciones), las cuales se deben ser evaluadas y autorizadas por la Sección de Autorizaciones Sanitarias de Productos Afines.";https://medicamentos.mspas.gob.gt
3384;Ministerio de Salud Pública y Asistencia Social -MSPAS-;Solicitud de Actualización de Productos Afines (Cambio de Formulación) -DRCPFA-;Salud;"Emisión del Certificado de Inscripción Sanitaria de actualizaciones de productos afines y Oficios de actualizaciones: El Certificado de Inscripción Sanitaria es el documento extendido por el MSPAS a través de la Sección de Autorizaciones Sanitarias de Productos Afines, en el cual se hace constar que un producto afín cumple con todos los requisitos establecidos en las normas técnicas y Reglamentos Técnicos Centroamericanos que aplican para cada categoría (Cosméticos, Higiénicos, Higiénicos Hospitalarios, Odontológicos, Dispositivos Médicos y Reactivos para Diagnostico In Vitro), para poder ser exportados, importados y comercializados en la República de Guatemala; estos certificados tienen una vigencia de 5 años y en el transcurso de dicho tiempo están sujetos a actualizaciones (cambios, modificaciones o notificaciones), las cuales se deben ser evaluadas y autorizadas por la Sección de Autorizaciones Sanitarias de Productos Afines.";https://medicamentos.mspas.gob.gt
3385;Ministerio de Salud Pública y Asistencia Social -MSPAS-;Solicitud de Actualización de Productos Afines (Cambio de Especificaciones) -DRCPFA-;Salud;"Emisión del Certificado de Inscripción Sanitaria de actualizaciones de productos afines y Oficios de actualizaciones: El Certificado de Inscripción Sanitaria es el documento extendido por el MSPAS a través de la Sección de Autorizaciones Sanitarias de Productos Afines, en el cual se hace constar que un producto afín cumple con todos los requisitos establecidos en las normas técnicas y Reglamentos Técnicos Centroamericanos que aplican para cada categoría (Cosméticos, Higiénicos, Higiénicos Hospitalarios, Odontológicos, Dispositivos Médicos y Reactivos para Diagnostico In Vitro), para poder ser exportados, importados y comercializados en la República de Guatemala; estos certificados tienen una vigencia de 5 años y en el transcurso de dicho tiempo están sujetos a actualizaciones (cambios, modificaciones o notificaciones), las cuales se deben ser evaluadas y autorizadas por la Sección de Autorizaciones Sanitarias de Productos Afines.";https://medicamentos.mspas.gob.gt
3386;Ministerio de Salud Pública y Asistencia Social -MSPAS-;Solicitud de Certificaciones Varias -DRCPFA-;Salud;"Las Solicitudes de Certificaciones Varias contemplan diferentes tipos de solicitudes: 1) Consultas, 2) Solicitud de Comercialización kit, 3) Solicitud de Agotamiento de empaque anterior, 4) Solicitud de firma y sello de Fórmulas, 5) Solicitud de firma y sello de Hojas de Seguridad, 6) Solicitud de Correcciones, 7) Copia del Expediente, 8) Solicitud de Reposición, 9) Renuncia de Profesional, 10) Solicitud de Prórroga, 11) Reimpresión, 12) Notificación, 13) Compromisos; los cuales requieren de una evaluación y autorización por parte de la Sección de Autorizaciones Sanitarias de Productos Afines.";https://medicamentos.mspas.gob.gt
3387;Ministerio de Salud Pública y Asistencia Social -MSPAS-;Solicitud de Certificados de Venta Libre de Productos Afines -DRCPFA-;Salud;"Solicitud del Formato, Solicitud de Autorización y la Solicitud de Anulación del Certificado de Venta Libre: El Certificado de Venta Libre es el documento en el cual el usuario llena el formato y el MSPAS a través de la Sección de Autorizaciones Sanitarias de Productos Afines lo autoriza; el Certificado de Venta Libre hace constar que un producto afín cuyo fabricante o titular nacional, se encuentra inscrito en la República de Guatemala, cuenta con número de inscripción sanitaria y se vende libremente en el país.";https://medicamentos.mspas.gob.gt
3388;Ministerio de Salud Pública y Asistencia Social -MSPAS-;Solicitud de Reconocimiento Mutuo (Nuevo y Renovación) de Productos Cosméticos) -DRCPFA-;Salud;"Sello de reconocimiento mutuo de unión aduanera de productos cosméticos e higiénicos, nuevos o renovaciones.
El sello del reconocimiento mutuo al Certificado de Libre Venta de los países pertenecientes a la COMIECO, es el que establece que el producto es reconocido de libre venta en la República de Guatemala.";https://medicamentos.mspas.gob.gt
3389;Ministerio de Salud Pública y Asistencia Social -MSPAS-;Solicitud de Reconocimiento Mutuo (Nuevo y Renovación) de Productos Higiénicos -DRCPFA-;Salud;"Sello de reconocimiento mutuo de unión aduanera de productos cosméticos e higiénicos, nuevos o renovaciones.
El sello del reconocimiento mutuo al Certificado de Libre Venta de los países pertenecientes a la COMIECO, es el que establece que el producto es reconocido de libre venta en la República de Guatemala.";https://medicamentos.mspas.gob.gt
3390;Ministerio de Salud Pública y Asistencia Social -MSPAS-;Solicitud de Actualización de Reconocimiento Mutuo de Productos Cosméticos e Higiénicos (Cambios en empaque primario o secundario) -DRCPFA-;Salud;"Sello de reconocimiento mutuo de unión aduanera de productos cosméticos e higiénicos, nuevos o renovaciones.
El sello del reconocimiento mutuo al Certificado de Libre Venta de los países pertenecientes a la COMIECO, es el que establece que el producto es reconocido de libre venta en la República de Guatemala. En el lapso de tiempo en que el Reconocimiento Mutuo está vigente, se encuentra sujeto a actualizaciones (cambios, modificaciones o notificaciones), las cuales se deben ser evaluadas y reconocidas por la Sección de Autorizaciones Sanitarias de Productos Afines.";https://medicamentos.mspas.gob.gt
3391;Ministerio de Salud Pública y Asistencia Social -MSPAS-;Solicitud de Actualización de Reconocimiento Mutuo de Productos Cosméticos e Higiénicos (Cambio de Vida útil) -DRCPFA-;Salud;"Sello de reconocimiento mutuo de unión aduanera de productos cosméticos e higiénicos, nuevos o renovaciones.
El sello del reconocimiento mutuo al Certificado de Libre Venta de los países pertenecientes a la COMIECO, es el que establece que el producto es reconocido de libre venta en la República de Guatemala. En el lapso de tiempo en que el Reconocimiento Mutuo está vigente, se encuentra sujeto a actualizaciones (cambios, modificaciones o notificaciones), las cuales se deben ser evaluadas y reconocidas por la Sección de Autorizaciones Sanitarias de Productos Afines.";https://medicamentos.mspas.gob.gt
3392;Ministerio de Salud Pública y Asistencia Social -MSPAS-;Solicitud de Actualización de Reconocimiento Mutuo de Productos Cosméticos e Higiénicos ( Ampliación de códigos) -DRCPFA-;Salud;"Sello de reconocimiento mutuo de unión aduanera de productos cosméticos e higiénicos, nuevos o renovaciones.
El sello del reconocimiento mutuo al Certificado de Libre Venta de los países pertenecientes a la COMIECO, es el que establece que el producto es reconocido de libre venta en la República de Guatemala. En el lapso de tiempo en que el Reconocimiento Mutuo está vigente, se encuentra sujeto a actualizaciones (cambios, modificaciones o notificaciones), las cuales se deben ser evaluadas y reconocidas por la Sección de Autorizaciones Sanitarias de Productos Afines.";https://medicamentos.mspas.gob.gt
3393;Ministerio de Salud Pública y Asistencia Social -MSPAS-;Solicitud de Actualización de Reconocimiento Mutuo de Productos Cosméticos e Higiénicos (Cambio de Fabricante) -DRCPFA-;Salud;"Sello de reconocimiento mutuo de unión aduanera de productos cosméticos e higiénicos, nuevos o renovaciones.
El sello del reconocimiento mutuo al Certificado de Libre Venta de los países pertenecientes a la COMIECO, es el que establece que el producto es reconocido de libre venta en la República de Guatemala. En el lapso de tiempo en que el Reconocimiento Mutuo está vigente, se encuentra sujeto a actualizaciones (cambios, modificaciones o notificaciones), las cuales se deben ser evaluadas y reconocidas por la Sección de Autorizaciones Sanitarias de Productos Afines.";https://medicamentos.mspas.gob.gt
3394;Ministerio de Salud Pública y Asistencia Social -MSPAS-;Solicitud de Actualización de Reconocimiento Mutuo de Productos Cosméticos e Higiénicos (Cambio de Razón Social del Fabricante) -DRCPFA-;Salud;"Sello de reconocimiento mutuo de unión aduanera de productos cosméticos e higiénicos, nuevos o renovaciones.
El sello del reconocimiento mutuo al Certificado de Libre Venta de los países pertenecientes a la COMIECO, es el que establece que el producto es reconocido de libre venta en la República de Guatemala. En el lapso de tiempo en que el Reconocimiento Mutuo está vigente, se encuentra sujeto a actualizaciones (cambios, modificaciones o notificaciones), las cuales se deben ser evaluadas y reconocidas por la Sección de Autorizaciones Sanitarias de Productos Afines.";https://medicamentos.mspas.gob.gt
3395;Ministerio de Salud Pública y Asistencia Social -MSPAS-;Solicitud de Actualización de Reconocimiento Mutuo de Productos Cosméticos e Higiénicos (Cambio de Titular) -DRCPFA-;Salud;"Sello de reconocimiento mutuo de unión aduanera de productos cosméticos e higiénicos, nuevos o renovaciones.
El sello del reconocimiento mutuo al Certificado de Libre Venta de los países pertenecientes a la COMIECO, es el que establece que el producto es reconocido de libre venta en la República de Guatemala. En el lapso de tiempo en que el Reconocimiento Mutuo está vigente, se encuentra sujeto a actualizaciones (cambios, modificaciones o notificaciones), las cuales se deben ser evaluadas y reconocidas por la Sección de Autorizaciones Sanitarias de Productos Afines.";https://medicamentos.mspas.gob.gt
3396;Ministerio de Salud Pública y Asistencia Social -MSPAS-;Solicitud de Actualización de Reconocimiento Mutuo de Productos Cosméticos e Higiénicos (Cambio de Razón Social del Titular) -DRCPFA-;Salud;"Sello de reconocimiento mutuo de unión aduanera de productos cosméticos e higiénicos, nuevos o renovaciones.
El sello del reconocimiento mutuo al Certificado de Libre Venta de los países pertenecientes a la COMIECO, es el que establece que el producto es reconocido de libre venta en la República de Guatemala. En el lapso de tiempo en que el Reconocimiento Mutuo está vigente, se encuentra sujeto a actualizaciones (cambios, modificaciones o notificaciones), las cuales se deben ser evaluadas y reconocidas por la Sección de Autorizaciones Sanitarias de Productos Afines.";https://medicamentos.mspas.gob.gt
3397;Ministerio de Salud Pública y Asistencia Social -MSPAS-;Solicitud de Actualización de Reconocimiento Mutuo de Productos Cosméticos e Higiénicos (Cambio de Distribuidor) -DRCPFA-;Salud;"Sello de reconocimiento mutuo de unión aduanera de productos cosméticos e higiénicos, nuevos o renovaciones.
El sello del reconocimiento mutuo al Certificado de Libre Venta de los países pertenecientes a la COMIECO, es el que establece que el producto es reconocido de libre venta en la República de Guatemala. En el lapso de tiempo en que el Reconocimiento Mutuo está vigente, se encuentra sujeto a actualizaciones (cambios, modificaciones o notificaciones), las cuales se deben ser evaluadas y reconocidas por la Sección de Autorizaciones Sanitarias de Productos Afines.";https://medicamentos.mspas.gob.gt
3398;Ministerio de Salud Pública y Asistencia Social -MSPAS-;Solicitud de Actualización de Reconocimiento Mutuo de Productos Cosméticos e Higiénicos (Ampliación de Distribuidor) -DRCPFA-;Salud;"Sello de reconocimiento mutuo de unión aduanera de productos cosméticos e higiénicos, nuevos o renovaciones.
El sello del reconocimiento mutuo al Certificado de Libre Venta de los países pertenecientes a la COMIECO, es el que establece que el producto es reconocido de libre venta en la República de Guatemala. En el lapso de tiempo en que el Reconocimiento Mutuo está vigente, se encuentra sujeto a actualizaciones (cambios, modificaciones o notificaciones), las cuales se deben ser evaluadas y reconocidas por la Sección de Autorizaciones Sanitarias de Productos Afines.";https://medicamentos.mspas.gob.gt
3399;Ministerio de Salud Pública y Asistencia Social -MSPAS-;Solicitud de Actualización de Reconocimiento Mutuo de Productos Cosméticos e Higiénicos (Cambio de Representante Legal en el país) -DRCPFA-;Salud;"Sello de reconocimiento mutuo de unión aduanera de productos cosméticos e higiénicos, nuevos o renovaciones.
El sello del reconocimiento mutuo al Certificado de Libre Venta de los países pertenecientes a la COMIECO, es el que establece que el producto es reconocido de libre venta en la República de Guatemala. En el lapso de tiempo en que el Reconocimiento Mutuo está vigente, se encuentra sujeto a actualizaciones (cambios, modificaciones o notificaciones), las cuales se deben ser evaluadas y reconocidas por la Sección de Autorizaciones Sanitarias de Productos Afines.";https://medicamentos.mspas.gob.gt
3400;Ministerio de Salud Pública y Asistencia Social -MSPAS-;Solicitud de Actualización de Reconocimiento Mutuo de Productos Cosméticos e Higiénicos (Cambio de Presentación) -DRCPFA-;Salud;"Sello de reconocimiento mutuo de unión aduanera de productos cosméticos e higiénicos, nuevos o renovaciones.
El sello del reconocimiento mutuo al Certificado de Libre Venta de los países pertenecientes a la COMIECO, es el que establece que el producto es reconocido de libre venta en la República de Guatemala. En el lapso de tiempo en que el Reconocimiento Mutuo está vigente, se encuentra sujeto a actualizaciones (cambios, modificaciones o notificaciones), las cuales se deben ser evaluadas y reconocidas por la Sección de Autorizaciones Sanitarias de Productos Afines.";https://medicamentos.mspas.gob.gt
3401;Ministerio de Salud Pública y Asistencia Social -MSPAS-;Solicitud de Actualización de Reconocimiento Mutuo de Productos Cosméticos e Higiénicos (Ampliación de Presentación) -DRCPFA-;Salud;"Sello de reconocimiento mutuo de unión aduanera de productos cosméticos e higiénicos, nuevos o renovaciones.
El sello del reconocimiento mutuo al Certificado de Libre Venta de los países pertenecientes a la COMIECO, es el que establece que el producto es reconocido de libre venta en la República de Guatemala. En el lapso de tiempo en que el Reconocimiento Mutuo está vigente, se encuentra sujeto a actualizaciones (cambios, modificaciones o notificaciones), las cuales se deben ser evaluadas y reconocidas por la Sección de Autorizaciones Sanitarias de Productos Afines.";https://medicamentos.mspas.gob.gt
3402;Ministerio de Salud Pública y Asistencia Social -MSPAS-;Solicitud de Actualización de Reconocimiento Mutuo de Productos Cosméticos e Higiénicos (Cambio del Nombre del Producto) -DRCPFA-;Salud;"Sello de reconocimiento mutuo de unión aduanera de productos cosméticos e higiénicos, nuevos o renovaciones.
El sello del reconocimiento mutuo al Certificado de Libre Venta de los países pertenecientes a la COMIECO, es el que establece que el producto es reconocido de libre venta en la República de Guatemala. En el lapso de tiempo en que el Reconocimiento Mutuo está vigente, se encuentra sujeto a actualizaciones (cambios, modificaciones o notificaciones), las cuales se deben ser evaluadas y reconocidas por la Sección de Autorizaciones Sanitarias de Productos Afines.";https://medicamentos.mspas.gob.gt
3403;Ministerio de Salud Pública y Asistencia Social -MSPAS-;Solicitud de Actualización de Reconocimiento Mutuo de Productos Cosméticos e Higiénicos (Anulación de Inscripción Sanitaria) -DRCPFA-;Salud;"Sello de reconocimiento mutuo de unión aduanera de productos cosméticos e higiénicos, nuevos o renovaciones.
El sello del reconocimiento mutuo al Certificado de Libre Venta de los países pertenecientes a la COMIECO, es el que establece que el producto es reconocido de libre venta en la República de Guatemala. En el lapso de tiempo en que el Reconocimiento Mutuo está vigente, se encuentra sujeto a actualizaciones (cambios, modificaciones o notificaciones), las cuales se deben ser evaluadas y reconocidas por la Sección de Autorizaciones Sanitarias de Productos Afines.";https://medicamentos.mspas.gob.gt
3404;Ministerio de Salud Pública y Asistencia Social -MSPAS-;Solicitud de Actualización de Reconocimiento Mutuo de Productos Cosméticos e Higiénicos (Cambio de Profesional Responsable) -DRCPFA-;Salud;"Sello de reconocimiento mutuo de unión aduanera de productos cosméticos e higiénicos, nuevos o renovaciones.
El sello del reconocimiento mutuo al Certificado de Libre Venta de los países pertenecientes a la COMIECO, es el que establece que el producto es reconocido de libre venta en la República de Guatemala. En el lapso de tiempo en que el Reconocimiento Mutuo está vigente, se encuentra sujeto a actualizaciones (cambios, modificaciones o notificaciones), las cuales se deben ser evaluadas y reconocidas por la Sección de Autorizaciones Sanitarias de Productos Afines.";https://medicamentos.mspas.gob.gt
3405;Ministerio de Salud Pública y Asistencia Social -MSPAS-;Solicitud de Actualización de Reconocimiento Mutuo de Productos Cosméticos e Higiénicos (Cambio de Empaque Primario) -DRCPFA-;Salud;"Sello de reconocimiento mutuo de unión aduanera de productos cosméticos e higiénicos, nuevos o renovaciones.
El sello del reconocimiento mutuo al Certificado de Libre Venta de los países pertenecientes a la COMIECO, es el que establece que el producto es reconocido de libre venta en la República de Guatemala. En el lapso de tiempo en que el Reconocimiento Mutuo está vigente, se encuentra sujeto a actualizaciones (cambios, modificaciones o notificaciones), las cuales se deben ser evaluadas y reconocidas por la Sección de Autorizaciones Sanitarias de Productos Afines.";https://medicamentos.mspas.gob.gt
3406;Ministerio de Salud Pública y Asistencia Social -MSPAS-;Solicitud de Actualización de Reconocimiento Mutuo de Productos Cosméticos e Higiénicos (Adición de una planta alterna de fabricación) -DRCPFA-;Salud;"Sello de reconocimiento mutuo de unión aduanera de productos cosméticos e higiénicos, nuevos o renovaciones.
El sello del reconocimiento mutuo al Certificado de Libre Venta de los países pertenecientes a la COMIECO, es el que establece que el producto es reconocido de libre venta en la República de Guatemala. En el lapso de tiempo en que el Reconocimiento Mutuo está vigente, se encuentra sujeto a actualizaciones (cambios, modificaciones o notificaciones), las cuales se deben ser evaluadas y reconocidas por la Sección de Autorizaciones Sanitarias de Productos Afines.";https://medicamentos.mspas.gob.gt
3407;Ministerio de Salud Pública y Asistencia Social -MSPAS-;Solicitud de Actualización de Reconocimiento Mutuo de Productos Cosméticos e Higiénicos (Cambio de Colorante) -DRCPFA-;Salud;"Sello de reconocimiento mutuo de unión aduanera de productos cosméticos e higiénicos, nuevos o renovaciones.
El sello del reconocimiento mutuo al Certificado de Libre Venta de los países pertenecientes a la COMIECO, es el que establece que el producto es reconocido de libre venta en la República de Guatemala. En el lapso de tiempo en que el Reconocimiento Mutuo está vigente, se encuentra sujeto a actualizaciones (cambios, modificaciones o notificaciones), las cuales se deben ser evaluadas y reconocidas por la Sección de Autorizaciones Sanitarias de Productos Afines.";https://medicamentos.mspas.gob.gt
3408;Ministerio de Salud Pública y Asistencia Social -MSPAS-;Solicitud de Actualización de Reconocimiento Mutuo de Productos Cosméticos e Higiénicos (Cambio de Aroma) -DRCPFA-;Salud;"Sello de reconocimiento mutuo de unión aduanera de productos cosméticos e higiénicos, nuevos o renovaciones.
El sello del reconocimiento mutuo al Certificado de Libre Venta de los países pertenecientes a la COMIECO, es el que establece que el producto es reconocido de libre venta en la República de Guatemala. En el lapso de tiempo en que el Reconocimiento Mutuo está vigente, se encuentra sujeto a actualizaciones (cambios, modificaciones o notificaciones), las cuales se deben ser evaluadas y reconocidas por la Sección de Autorizaciones Sanitarias de Productos Afines.";https://medicamentos.mspas.gob.gt
3409;Ministerio de Salud Pública y Asistencia Social -MSPAS-;Solicitud de Actualización de Reconocimiento Mutuo de Productos Cosméticos e Higiénicos (Ampliación de Colorante) -DRCPFA-;Salud;"Sello de reconocimiento mutuo de unión aduanera de productos cosméticos e higiénicos, nuevos o renovaciones.
El sello del reconocimiento mutuo al Certificado de Libre Venta de los países pertenecientes a la COMIECO, es el que establece que el producto es reconocido de libre venta en la República de Guatemala. En el lapso de tiempo en que el Reconocimiento Mutuo está vigente, se encuentra sujeto a actualizaciones (cambios, modificaciones o notificaciones), las cuales se deben ser evaluadas y reconocidas por la Sección de Autorizaciones Sanitarias de Productos Afines.";https://medicamentos.mspas.gob.gt
3410;Ministerio de Salud Pública y Asistencia Social -MSPAS-;Solicitud de Actualización de Reconocimiento Mutuo de Productos Cosméticos e Higiénicos (Ampliación de Aroma) -DRCPFA-;Salud;"Sello de reconocimiento mutuo de unión aduanera de productos cosméticos e higiénicos, nuevos o renovaciones.
El sello del reconocimiento mutuo al Certificado de Libre Venta de los países pertenecientes a la COMIECO, es el que establece que el producto es reconocido de libre venta en la República de Guatemala. En el lapso de tiempo en que el Reconocimiento Mutuo está vigente, se encuentra sujeto a actualizaciones (cambios, modificaciones o notificaciones), las cuales se deben ser evaluadas y reconocidas por la Sección de Autorizaciones Sanitarias de Productos Afines.";https://medicamentos.mspas.gob.gt
3411;Ministerio de Salud Pública y Asistencia Social -MSPAS-;Solicitud de Actualización de Reconocimiento Mutuo de Productos Cosméticos e Higiénicos (Cambio de Formulación) -DRCPFA-;Salud;"Sello de reconocimiento mutuo de unión aduanera de productos cosméticos e higiénicos, nuevos o renovaciones.
El sello del reconocimiento mutuo al Certificado de Libre Venta de los países pertenecientes a la COMIECO, es el que establece que el producto es reconocido de libre venta en la República de Guatemala. En el lapso de tiempo en que el Reconocimiento Mutuo está vigente, se encuentra sujeto a actualizaciones (cambios, modificaciones o notificaciones), las cuales se deben ser evaluadas y reconocidas por la Sección de Autorizaciones Sanitarias de Productos Afines.";https://medicamentos.mspas.gob.gt
3412;Ministerio de Salud Pública y Asistencia Social -MSPAS-;Solicitud de Actualización de Reconocimiento Mutuo de Productos Cosméticos e Higiénicos (Cambio de Especificaciones) -DRCPFA-;Salud;"Sello de reconocimiento mutuo de unión aduanera de productos cosméticos e higiénicos, nuevos o renovaciones.
El sello del reconocimiento mutuo al Certificado de Libre Venta de los países pertenecientes a la COMIECO, es el que establece que el producto es reconocido de libre venta en la República de Guatemala. En el lapso de tiempo en que el Reconocimiento Mutuo está vigente, se encuentra sujeto a actualizaciones (cambios, modificaciones o notificaciones), las cuales se deben ser evaluadas y reconocidas por la Sección de Autorizaciones Sanitarias de Productos Afines.";https://medicamentos.mspas.gob.gt
3413;Ministerio de Salud Pública y Asistencia Social -MSPAS-;Solicitud de licencia sanitaria de laboratorios y fábricas: apertura -DRCPFA-;Salud;Emisión de licencias sanitarias para los establecimientos que sean laboratorios y fábricas: La licencia sanitaria es el documento extendido por el MSPAS a través de la Sección de Establecimientos Farmacéuticos, en el cual se hace constar que un establecimiento farmacéutico cumple con todos los requisitos establecidos en las normas técnicas vigentes, para poder ser aperturados en la República de Guatemala.;https://medicamentos.mspas.gob.gt
3414;Ministerio de Salud Pública y Asistencia Social -MSPAS-;Solicitud de licencia sanitaria de formuladora de plaguicidas de uso doméstico y profesional: apertura -DRCPFA-;Salud;Emisión de licencias sanitarias para los establecimientos que sean formuladoras de plaguicidas de uso doméstico y profesional: La licencia sanitaria es el documento extendido por el MSPAS a través de la Sección de Establecimientos Farmacéuticos, en el cual se hace constar que un establecimiento farmacéutico cumple con todos los requisitos establecidos en las normas técnicas vigentes, para poder ser aperturados en la República de Guatemala.;https://medicamentos.mspas.gob.gt
3415;Ministerio de Salud Pública y Asistencia Social -MSPAS-;Solicitud de licencia sanitaria de distribuidora de plaguicidas: apertura -DRCPFA-;Salud;Emisión de licencias sanitarias para los establecimientos que sean distribuidoras de plaguicidas: La licencia sanitaria es el documento extendido por el MSPAS a través de la Sección de Establecimientos Farmacéuticos, en el cual se hace constar que un establecimiento farmacéutico cumple con todos los requisitos establecidos en las normas técnicas vigentes, para poder ser aperturados en la República de Guatemala.;https://medicamentos.mspas.gob.gt
3416;Ministerio de Salud Pública y Asistencia Social -MSPAS-;Solicitud de licencia sanitaria de distribuidora / droguería / quiosco: apertura -DRCPFA-;Salud;Emisión de licencias sanitarias para los establecimientos que sean distribuidoras / droguería: La licencia sanitaria es el documento extendido por el MSPAS a través de la Sección de Establecimientos Farmacéuticos, en el cual se hace constar que un establecimiento farmacéutico cumple con todos los requisitos establecidos en las normas técnicas vigentes, para poder ser aperturados en la República de Guatemala.;https://medicamentos.mspas.gob.gt
3417;Ministerio de Salud Pública y Asistencia Social -MSPAS-;Solicitud de licencia sanitaria de distribuidora con fraccionamiento primario / secundario / Dist. materia prima / Dist. de gases medicinales: apertura -DRCPFA-;Salud;Emisión de licencias sanitarias para los establecimientos que sean distribuidoras / droguería: La licencia sanitaria es el documento extendido por el MSPAS a través de la Sección de Establecimientos Farmacéuticos, en el cual se hace constar que un establecimiento farmacéutico cumple con todos los requisitos establecidos en las normas técnicas vigentes, para poder ser aperturados en la República de Guatemala.;https://medicamentos.mspas.gob.gt
3418;Ministerio de Salud Pública y Asistencia Social -MSPAS-;Solicitud de licencia sanitaria droguería con fraccionamiento primario / secundario: apertura -DRCPFA-;Salud;Emisión de licencias sanitarias para los establecimientos que sean droguerías con fraccionamiento primario / secundario: La licencia sanitaria es el documento extendido por el MSPAS a través de la Sección de Establecimientos Farmacéuticos, en el cual se hace constar que un establecimiento farmacéutico cumple con todos los requisitos establecidos en las normas técnicas vigentes, para poder ser aperturados en la República de Guatemala.;https://medicamentos.mspas.gob.gt
3419;Ministerio de Salud Pública y Asistencia Social -MSPAS-;Solicitud de licencia sanitaria para farmacias / farmacias con recetario: apertura -DRCPFA-;Salud;Emisión de licencias sanitarias para los establecimientos que sean farmacias / farmacias con recetario: La licencia sanitaria es el documento extendido por el MSPAS a través de la Sección de Establecimientos Farmacéuticos, en el cual se hace constar que un establecimiento farmacéutico cumple con todos los requisitos establecidos en las normas técnicas vigentes, para poder ser aperturados en la República de Guatemala.;https://medicamentos.mspas.gob.gt
3420;Ministerio de Salud Pública y Asistencia Social -MSPAS-;Solicitud de licencia sanitaria para farmacia y droguería: apertura -DRCPFA-;Salud;Emisión de licencias sanitarias para los establecimientos que sean farmacias y droguerías: La licencia sanitaria es el documento extendido por el MSPAS a través de la Sección de Establecimientos Farmacéuticos, en el cual se hace constar que un establecimiento farmacéutico cumple con todos los requisitos establecidos en las normas técnicas vigentes, para poder ser aperturados en la República de Guatemala.;https://medicamentos.mspas.gob.gt
3421;Ministerio de Salud Pública y Asistencia Social -MSPAS-;Solicitud de licencia sanitaria para venta de medicina: apertura -DRCPFA-;Salud;Emisión de licencias sanitarias para los establecimientos que sean ventas de medicina: La licencia sanitaria es el documento extendido por el MSPAS a través de la Sección de Establecimientos Farmacéuticos, en el cual se hace constar que un establecimiento farmacéutico cumple con todos los requisitos establecidos en las normas técnicas vigentes, para poder ser aperturados en la República de Guatemala.;https://medicamentos.mspas.gob.gt
3422;Ministerio de Salud Pública y Asistencia Social -MSPAS-;Solicitud de licencia sanitaria para venta de productos naturistas: apertura -DRCPFA-;Salud;Emisión de licencias sanitarias para los establecimientos que sean ventas de productos naturistas: La licencia sanitaria es el documento extendido por el MSPAS a través de la Sección de Establecimientos Farmacéuticos, en el cual se hace constar que un establecimiento farmacéutico cumple con todos los requisitos establecidos en las normas técnicas vigentes, para poder ser aperturados en la República de Guatemala.;https://medicamentos.mspas.gob.gt
3423;Ministerio de Salud Pública y Asistencia Social -MSPAS-;Solicitud de licencia sanitaria para controladora de plagas /empresa de desinfección: apertura -DRCPFA-;Salud;Emisión de licencias sanitarias para los establecimientos que sean controladoras de plagas: La licencia sanitaria es el documento extendido por el MSPAS a través de la Sección de Establecimientos Farmacéuticos, en el cual se hace constar que un establecimiento farmacéutico cumple con todos los requisitos establecidos en las normas técnicas vigentes, para poder ser aperturados en la República de Guatemala.;https://medicamentos.mspas.gob.gt
3424;Ministerio de Salud Pública y Asistencia Social -MSPAS-;Solicitud de licencia sanitaria para salón de belleza: apertura -DRCPFA-;Salud;Emisión de licencias sanitarias para los establecimientos que sean salones de belleza: La licencia sanitaria es el documento extendido por el MSPAS a través de la Sección de Establecimientos Farmacéuticos, en el cual se hace constar que un establecimiento farmacéutico cumple con todos los requisitos establecidos en las normas técnicas vigentes, para poder ser aperturados en la República de Guatemala.;https://medicamentos.mspas.gob.gt
3425;Ministerio de Salud Pública y Asistencia Social -MSPAS-;Solicitud de licencia sanitaria para depósito dental: apertura -DRCPFA-;Salud;Emisión de licencias sanitarias para los establecimientos que sean depósitos dentales: La licencia sanitaria es el documento extendido por el MSPAS a través de la Sección de Establecimientos Farmacéuticos, en el cual se hace constar que un establecimiento farmacéutico cumple con todos los requisitos establecidos en las normas técnicas vigentes, para poder ser aperturados en la República de Guatemala.;https://medicamentos.mspas.gob.gt
3426;Ministerio de Salud Pública y Asistencia Social -MSPAS-;Solicitud de licencia sanitaria para laboratorios y fábricas: traslado -DRCPFA-;Salud;"Emisión de la licencia sanitaria para los establecimientos que sean laboratorios y fábricas: La licencia sanitaria es el documento extendido por el MSPAS a través de la Sección de Establecimientos farmacéuticos, en el cual se hace constar que un establecimiento farmacéutico  cumple con todos los requisitos establecidos en las normas técnicas vigentes, para poder ser trasladados en la República de Guatemala; estos certificados tienen vigencia de 5 años y en el transcurso de dicho tiempo, están sujetos a traslados.";https://medicamentos.mspas.gob.gt
3427;Ministerio de Salud Pública y Asistencia Social -MSPAS-;Solicitud de licencia sanitaria de formuladora de plaguicidas de uso doméstico y profesional: traslado -DRCPFA-;Salud;"Emisión de la licencia sanitaria para los establecimientos que sean formuladoras de plaguicidas de uso doméstico y profesional: La licencia sanitaria es el documento extendido por el MSPAS a través de la Sección de Autorizaciones Sanitarias de Productos Afines, en el cual se hace constar que un establecimiento farmacéutico  cumple con todos los requisitos establecidos en las normas técnicas vigentes, para poder ser trasladados en la República de Guatemala; estos certificados tienen vigencia de 5 años y en el transcurso de dicho tiempo, están sujetos a traslados.";https://medicamentos.mspas.gob.gt
3428;Ministerio de Salud Pública y Asistencia Social -MSPAS-;Solicitud de licencia sanitaria de distribuidora de plaguicidas: traslado -DRCPFA-;Salud;"Emisión de la licencia sanitaria para los establecimientos que sean distribuidoras de plaguicidas: La licencia sanitaria es el documento extendido por el MSPAS a través de la Sección de Autorizaciones Sanitarias de Productos Afines, en el cual se hace constar que un establecimiento farmacéutico  cumple con todos los requisitos establecidos en las normas técnicas vigentes, para poder ser trasladados en la República de Guatemala; estos certificados tienen vigencia de 5 años y en el transcurso de dicho tiempo, están sujetos a traslados.";https://medicamentos.mspas.gob.gt
3429;Ministerio de Salud Pública y Asistencia Social -MSPAS-;Solicitud de licencia sanitaria de distribuidora / droguería / quiosco: traslado -DRCPFA-;Salud;"Emisión de la licencia sanitaria para los establecimientos que sean distribuidora / droguería: La licencia sanitaria es el documento extendido por el MSPAS a través de la Sección de Autorizaciones Sanitarias de Productos Afines, en el cual se hace constar que un establecimiento farmacéutico  cumple con todos los requisitos establecidos en las normas técnicas vigentes, para poder ser trasladados en la República de Guatemala; estos certificados tienen vigencia de 5 años y en el transcurso de dicho tiempo, están sujetos a traslados.";https://medicamentos.mspas.gob.gt
3430;Ministerio de Salud Pública y Asistencia Social -MSPAS-;Solicitud de licencia sanitaria de distribuidora con fraccionamiento primario / secundario / Dist. materia prima / Dist. de gases medicinales: traslado -DRCPFA-;Salud;"Emisión de la licencia sanitaria para los establecimientos que sean distribuidoras con fraccionamiento primario / secundario / distribuidora de materia prima / distribuidora de gases medicinales: La licencia sanitaria es el documento extendido por el MSPAS a través de la Sección de Autorizaciones Sanitarias de Productos Afines, en el cual se hace constar que un establecimiento farmacéutico  cumple con todos los requisitos establecidos en las normas técnicas vigentes, para poder ser trasladados en la República de Guatemala; estos certificados tienen vigencia de 5 años y en el transcurso de dicho tiempo, están sujetos a traslados.";https://medicamentos.mspas.gob.gt
3431;Ministerio de Salud Pública y Asistencia Social -MSPAS-;Solicitud de licencia sanitaria de droguería con fraccionamiento primario / secundario: traslado -DRCPFA-;Salud;"Emisión de la licencia sanitaria para los establecimientos que sean droguerías con fraccionamiento primario / secundario: La licencia sanitaria es el documento extendido por el MSPAS a través de la Sección de Autorizaciones Sanitarias de Productos Afines, en el cual se hace constar que un establecimiento farmacéutico  cumple con todos los requisitos establecidos en las normas técnicas vigentes, para poder ser trasladados en la República de Guatemala; estos certificados tienen vigencia de 5 años y en el transcurso de dicho tiempo, están sujetos a traslados.";https://medicamentos.mspas.gob.gt
3432;Ministerio de Salud Pública y Asistencia Social -MSPAS-;Solicitud de licencia sanitaria de farmacia / farmacia con recetario: traslado -DRCPFA-;Salud;"Emisión de la licencia sanitaria para los establecimientos que sean farmacias o farmacias con recetario: La licencia sanitaria es el documento extendido por el MSPAS a través de la Sección de Autorizaciones Sanitarias de Productos Afines, en el cual se hace constar que un establecimiento farmacéutico  cumple con todos los requisitos establecidos en las normas técnicas vigentes, para poder ser trasladados en la República de Guatemala; estos certificados tienen vigencia de 5 años y en el transcurso de dicho tiempo, están sujetos a traslados.";https://medicamentos.mspas.gob.gt
3433;Ministerio de Salud Pública y Asistencia Social -MSPAS-;Solicitud de licencia sanitaria de farmacia y droguería: traslado -DRCPFA-;Salud;"Emisión de la licencia sanitaria para los establecimientos que sean farmacia y/o droguería: La licencia sanitaria es el documento extendido por el MSPAS a través de la Sección de Autorizaciones Sanitarias de Productos Afines, en el cual se hace constar que un establecimiento farmacéutico  cumple con todos los requisitos establecidos en las normas técnicas vigentes, para poder ser trasladados en la República de Guatemala; estos certificados tienen vigencia de 5 años y en el transcurso de dicho tiempo, están sujetos a traslados.";https://medicamentos.mspas.gob.gt
3434;Ministerio de Salud Pública y Asistencia Social -MSPAS-;Solicitud de licencia sanitaria de venta de medicina: traslado -DRCPFA-;Salud;"Emisión de la licencia sanitaria para los establecimientos que sean ventas de medicina: La licencia sanitaria es el documento extendido por el MSPAS a través de la Sección de Autorizaciones Sanitarias de Productos Afines, en el cual se hace constar que un establecimiento farmacéutico  cumple con todos los requisitos establecidos en las normas técnicas vigentes, para poder ser trasladados en la República de Guatemala; estos certificados tienen vigencia de 5 años y en el transcurso de dicho tiempo, están sujetos a traslados.";https://medicamentos.mspas.gob.gt
3435;Ministerio de Salud Pública y Asistencia Social -MSPAS-;Solicitud de licencia sanitaria de venta de productos naturistas: traslado -DRCPFA-;Salud;"Emisión de la licencia sanitaria para los establecimientos que sean ventas de productos naturistas: La licencia sanitaria es el documento extendido por el MSPAS a través de la Sección de Autorizaciones Sanitarias de Productos Afines, en el cual se hace constar que un establecimiento farmacéutico  cumple con todos los requisitos establecidos en las normas técnicas vigentes, para poder ser trasladados en la República de Guatemala; estos certificados tienen vigencia de 5 años y en el transcurso de dicho tiempo, están sujetos a traslados.";https://medicamentos.mspas.gob.gt
3436;Ministerio de Salud Pública y Asistencia Social -MSPAS-;Solicitud de licencia sanitaria para controladora de plagas /empresa de desinfección: traslado -DRCPFA-;Salud;"Emisión de la licencia sanitaria para los establecimientos que sean controladora de plagas: La licencia sanitaria es el documento extendido por el MSPAS a través de la Sección de Autorizaciones Sanitarias de Productos Afines, en el cual se hace constar que un establecimiento farmacéutico  cumple con todos los requisitos establecidos en las normas técnicas vigentes, para poder ser trasladados en la República de Guatemala; estos certificados tienen vigencia de 5 años y en el transcurso de dicho tiempo, están sujetos a traslados.";https://medicamentos.mspas.gob.gt
3437;Ministerio de Salud Pública y Asistencia Social -MSPAS-;Solicitud de licencia sanitaria de salón de belleza: traslado -DRCPFA-;Salud;"Emisión de la licencia sanitaria para los establecimientos que sean salones de belleza: La licencia sanitaria es el documento extendido por el MSPAS a través de la Sección de Autorizaciones Sanitarias de Productos Afines, en el cual se hace constar que un establecimiento farmacéutico  cumple con todos los requisitos establecidos en las normas técnicas vigentes, para poder ser trasladados en la República de Guatemala; estos certificados tienen vigencia de 5 años y en el transcurso de dicho tiempo, están sujetos a traslados.";https://medicamentos.mspas.gob.gt
3438;Ministerio de Salud Pública y Asistencia Social -MSPAS-;Solicitud de licencia sanitaria de depósito dental: traslado -DRCPFA-;Salud;"Emisión de la licencia sanitaria para los establecimientos que sean depósitos dentales: La licencia sanitaria es el documento extendido por el MSPAS a través de la Sección de Autorizaciones Sanitarias de Productos Afines, en el cual se hace constar que un establecimiento farmacéutico  cumple con todos los requisitos establecidos en las normas técnicas vigentes, para poder ser trasladados en la República de Guatemala; estos certificados tienen vigencia de 5 años y en el transcurso de dicho tiempo, están sujetos a traslados.";https://medicamentos.mspas.gob.gt
3439;Ministerio de Salud Pública y Asistencia Social -MSPAS-;Solicitud de licencia sanitaria de laboratorios y fábricas: renovación -DRCPFA-;Salud;Emisión de la renovación de Licencia sanitaria para los establecimientos que sean laboratorios y fábricas: La licencia sanitaria es el documento extendido por el MSPAS a través de la Sección de establecimientos farmacéuticos, en el cual se hace constar que un establecimiento farmacéutico cumple con todos los requisitos establecidos en las normas técnicas vigentes, para poder ser renovados en la República de Guatemala.;https://medicamentos.mspas.gob.gt
3440;Ministerio de Salud Pública y Asistencia Social -MSPAS-;Solicitud de licencia sanitaria de formuladora de plaguicidas de uso doméstico y profesional: renovación -DRCPFA-;Salud;Emisión de la renovación de Licencia sanitaria para los establecimientos que sean formuladoras de plaguicidas de uso doméstico y profesional: La licencia sanitaria es el documento extendido por el MSPAS a través de la Sección de establecimientos farmacéuticos, en el cual se hace constar que un establecimiento farmacéutico cumple con todos los requisitos establecidos en las normas técnicas vigentes, para poder ser renovados en la República de Guatemala.;https://medicamentos.mspas.gob.gt
3441;Ministerio de Salud Pública y Asistencia Social -MSPAS-;Solicitud de licencia sanitaria de distribuidora de plaguicidas: renovación -DRCPFA-;Salud;Emisión de la renovación de Licencia sanitaria para los establecimientos que sean distribuidoras de plaguicidas: La licencia sanitaria es el documento extendido por el MSPAS a través de la Sección de establecimientos farmacéuticos, en el cual se hace constar que un establecimiento farmacéutico cumple con todos los requisitos establecidos en las normas técnicas vigentes, para poder ser renovados en la República de Guatemala.;https://medicamentos.mspas.gob.gt
3442;Ministerio de Salud Pública y Asistencia Social -MSPAS-;Solicitud de licencia sanitaria de distribuidora / droguería / quiosco: renovación -DRCPFA-;Salud;Emisión de la renovación de Licencia sanitaria para los establecimientos que sean distribuidoras / Droguerías: La licencia sanitaria es el documento extendido por el MSPAS a través de la Sección de establecimientos farmacéuticos, en el cual se hace constar que un establecimiento farmacéutico cumple con todos los requisitos establecidos en las normas técnicas vigentes, para poder ser renovados en la República de Guatemala.;https://medicamentos.mspas.gob.gt
3443;Ministerio de Salud Pública y Asistencia Social -MSPAS-;Solicitud de licencia sanitaria de distribuidora con fraccionamiento primario / secundario / Dist. materia prima / Dist. de gases medicinales: renovación -DRCPFA-;Salud;Emisión de la renovación de Licencia sanitaria para los establecimientos que sean distribuidoras con fraccionamiento primario / secundario / distribuidora materia prima y gases medicinales: La licencia sanitaria es el documento extendido por el MSPAS a través de la Sección de establecimientos farmacéuticos, en el cual se hace constar que un establecimiento farmacéutico cumple con todos los requisitos establecidos en las normas técnicas vigentes, para poder ser renovados en la República de Guatemala.;https://medicamentos.mspas.gob.gt
3444;Ministerio de Salud Pública y Asistencia Social -MSPAS-;Solicitud de licencia sanitaria de droguería con fraccionamiento primario / secundario: renovación -DRCPFA-;Salud;Emisión de la renovación de Licencia sanitaria para los establecimientos que sean droguerías con fraccionamiento primario / secundario: La licencia sanitaria es el documento extendido por el MSPAS a través de la Sección de establecimientos farmacéuticos, en el cual se hace constar que un establecimiento farmacéutico cumple con todos los requisitos establecidos en las normas técnicas vigentes, para poder serrenovados en la República de Guatemala.;https://medicamentos.mspas.gob.gt
3445;Ministerio de Salud Pública y Asistencia Social -MSPAS-;Solicitud de licencia sanitaria de farmacia / farmacia con recetario: renovación -DRCPFA-;Salud;Emisión de la renovación de Licencia sanitaria para los establecimientos que sean farmacias / farmacias con recetario: La licencia sanitaria es el documento extendido por el MSPAS a través de la Sección de establecimientos farmacéuticos, en el cual se hace constar que un establecimiento farmacéutico cumple con todos los requisitos establecidos en las normas técnicas vigentes, para poder ser renovados en la República de Guatemala.;https://medicamentos.mspas.gob.gt
3446;Ministerio de Salud Pública y Asistencia Social -MSPAS-;Solicitud de licencia sanitaria de farmacia y droguería: renovación -DRCPFA-;Salud;Emisión de la renovación de Licencia sanitaria para los establecimientos que sean farmacias y droguerías: La licencia sanitaria es el documento extendido por el MSPAS a través de la Sección de establecimientos farmacéuticos, en el cual se hace constar que un establecimiento farmacéutico cumple con todos los requisitos establecidos en las normas técnicas vigentes, para poder ser renovados en la República de Guatemala.;https://medicamentos.mspas.gob.gt
3447;Ministerio de Salud Pública y Asistencia Social -MSPAS-;Solicitud de licencia sanitaria de venta de medicina: renovación -DRCPFA-;Salud;Emisión de la renovación de Licencia sanitaria para los establecimientos que sean ventas de medicina: La licencia sanitaria es el documento extendido por el MSPAS a través de la Sección de establecimientos farmacéuticos, en el cual se hace constar que un establecimiento farmacéutico cumple con todos los requisitos establecidos en las normas técnicas vigentes, para poder ser renovados en la República de Guatemala.;https://medicamentos.mspas.gob.gt
3448;Ministerio de Salud Pública y Asistencia Social -MSPAS-;Solicitud de licencia sanitaria de venta de productos naturistas: renovación -DRCPFA-;Salud;Emisión de la renovación de Licencia sanitaria para los establecimientos que sean ventas de productos naturistas: La licencia sanitaria es el documento extendido por el MSPAS a través de la Sección de establecimientos farmacéuticos, en el cual se hace constar que un establecimiento farmacéutico cumple con todos los requisitos establecidos en las normas técnicas vigentes, para poder ser renovados en la República de Guatemala.;https://medicamentos.mspas.gob.gt
3449;Ministerio de Salud Pública y Asistencia Social -MSPAS-;Solicitud de licencia sanitaria para controladora de plagas /empresa de desinfección: renovación -DRCPFA-;Salud;Emisión de la renovación de Licencia sanitaria para los establecimientos que sean ventas de controladora de plagas: La licencia sanitaria es el documento extendido por el MSPAS a través de la Sección de establecimientos farmacéuticos, en el cual se hace constar que un establecimiento farmacéutico cumple con todos los requisitos establecidos en las normas técnicas vigentes, para poder ser renovados en la República de Guatemala.;https://medicamentos.mspas.gob.gt
3450;Ministerio de Salud Pública y Asistencia Social -MSPAS-;Solicitud de licencia sanitaria de salón de belleza: renovación -DRCPFA-;Salud;Emisión de la renovación de Licencia sanitaria para los establecimientos que sean ventas de salón de belleza: La licencia sanitaria es el documento extendido por el MSPAS a través de la Sección de establecimientos farmacéuticos, en el cual se hace constar que un establecimiento farmacéutico cumple con todos los requisitos establecidos en las normas técnicas vigentes, para poder ser renovados en la República de Guatemala.;https://medicamentos.mspas.gob.gt
3451;Ministerio de Salud Pública y Asistencia Social -MSPAS-;Solicitud de licencia sanitaria de depósito dental: renovación -DRCPFA-;Salud;Emisión de la renovación de Licencia sanitaria para los establecimientos que sean depósitos dentales: La licencia sanitaria es el documento extendido por el MSPAS a través de la Sección de establecimientos farmacéuticos, en el cual se hace constar que un establecimiento farmacéutico cumple con todos los requisitos establecidos en las normas técnicas vigentes, para poder ser renovados en la República de Guatemala.;https://medicamentos.mspas.gob.gt
3452;Ministerio de Salud Pública y Asistencia Social -MSPAS-;Solicitud de modificación del nombre comercial -DRCPFA-;Salud;Emisión de la modificación del nombre comercial a la licencia sanitaria de un establecimiento farmacéutico: El trámite de modificación es el documento extendido por el MSPAS a través de la Sección de establecimientos farmacéuticos, en el cual se hace constar que un establecimiento farmacéutico cumple con todos los requisitos establecidos en las normas técnicas vigentes, para poder ser modificado según su solicitud.;https://medicamentos.mspas.gob.gt
3453;Ministerio de Salud Pública y Asistencia Social -MSPAS-;Solicitud de modificación de la nomenclatura de dirección comercial -DRCPFA-;Salud;Emisión de la modificación de la nomenclatura de dirección comercial a la licencia sanitaria de un establecimiento farmacéutico: El trámite de modificación es el documento extendido por el MSPAS a través de la Sección de establecimientos farmacéuticos, en el cual se hace constar que un establecimiento farmacéutico cumple con todos los requisitos establecidos en las normas técnicas vigentes, para poder ser modificado según su solicitud.;https://medicamentos.mspas.gob.gt
3454;Ministerio de Salud Pública y Asistencia Social -MSPAS-;Solicitud de modificación de la categoría del establecimiento -DRCPFA-;Salud;Emisión de la modificación de la categoría del establecimiento a la licencia sanitaria de un establecimiento farmacéutico: El trámite de modificación es el documento extendido por el MSPAS a través de la Sección de establecimientos farmacéuticos, en el cual se hace constar que un establecimiento farmacéutico cumple con todos los requisitos establecidos en las normas técnicas vigentes, para poder ser modificado según su solicitud.;https://medicamentos.mspas.gob.gt
3455;Ministerio de Salud Pública y Asistencia Social -MSPAS-;Solicitud de modificación del propietario de establecimiento -DRCPFA-;Salud;Emisión de la modificación del propietario a la licencia sanitaria de un establecimiento farmacéutico: El trámite de modificación es el documento extendido por el MSPAS a través de la Sección de establecimientos farmacéuticos, en el cual se hace constar que un establecimiento farmacéutico cumple con todos los requisitos establecidos en las normas técnicas vigentes, para poder ser modificado según su solicitud.;https://medicamentos.mspas.gob.gt
3456;Ministerio de Salud Pública y Asistencia Social -MSPAS-;Solicitud de modificación de representante legal de establecimiento -DRCPFA-;Salud;Emisión de la modificación de representante legal a la licencia sanitaria de un establecimiento farmacéutico: El trámite de modificación es el documento extendido por el MSPAS a través de la Sección de establecimientos farmacéuticos, en el cual se hace constar que un establecimiento farmacéutico cumple con todos los requisitos establecidos en las normas técnicas vigentes, para poder ser modificado según su solicitud.;https://medicamentos.mspas.gob.gt
3457;Ministerio de Salud Pública y Asistencia Social -MSPAS-;Solicitud de modificación de director o responsable técnico de establecimiento -DRCPFA-;Salud;Emisión de la modificación de director o responsable técnico a la licencia sanitaria de un establecimiento farmacéutico: El trámite de modificación es el documento extendido por el MSPAS a través de la Sección de establecimientos farmacéuticos, en el cual se hace constar que un establecimiento farmacéutico cumple con todos los requisitos establecidos en las normas técnicas vigentes, para poder ser modificado según su solicitud.;https://medicamentos.mspas.gob.gt
3458;Ministerio de Salud Pública y Asistencia Social -MSPAS-;Solicitud de ampliación de dirección comercial de establecimiento -DRCPFA-;Salud;Emisión de la ampliación de dirección comercial a la licencia sanitaria de un establecimiento farmacéutico: El trámite de modificación es el documento extendido por el MSPAS a través de la Sección de establecimientos farmacéuticos, en el cual se hace constar que un establecimiento farmacéutico cumple con todos los requisitos establecidos en las normas técnicas vigentes, para poder ser modificado según su solicitud.;https://medicamentos.mspas.gob.gt
3461;Ministerio de Salud Pública y Asistencia Social -MSPAS-;Solicitud de notificación de cierre definitivo de establecimiento -DRCPFA-;Salud;Recepción de la notificación de cierre definitivo de la licencia sanitaria de establecimientos farmacéuticos y afines: El trámite de notificación es el documento recibido por la Sección de establecimientos farmacéuticos, para su cierre definitivo según normas técnicas vigentes.;https://medicamentos.mspas.gob.gt
3462;Ministerio de Salud Pública y Asistencia Social -MSPAS-;Solicitud de notificación de cierre temporal de establecimiento -DRCPFA-;Salud;Recepción de la notificación de cierre temporal de la licencia sanitaria de establecimientos farmacéuticos y afines: El trámite de notificación es el documento recibido por la Sección de establecimientos farmacéuticos, para su cierre temporal según normas técnicas vigentes.;https://medicamentos.mspas.gob.gt
3463;Ministerio de Salud Pública y Asistencia Social -MSPAS-;Solicitud de notificación de renuncia de profesional o técnico responsable de establecimiento -DRCPFA-;Salud;Recepción de la notificación de renuncia de profesional o técnico responsable del establecimiento farmacéutico: El trámite de notificación es el documento recibido por la Sección de establecimientos farmacéuticos, para la renuncia de profesional o técnico responsable según normas técnicas vigentes.;https://medicamentos.mspas.gob.gt
3464;Ministerio de Salud Pública y Asistencia Social -MSPAS-;Solicitud de notificación de reapertura por cierre temporal de establecimiento -DRCPFA-;Salud;Recepción de la notificación de reapertura por cierre temporal del establecimiento farmacéutico: El trámite de notificación es el documento recibido por la Sección de establecimientos farmacéuticos, para su reapertura por cierre temporal según normas técnicas vigentes.;https://medicamentos.mspas.gob.gt
3465;Ministerio de Salud Pública y Asistencia Social -MSPAS-;Solicitud de notificación sustitución temporal de director técnico de establecimiento -DRCPFA-;Salud;Recepción de la notificación de la sustitución temporal de director técnico del establecimiento farmacéutico: El trámite de notificación es el documento recibido por la Sección de establecimientos farmacéuticos, para la sustitución temporal de director técnico según normas técnicas vigentes.;https://medicamentos.mspas.gob.gt
3466;Ministerio de Salud Pública y Asistencia Social -MSPAS-;Solicitud de reposición de licencia sanitaria de establecimiento -DRCPFA-;Salud;Emisión de la reposición de licencia sanitaria: El trámite de reposición es el documento extendido por el MSPAS a través de la Sección de establecimientos farmacéuticos, en el cual se hace constar que un establecimiento farmacéutico cumple con todos los requisitos establecidos en las normas técnicas vigentes.;https://medicamentos.mspas.gob.gt
3467;Ministerio de Salud Pública y Asistencia Social -MSPAS-;Solicitud de reposición de nombramiento de establecimiento -DRCPFA-;Salud;Emisión de la reposición de nombramiento del establecimiento farmacéutico: El trámite de reposición es el documento extendido por el MSPAS a través de la Sección de establecimientos farmacéuticos, en el cual se hace constar que un establecimiento farmacéutico cumple con todos los requisitos establecidos en las normas técnicas vigentes.;https://medicamentos.mspas.gob.gt
3468;Ministerio de Salud Pública y Asistencia Social -MSPAS-;Autorización de Empresas que manejan Sicotrópicos, Estupefacientes, Precursores y Sustancias Químicas (Inscripción y Renovación) -DRCPFA-;Salud;La Autorización de Empresas que manejan Sicotrópicos, Estupefacientes, Precursores y Sustancias Químicas, es el permiso por el cual cualquier empresa legalmente constituida pueda realizar cualquier actividad lícita con sustancias controladas mediante la emisión por parte del MSPAS a través de la Sección de Sicotrópicos, Estupefacientes, Importaciones y Exportaciones de una Licencia para Manejo de Precursores y Sustancias Químicas o la Certificación para Manejo de Sicotrópicos y Estupefacientes. Entiéndase como sustancias controladas las siguientes: Sicotrópicos, Estupefacientes, Precursores y Sustancias Químicas. La emisión de esta Licencia y/o Certificación se otorga una vez la empresa ha cumplido con todos los requisitos correspondientes establecidos en los Acuerdos Gubernativos y normas que aplican para cada sustancia controlada.  Se debe tomar en cuenta que la empresa necesita calcelar el arancel de Certificaciones varias Q. 25.00, para que brinde las sustancias y las cantidades autorizadas.;https://medicamentos.mspas.gob.gt
3469;Ministerio de Salud Pública y Asistencia Social -MSPAS-;Actualización de Empresas que manejan Sicotrópicos, Estupefacientes, Precursores y Sustancias Químicas -DRCPFA-;Salud;"La Autorización de Empresas que manejan Sicotrópicos, Estupefacientes, Precursores y Sustancias Químicas, es el permiso por el cual cualquier empresa legalmente constituida pueda realizar cualquier actividad lícita con sustancias controladas mediante la emisión por parte del MSPAS a través de la Sección de Sicotrópicos, Estupefacientes, Importaciones y Exportaciones de una Licencia para Manejo de Precursores y Sustancias Químicas o la Certificación para Manejo de Sicotrópicos y Estupefacientes. La emisión de esta Licencia y/o Certificación se otorga una vez la empresa ha cumplido con todos los requisitos correspondientes establecidos en los Acuerdos Gubernativos y normas que aplican para cada sustancia controlada y tienen una vigencia de 5 años o la misma vigencia que posee la Licencia Sanitaria de Establecimientos Farmacéuticos. Durante dicha vigencia pueden ocurrir actualizaciones (cambios, modificaciones o notificaciones), las cuales se deben ser evaluadas y autorizadas por esta Sección. Por lo que cualquier actualización debe ser ingresada a esta Sección presentando la documentación de respaldo para cada una de las siguientes actualizaciones:
• Incremento de cuota
• Agregar sustancia
• Cambio de propietario
• Cambio de Representante Legal
• Cambio de Dirección (si cambia de número de licencia sanitaria el establecimiento farmacéutico debe realizar un expediente de renovación)
• Cambio de categoría de establecimiento (si cambia de número de licencia sanitaria el establecimiento farmacéutico debe realizar un expediente de renovación)
• Cambio de director técnico (solo para empresas farmacéuticas)
• Otros
Las actualizaciones pueden generar la emisión de Licencia para Manejo de Precursores y Sustancias Químicas, Certificación para Manejo de Sicotrópicos y Estupefacientes y/o Oficio en donde se informe que la actualización está realizada (este último documento se genera cuando la actualización no modifica la Licencia o la Certificación).";https://medicamentos.mspas.gob.gt
3470;Ministerio de Salud Pública y Asistencia Social -MSPAS-;Solicitud de Certificaciones Varias Sicotrópicos -DRCPFA-;Salud;"Las Solicitudes Varias, son aquellos trámites que el usuario realiza, siendo estas las siguientes:
• Consultas en general 
• Certificación de no controlado
• Solicitud de Correcciones
• Solicitud de Reposición de Licencia, Certificación u Oficio
• Las Solicitudes Varias, son aquellos trámites que el usuario realiza, siendo estas las siguientes";https://medicamentos.mspas.gob.gt
3471;Ministerio de Salud Pública y Asistencia Social -MSPAS-;Consultas Técnicas de Usuarios Sicotrópicos -DRCPFA-;Salud;La Consulta técnica de usuarios son todas aquellas dudas que el usuario tiene en relación a las sustancias controladas, sus controles o de los procesos que se utilizan para regularlos. Este tipo de consulta se realiza a través del formulario F-AS-F-13 Solicitudes Varias.;https://medicamentos.mspas.gob.gt
3472;Ministerio de Salud Pública y Asistencia Social -MSPAS-;Emisión del Certificado de Exportación Sicotrópicos -DRCPFA-;Salud;El Certificado de Exportación, es el permiso por el cual cualquier empresa exportadora legalmente constituida e inscrita en el MSPAS a través de la Sección de Sicotrópicos, Estupefacientes, Importaciones y Exportaciones pueda exportar sustancias controladas (materia prima o producto terminado) hacia otro país. Este proceso se genera para la exportación de sustancias controladas (Sicotrópicos, Estupefacientes y Precursores de Lista I y II) y deben solicitar la emisión del certificado de exportación por medio del formulario F-SI-f-07.;https://medicamentos.mspas.gob.gt
3473;Ministerio de Salud Pública y Asistencia Social -MSPAS-;Emisión del Certificado de Importación Sicotrópicos -DRCPFA-;Salud;El Certificado de Importación, es el permiso por el cual cualquier empresa importadora legalmente constituida e inscrita en el MSPAS a través de la Sección de Sicotrópicos, Estupefacientes, Importaciones y Exportaciones pueda importar sustancias controladas (materia prima o producto terminado) hacia el país. Este proceso se genera para la importación de sustancias controladas (Sicotrópicos, Estupefacientes y Precursores de Lista I y II) y deben solicitar la emisión del certificado de importación por medio del formulario F-SI-f-06.;https://medicamentos.mspas.gob.gt
3474;Ministerio de Salud Pública y Asistencia Social -MSPAS-;Autorización de importación de Sicotrópicos, Estupefacientes, Precursores, Sustancias Químicas, vacunas y usuario final -DRCPFA-;Salud;Autorización de importación de sustancias controladas es un proceso aplicable para la obtención del permiso para importar hacia el país: sicotrópicos, estupefacientes, precursores, sustancias químicas, vacunas, usuario final y permisos terrestres cualquier empresa importadora legalmente constituida e inscrita en el MSPAS a través de la Sección de Sicotrópicos, Estupefacientes, Importaciones y Exportaciones.;https://medicamentos.mspas.gob.gt
3475;Ministerio de Salud Pública y Asistencia Social -MSPAS-;Verificación de Destrucción de sustancias controladas (producto terminado y/o materia prima) -DRCPFA-;Salud;Este proceso tiene por objeto regular la destrucción de cualquier producto terminado o materia prima de sustancias controladas, ya sea por vencimiento o porque por cualquier causa no cumplen con las especificaciones de calidad. Este proceso se solicita al MSPAS a través de la Sección de Sicotrópicos, Estupefacientes, Importaciones y Exportaciones.;https://medicamentos.mspas.gob.gt
3476;Ministerio de Salud Pública y Asistencia Social -MSPAS-;Autorización de compra de producto controlado para establecimientos de salud -DRCPFA-;Salud;"Este proceso tiene por objeto autorizar y regular mediante un dictamen y cuotas establecidas la compra de sustancias controladas (sicotrópicos y estupefacientes) para instituciones de gobierno, establecimientos de salud y profesionales autorizado. Este proceso se solicita al MSPAS a través de la Sección de Sicotrópicos, Estupefacientes, Importaciones y Exportaciones. Y para la correcta aplicación de esta compra se consideran como responsables de la adquisición de estos productos a las siguientes personas:
Director Técnico Químico Farmacéuticos y Director Médico para establecimientos de 20 camas o mas
Director Médico para establecimientos de menos de 20 camas que no cuentes con Director Químico Farmacéutico.
Estas dos personas deben encontrarse registrados ante el MSPAS, específicamente en la Sección de Sicotrópicos, Estupefaciente, Importaciones y Exportaciones.";https://medicamentos.mspas.gob.gt
3477;Ministerio de Salud Pública y Asistencia Social -MSPAS-;Autorización de registro y cuotas de sicotrópicos y estupefacientes para establecimientos de salud y profesionales autorizados -DRCPFA-;Salud;"Este proceso tiene por objeto autorizar y regular mediante un dictamen y cuotas establecidas la compra de sustancias controladas (sicotrópicos y estupefacientes) para instituciones de gobierno, establecimientos de salud y profesionales autorizados. Este proceso se solicita al MSPAS a través de la Sección de Sicotrópicos, Estupefacientes, Importaciones y Exportaciones. Y para la correcta aplicación de esta compra se consideran como responsables de la adquisición de estos productos a las siguientes personas:
Director Técnico Químico Farmacéuticos y Director Médico para establecimientos de 20 camas o mas
Director Médico para establecimientos de menos de 20 camas que no cuentes con Director Químico Farmacéutico.
Estas dos personas deben encontrarse registrados ante el MSPAS, específicamente en la Sección de Sicotrópicos, Estupefaciente, Importaciones y Exportaciones";https://medicamentos.mspas.gob.gt
3478;Ministerio de Salud Pública y Asistencia Social -MSPAS-;Venta de Talonario de Recetas de Estupefacientes -DRCPFA-;Salud;Este proceso tiene por objeto establecer los lineamientos a seguir para el registro de la compra de talonarios de recetas de estupefacientes por parte de los médicos tratantes que recetan este tipo de medicamentos. Este proceso se solicita al MSPAS a través de la Sección de Sicotrópicos, Estupefacientes, Importaciones y Exportaciones. En caso de extravío o sustracción de un talonario de recetas el médico está obligado a reportarlo inmediatamente a El Departamento.;https://medicamentos.mspas.gob.gt
3479;Ministerio de Salud Pública y Asistencia Social -MSPAS-;Autorización de Receta de Producto Controlado -DRCPFA-;Salud;Este proceso tiene por objeto establecer los lineamientos a seguir para la autorización de recetas, así como el registro y trazabilidad de cada paciente y profesional médico tratante que recetan este tipo de medicamentos. Este proceso se solicita al MSPAS a través de la Sección de Sicotrópicos, Estupefacientes, Importaciones y Exportaciones. Las recetas que se emiten por parte del médico tratante deben tener respaldo terapéutico y el prescriptor tiene que estar en la capacidad técnica de demostrar objetivamente la razón de la prescripción. La prescripción de estupefacientes debe realizarse en la receta oficial, la cual pueden adquirir en esta Sección. Los pacientes que se les prescriba recetas que requieren un tratamiento de ocho días como dosis única no tendrán dictamen, sin embargo para tratamientos que durarán mas de 8 días se le extenderá un carné con un número de registro específico para ese paciente. Si en caso se desea cambiar la prescripción original, es necesario llenar el formulario correspondiente (el cual debe venir sellado, firmado y timbrado por el profesional tratante. Estos formularios solamente deben emitirse la primera vez de un tratamiento mayor a 8 días o por cambio de tratamiento.;https://medicamentos.mspas.gob.gt
3480;Ministerio de Salud Pública y Asistencia Social -MSPAS-;Registro y revalidación de sellos profesionales que manejan sicotrópicos y estupefacientes -DRCPFA-;Salud;Este proceso tiene por objeto establecer los lineamientos a seguir para el registro de profesionales (médicos, odontólogos, químicos farmacéuticos y veterinarios) que manejan sustancias controladas. Esto con el fin de llevar un registro y trazabilidad de cada profesional médico tratante que recetan o manejan este tipo de medicamentos. Este proceso se solicita al MSPAS a través de la Sección de Sicotrópicos, Estupefacientes, Importaciones y Exportaciones.;https://medicamentos.mspas.gob.gt
3481;Ministerio de Salud Pública y Asistencia Social -MSPAS-;Solicitud de Certificado de Producto Farmacéutico -DRCPFA-;Salud;Solicitud por parte del usuario de Documento expedido por la Autoridad Reguladora del país o región de origen, o procedencia, en donde se certifica que el Producto Farmacéutico cuenta con registro sanitario vigente y está autorizado para la venta en el  país.;https://medicamentos.mspas.gob.gt/index.php/legislacion-vigente/normas-tecnicas
3482;Ministerio de Salud Pública y Asistencia Social -MSPAS-;Modificaciones Post-registro de Productos Farmacéuticos (Actualizaciones al registro) -DRCPFA-;Salud;Emisión del Certificado de Registro Sanitario para productos farmacéuticos con vigencia de cinco años.  El Certificado de Registro Sanitario es el documento extendido por el MSPAS a través de la Sección de Autorizaciones Sanitarias de Productos Farmacéuticos, en el cual se hace constar que un producto farmacéutico ha pasado el proceso de evaluación  relativo a la calidad, seguridad y eficacia y cumple con todos los requisitos establecidos en la legislación nacional aplicable vigente, para poder ser importado y comercializado en la República de Guatemala.;https://medicamentos.mspas.gob.gt/
3483;Ministerio de Salud Pública y Asistencia Social -MSPAS-;Modificaciones Post-registro de Producto Natural Medicinal (Actualizaciones al registro) -DRCPFA-;Salud;Emisión del Certificado de Registro Sanitario para productos farmacéuticos con vigencia de cinco años.  El Certificado de Registro Sanitario es el documento extendido por el MSPAS a través de la Sección de Autorizaciones Sanitarias de Productos Farmacéuticos, en el cual se hace constar que un producto farmacéutico ha pasado el proceso de evaluación  relativo a la calidad, seguridad y eficacia y cumple con todos los requisitos establecidos en la legislación nacional aplicable vigente, para poder ser importado y comercializado en la República de Guatemala.;https://medicamentos.mspas.gob.gt
3484;Ministerio de Salud Pública y Asistencia Social -MSPAS-;Modificaciones post-registro de Reconocimiento Mutuo de Productos Farmacéuticos -DRCPFA-;Salud;Emisión del Certificado de Registro Sanitario para productos farmacéuticos con vigencia de cinco años.  El Certificado de Registro Sanitario es el documento extendido por el MSPAS a través de la Sección de Autorizaciones Sanitarias de Productos Farmacéuticos, en el cual se hace constar que un producto farmacéutico ha pasado el proceso de evaluación  relativo a la calidad, seguridad y eficacia y cumple con todos los requisitos establecidos en la legislación nacional aplicable vigente, para poder ser importado y comercializado en la República de Guatemala.;https://medicamentos.mspas.gob.gt
3485;Ministerio de Salud Pública y Asistencia Social -MSPAS-;Renovación del Registro  Sanitario  de Productos Farmacéuticos Renovación con cambios -DRCPFA-;Salud;Emisión del Certificado de Registro Sanitario para productos farmacéuticos con vigencia de cinco años.  El Certificado de Registro Sanitario es el documento extendido por el MSPAS a través de la Sección de Autorizaciones Sanitarias de Productos Farmacéuticos, en el cual se hace constar que un producto farmacéutico ha pasado el proceso de evaluación  relativo a la calidad, seguridad y eficacia y cumple con todos los requisitos establecidos en la legislación nacional aplicable vigente, para poder ser importado y comercializado en la República de Guatemala.;https://medicamentos.mspas.gob.gt
3486;Ministerio de Salud Pública y Asistencia Social -MSPAS-;Renovación del Registro  Sanitario  de Productos Farmacéuticos Renovación sin cambios -DRCPFA-;Salud;Emisión del Certificado de Registro Sanitario para productos farmacéuticos con vigencia de cinco años.  El Certificado de Registro Sanitario es el documento extendido por el MSPAS a través de la Sección de Autorizaciones Sanitarias de Productos Farmacéuticos, en el cual se hace constar que un producto farmacéutico ha pasado el proceso de evaluación  relativo a la calidad, seguridad y eficacia y cumple con todos los requisitos establecidos en la legislación nacional aplicable vigente, para poder ser importado y comercializado en la República de Guatemala.;https://medicamentos.mspas.gob.gt
3487;Ministerio de Salud Pública y Asistencia Social -MSPAS-;Renovación del Registro Sanitario Renovación con cambios de Reconocimiento Mutuo de Productos Farmacéuticos -DRCPFA-;Salud;Emisión del Certificado de Registro Sanitario para productos farmacéuticos con vigencia de cinco años.  El Certificado de Registro Sanitario es el documento extendido por el MSPAS a través de la Sección de Autorizaciones Sanitarias de Productos Farmacéuticos, en el cual se hace constar que un producto farmacéutico ha pasado el proceso de evaluación  relativo a la calidad, seguridad y eficacia y cumple con todos los requisitos establecidos en la legislación nacional aplicable vigente, para poder ser importado y comercializado en la República de Guatemala.;https://medicamentos.mspas.gob.gt
3488;Ministerio de Salud Pública y Asistencia Social -MSPAS-;Renovación del Registro  Sanitario Renovación sin cambios de Reconocimiento Mutuo de Productos Farmacéuticos -DRCPFA-;Salud;Emisión del Certificado de Registro Sanitario para productos farmacéuticos con vigencia de cinco años.  El Certificado de Registro Sanitario es el documento extendido por el MSPAS a través de la Sección de Autorizaciones Sanitarias de Productos Farmacéuticos, en el cual se hace constar que un producto farmacéutico ha pasado el proceso de evaluación  relativo a la calidad, seguridad y eficacia y cumple con todos los requisitos establecidos en la legislación nacional aplicable vigente, para poder ser importado y comercializado en la República de Guatemala.;https://medicamentos.mspas.gob.gt
3489;Ministerio de Salud Pública y Asistencia Social -MSPAS-;Registro  Sanitario Nuevo de Productos Farmacéuticos Especialidad Farmacéutica Multiorigen -DRCPFA-;Salud;Emisión del Certificado de Registro Sanitario para productos farmacéuticos con vigencia de cinco años.  El Certificado de Registro Sanitario es el documento extendido por el MSPAS a través de la Sección de Autorizaciones Sanitarias de Productos Farmacéuticos, en el cual se hace constar que un producto farmacéutico ha pasado el proceso de evaluación  relativo a la calidad, seguridad y eficacia y cumple con todos los requisitos establecidos en la legislación nacional aplicable vigente, para poder ser importado y comercializado en la República de Guatemala.;https://medicamentos.mspas.gob.gt
3490;Ministerio de Salud Pública y Asistencia Social -MSPAS-;Registro Sanitario Nuevo de Productos Farmacéuticos Especialidad Farmacéutica Innovador -DRCPFA-;Salud;Emisión del Certificado de Registro Sanitario para productos farmacéuticos con vigencia de cinco años.  El Certificado de Registro Sanitario es el documento extendido por el MSPAS a través de la Sección de Autorizaciones Sanitarias de Productos Farmacéuticos, en el cual se hace constar que un producto farmacéutico ha pasado el proceso de evaluación  relativo a la calidad, seguridad y eficacia y cumple con todos los requisitos establecidos en la legislación nacional aplicable vigente, para poder ser importado y comercializado en la República de Guatemala.;https://medicamentos.mspas.gob.gt
3491;Ministerio de Salud Pública y Asistencia Social -MSPAS-;Registro  Sanitario Nuevo de Productos Farmacéuticos Tercero Autorizado -DRCPFA-;Salud;Emisión del Certificado de Registro Sanitario para productos farmacéuticos con vigencia de cinco años.  El Certificado de Registro Sanitario es el documento extendido por el MSPAS a través de la Sección de Autorizaciones Sanitarias de Productos Farmacéuticos, en el cual se hace constar que un producto farmacéutico ha pasado el proceso de evaluación  relativo a la calidad, seguridad y eficacia y cumple con todos los requisitos establecidos en la legislación nacional aplicable vigente, para poder ser importado y comercializado en la República de Guatemala.;https://medicamentos.mspas.gob.gt
3492;Ministerio de Salud Pública y Asistencia Social -MSPAS-;Registro Sanitario Nuevo de Productos Farmacéuticos Especialidad Farmacéutica Abreviado (bajo Norma Técnica 57) -DRCPFA-;Salud;Emisión del Certificado de Registro Sanitario para productos farmacéuticos con vigencia de cinco años.  El Certificado de Registro Sanitario es el documento extendido por el MSPAS a través de la Sección de Autorizaciones Sanitarias de Productos Farmacéuticos, en el cual se hace constar que un producto farmacéutico ha pasado el proceso de evaluación  relativo a la calidad, seguridad y eficacia y cumple con todos los requisitos establecidos en la legislación nacional aplicable vigente, para poder ser importado y comercializado en la República de Guatemala.;https://medicamentos.mspas.gob.gt
3493;Ministerio de Salud Pública y Asistencia Social -MSPAS-;Registro Sanitario Nuevo de Productos Farmacéuticos Producto Biotecnológico -DRCPFA-;Salud;Emisión del Certificado de Registro Sanitario para productos farmacéuticos con vigencia de cinco años.  El Certificado de Registro Sanitario es el documento extendido por el MSPAS a través de la Sección de Autorizaciones Sanitarias de Productos Farmacéuticos, en el cual se hace constar que un producto farmacéutico ha pasado el proceso de evaluación  relativo a la calidad, seguridad y eficacia y cumple con todos los requisitos establecidos en la legislación nacional aplicable vigente, para poder ser importado y comercializado en la República de Guatemala.;https://medicamentos.mspas.gob.gt
3494;Ministerio de Salud Pública y Asistencia Social -MSPAS-;Registro Sanitario Nuevo de Productos Farmacéuticos Producto Biológico -DRCPFA-;Salud;Emisión del Certificado de Registro Sanitario para productos farmacéuticos con vigencia de cinco años.  El Certificado de Registro Sanitario es el documento extendido por el MSPAS a través de la Sección de Autorizaciones Sanitarias de Productos Farmacéuticos, en el cual se hace constar que un producto farmacéutico ha pasado el proceso de evaluación  relativo a la calidad, seguridad y eficacia y cumple con todos los requisitos establecidos en la legislación nacional aplicable vigente, para poder ser importado y comercializado en la República de Guatemala.;https://medicamentos.mspas.gob.gt
3495;Ministerio de Salud Pública y Asistencia Social -MSPAS-;Registro Sanitario Nuevo de Productos Farmacéuticos Homologación del Registro Sanitario -DRCPFA-;Salud;Emisión del Certificado de Registro Sanitario para productos farmacéuticos con vigencia de cinco años.  El Certificado de Registro Sanitario es el documento extendido por el MSPAS a través de la Sección de Autorizaciones Sanitarias de Productos Farmacéuticos, en el cual se hace constar que un producto farmacéutico ha pasado el proceso de evaluación  relativo a la calidad, seguridad y eficacia y cumple con todos los requisitos establecidos en la legislación nacional aplicable vigente, para poder ser importado y comercializado en la República de Guatemala.;https://medicamentos.mspas.gob.gt
3496;Ministerio de Salud Pública y Asistencia Social -MSPAS-;Registro Sanitario Nuevo Producto Natural Medicinal -DRCPFA-;Salud;Emisión del Certificado de Registro Sanitario para productos farmacéuticos con vigencia de cinco años.  El Certificado de Registro Sanitario es el documento extendido por el MSPAS a través de la Sección de Autorizaciones Sanitarias de Productos Farmacéuticos, en el cual se hace constar que un producto farmacéutico ha pasado el proceso de evaluación  relativo a la calidad, seguridad y eficacia y cumple con todos los requisitos establecidos en la legislación nacional aplicable vigente, para poder ser importado y comercializado en la República de Guatemala.;https://medicamentos.mspas.gob.gt
3497;Ministerio de Salud Pública y Asistencia Social -MSPAS-;Registro Sanitario Nuevo Suplemento Dietético -DRCPFA-;Salud;Emisión del Certificado de Registro Sanitario para productos farmacéuticos con vigencia de cinco años.  El Certificado de Registro Sanitario es el documento extendido por el MSPAS a través de la Sección de Autorizaciones Sanitarias de Productos Farmacéuticos, en el cual se hace constar que un producto farmacéutico ha pasado el proceso de evaluación  relativo a la calidad, seguridad y eficacia y cumple con todos los requisitos establecidos en la legislación nacional aplicable vigente, para poder ser importado y comercializado en la República de Guatemala.;https://medicamentos.mspas.gob.gt
3498;Ministerio de Salud Pública y Asistencia Social -MSPAS-;Registro  Sanitario Nuevo de Productos Farmacéuticos Producto Homeopático -DRCPFA-;Salud;Emisión del Certificado de Registro Sanitario para productos farmacéuticos con vigencia de cinco años.  El Certificado de Registro Sanitario es el documento extendido por el MSPAS a través de la Sección de Autorizaciones Sanitarias de Productos Farmacéuticos, en el cual se hace constar que un producto farmacéutico ha pasado el proceso de evaluación  relativo a la calidad, seguridad y eficacia y cumple con todos los requisitos establecidos en la legislación nacional aplicable vigente, para poder ser importado y comercializado en la República de Guatemala.;https://medicamentos.mspas.gob.gt
3499;Ministerio de Salud Pública y Asistencia Social -MSPAS-;Registro Sanitario Nuevo de Productos Farmacéuticos Producto Farmacéutico Oficinal -DRCPFA-;Salud;Emisión del Certificado de Registro Sanitario para productos farmacéuticos con vigencia de cinco años.  El Certificado de Registro Sanitario es el documento extendido por el MSPAS a través de la Sección de Autorizaciones Sanitarias de Productos Farmacéuticos, en el cual se hace constar que un producto farmacéutico ha pasado el proceso de evaluación  relativo a la calidad, seguridad y eficacia y cumple con todos los requisitos establecidos en la legislación nacional aplicable vigente, para poder ser importado y comercializado en la República de Guatemala.;https://medicamentos.mspas.gob.gt
3500;Ministerio de Salud Pública y Asistencia Social -MSPAS-;Registro Sanitario Nuevo Gas Medicinal -DRCPFA-;Salud;Emisión del Certificado de Registro Sanitario para productos farmacéuticos con vigencia de cinco años.  El Certificado de Registro Sanitario es el documento extendido por el MSPAS a través de la Sección de Autorizaciones Sanitarias de Productos Farmacéuticos, en el cual se hace constar que un producto farmacéutico ha pasado el proceso de evaluación  relativo a la calidad, seguridad y eficacia y cumple con todos los requisitos establecidos en la legislación nacional aplicable vigente, para poder ser importado y comercializado en la República de Guatemala.;https://medicamentos.mspas.gob.gt
3501;Ministerio de Salud Pública y Asistencia Social -MSPAS-;Registro  Sanitario Nuevo de Productos Farmacéuticos Radiofármaco -DRCPFA-;Salud;Emisión del Certificado de Registro Sanitario para productos farmacéuticos con vigencia de cinco años.  El Certificado de Registro Sanitario es el documento extendido por el MSPAS a través de la Sección de Autorizaciones Sanitarias de Productos Farmacéuticos, en el cual se hace constar que un producto farmacéutico ha pasado el proceso de evaluación  relativo a la calidad, seguridad y eficacia y cumple con todos los requisitos establecidos en la legislación nacional aplicable vigente, para poder ser importado y comercializado en la República de Guatemala.;https://medicamentos.mspas.gob.gt
3502;Ministerio de Salud Pública y Asistencia Social -MSPAS-;Registro  Sanitario Nuevo Reconocimiento Mutuo de Productos Farmacéuticos -DRCPFA-;Salud;Emisión del Certificado de Registro Sanitario para productos farmacéuticos con vigencia de cinco años.  El Certificado de Registro Sanitario es el documento extendido por el MSPAS a través de la Sección de Autorizaciones Sanitarias de Productos Farmacéuticos, en el cual se hace constar que un producto farmacéutico ha pasado el proceso de evaluación  relativo a la calidad, seguridad y eficacia y cumple con todos los requisitos establecidos en la legislación nacional aplicable vigente, para poder ser importado y comercializado en la República de Guatemala.;https://medicamentos.mspas.gob.gt
3503;Ministerio de Salud Pública y Asistencia Social -MSPAS-;Solicitud de Reconocimiento Mutuo (Nuevo y Renovación) de Productos Higiénicos -DRCPFA-;Salud;"Sello de reconocimiento mutuo de unión aduanera de productos cosméticos e higiénicos, nuevos o renovaciones.
El sello del reconocimiento mutuo al Certificado de Libre Venta de los países pertenecientes a la COMIECO, es el que establece que el producto es reconocido de libre venta en la República de Guatemala.";https://medicamentos.mspas.gob.gt
3504;Ministerio de Salud Pública y Asistencia Social -MSPAS-;Solicitud de Reconocimiento Mutuo (Nuevo y Renovación) de Productos Higiénicos -DRCPFA-;Salud;"Sello de reconocimiento mutuo de unión aduanera de productos cosméticos e higiénicos, nuevos o renovaciones.
El sello del reconocimiento mutuo al Certificado de Libre Venta de los países pertenecientes a la COMIECO, es el que establece que el producto es reconocido de libre venta en la República de Guatemala.";https://medicamentos.mspas.gob.gt
3505;Ministerio de Salud Pública y Asistencia Social -MSPAS-;Permiso de Importación de medicamentos no controlados -DRCPFA-;Salud;Autorización de importación de Productos Farmacéutico No controlados;https://medicamentos.mspas.gob.gt/index.php/formularios/importaciones
3506;Ministerio de Salud Pública y Asistencia Social -MSPAS-;Permiso de Importación de Donativos -DRCPFA-;Salud;Autorización de Donativos de Productos Farmacéuticos y Afines;https://medicamentos.mspas.gob.gt/index.php/formularios/importaciones
3507;Ministerio de Salud Pública y Asistencia Social -MSPAS-;Permiso de Importación de muestras (con fines de registro o inscripción sanitarios) -DRCPFA-;Salud;Autorización de importación de Muestras de Productos Farmacéuticos y Afines para Establecimientos Autorizados;https://medicamentos.mspas.gob.gt/index.php/formularios/importaciones
3508;Ministerio de Salud Pública y Asistencia Social -MSPAS-;Permiso de Importación de medicamentos para ensayos clínicos -DRCPFA-;Salud;Autorización de importación de medicamentos registrados en protocolos de ensayos clínicos;https://medicamentos.mspas.gob.gt/index.php/formularios/importaciones
3509;Ministerio de Salud Pública y Asistencia Social -MSPAS-;Permiso de Importación de medicamentos de elevado interés terapéutico -DRCPFA-;Salud;Autorización de importación de medicamentos de elevado interés terapéutico;https://medicamentos.mspas.gob.gt/index.php/formularios/importaciones
3510;Ministerio de Salud Pública y Asistencia Social -MSPAS-;Permiso de Importación de materia prima no controlada -DRCPFA-;Salud;Autorización de importación de materia prima no controlada para la industria farmaceutica y afin;https://medicamentos.mspas.gob.gt/index.php/formularios/importaciones
3511;Ministerio de Salud Pública y Asistencia Social -MSPAS-;Permiso de productos químicos (materia prima o producto terminado) que ingresan al DRCPFA, pero que no son regulados por esta dependencia;Salud;Autorización de importación de Productos que no son regulados por el Departamento.;https://medicamentos.mspas.gob.gt/index.php/formularios/importaciones
3547;Ministerio de Salud Pública y Asistencia Social -MSPAS-;Solicitud de Vacaciones;Trabajo;Vacaciones se solicitan Quince días con anticipación, el cual deberá  adjuntar copia del último período gozado, de lo contrarío se negará.;https://www.mspas.gob.gt/institucional/unidades-departamentos/recursos-humanos
3548;Ministerio de Salud Pública y Asistencia Social -MSPAS-;Matrimonio Civil,;Trabajo;Cuando el trabajador contrae matrimonio o celebra un acuerdo de unión civil, tiene derecho a permiso pagado por el empleador por cinco días hábiles continuos. El trabajador puede utilizar a su elección, este permiso en el día del matrimonio y en los días inmediatamente anteriores o posteriores a la celebración.;https://www.mspas.gob.gt/institucional/unidades-departamentos/recursos-humanos
3549;Ministerio de Salud Pública y Asistencia Social -MSPAS-;Gafete de identificación;Inscripciones y Registros;El gafete es un trámite que realiza todo trabajador presupuestado y no presupuestado para poder estar identificado dentro y fuera de las instalaciones del Ministerio de salud el cual tiene inscrito los nombres y documento de identificación así como fotografía, dirección y firma,;https://www.mspas.gob.gt/institucional/unidades-departamentos/recursos-humanos
3550;Ministerio de Salud Pública y Asistencia Social -MSPAS-;Permiso;Trabajo;Este es un documento formal que se le presenta al empleador con la finalidad de notificarle la necesidad de ausentarse del trabajo durante un tiempo determinado;https://www.mspas.gob.gt/institucional/unidades-departamentos/recursos-humanos
3551;Ministerio de Salud Pública y Asistencia Social -MSPAS-;Permiso laboral;Trabajo;Este documento permite que un trabajador solicite a su empleador un permiso laboral retribuido por una serie de motivos;https://www.mspas.gob.gt/institucional/unidades-departamentos/recursos-humanos
3573;Ministerio de Salud Pública y Asistencia Social -MSPAS-;Capacitaciones en Aspectos de Epidemiología;Salud;Siendo la capacitación continua una estrategia del Departamento de Desarrollo Epidemiológico de la  Dirección de Epidemiología y Gestión del Riesgo del Ministerio de Salud Pública y Asistencia Social  para generar conocimiento en aspectos epidemiológicos, las diferentes enfermedades sujetas a vigilancia o herramientas de recolección de datos hacia los servicios del sector salud con el propósito de identificar riesgos e impacto, para tomar decisiones oportunas que permitan proteger y mejorar la salud y la calidad de vida de las personas.;https://www.mspas.gob.gt/
3574;Ministerio de Salud Pública y Asistencia Social -MSPAS-;Evaluación de Riesgo a Instalaciones Sanitarias;Salud;"La Solicitud de evaluación de riesgo a servicios de salud es el documento, mediante el cual se deja constancia de la solicitud de evaluación de riesgos o daños estructurales y no estructurales para poder determinar el estado de un servicio de salud que pudo haber sido afectado durante un evento adverso. Este trámite es solicitado mediante un oficio por personal de la Dirección Departamental de Redes Integradas de Sistemas de Salud u Hospital hacia el Departamento de Prevención de Riesgos a la Salud de la Dirección de Epidemiología y Gestión de Riesgo.
Este proceso en algunas ocasiones requiere el acompañamiento de otras unidades o instituciones del Estado.";https://www.mspas.gob.gt/
3582;Ministerio de Salud Pública y Asistencia Social -MSPAS-;Pemriso de Importación de Productos Afines -DRCPFA-;Salud;Autorización de importación de Productos Afines;https://medicamentos.mspas.gob.gt/index.php/formularios/importaciones
3585;Ministerio de Salud Pública y Asistencia Social -MSPAS-;Notificación de RAM y ESAVI -DRCPFA-;Salud;Es la notificacion de efectos secundarios no deseados o negativos por el uso de un medicamento o vacuna, dichas notificaciones pueden provenir de diversas fuentes, incluyendo pacientes, profesionales de la salud y fabricantes de medicamentos.;https://medicamentos.mspas.gob.gt/index.php/legislacion-vigente/normas-tecnicas?download=96%3Ant19-2009&start=20
3587;Ministerio de Salud Pública y Asistencia Social -MSPAS-;Plan de Gestión de Riesgos -DRCPFA-;Salud;Es un documento que contiene el conjunto estructurado de medidas y estrategias diseñadas para identificar, evaluar, minimizar y comunicar los riesgos asociados con un medicamento o producto farmacéutico una vez que ha sido autorizado para su comercialización y uso en la población.;https://medicamentos.mspas.gob.gt/index.php/legislacion-vigente/normas-tecnicas?download=96%3Ant19-2009&start=20
3603;Ministerio de Salud Pública y Asistencia Social -MSPAS-;Registro sanitario nuevo de Plaguicidas de uso doméstico, Plaguicidas de uso profesional , Productos Repelentes de uso externo en Humanos y Productos Repelentes de uso en ambientes -DRCPFA-;Salud;Emision del Certificado de Registro Sanitario para productos Plaguicidas de uso doméstico, Plagicidas de uso profesional , Productos Repelentes de uso externo en Humanos y Productos Repelentes de uso en ambientes con vigencia de cinco años. El Certificado de Registro Sanitario es el documento extendido por el MSPAS a través de la Sección de Autorizaciones Sanitarias de Productos Farmacéuticos, en el cual se hace constar que un producto plaguicida ha pasado el proceso de evaluación  relativo a la calidad, seguridad y eficacia y cumple con todos los requisitos establecidos en la legislación nacional aplicable vigente, para poder ser importado y comercializado en la República de Guatemala.;https://medicamentos.mspas.gob.gt/index.php/legislacion-vigente/resoluciones-comieco
3604;Ministerio de Salud Pública y Asistencia Social -MSPAS-;Renovación de registro sanitario  de  Plaguicidas de uso doméstico, Plaguicidas de uso profesional , Productos Repelentes de uso externo en Humanos y Productos Repelentes de uso en ambientes -DRCPFA-;Salud;Emision del Certificado de Registro Sanitario para productos Plaguicidas de uso doméstico, Plagicidas de uso profesional , Productos Repelentes de uso externo en Humanos y Productos Repelentes de uso en ambientes con vigencia de cinco años. El Certificado de Registro Sanitario es el documento extendido por el MSPAS a través de la Sección de Autorizaciones Sanitarias de Productos Farmacéuticos, en el cual se hace constar que un producto plaguicida ha pasado el proceso de evaluación  relativo a la calidad, seguridad y eficacia y cumple con todos los requisitos establecidos en la legislación nacional aplicable vigente, para poder ser importado y comercializado en la República de Guatemala.;https://medicamentos.mspas.gob.gt/index.php/legislacion-vigente/resoluciones-comieco
3605;Ministerio de Salud Pública y Asistencia Social -MSPAS-;Modificación-Post Registro de Plaguicidas de uso doméstico, Plaguicidas de uso profesional , Productos Repelentes de uso externo en Humanos y Productos Repelentes de uso en ambientes (actualización al registro) -DRCPFA-;Salud;Emision del Certificado de Registro Sanitario para productos Plaguicidas de uso doméstico, Plagicidas de uso profesional , Productos Repelentes de uso externo en Humanos y Productos Repelentes de uso en ambientes con vigencia de cinco años. El Certificado de Registro Sanitario es el documento extendido por el MSPAS a través de la Sección de Autorizaciones Sanitarias de Productos Farmacéuticos, en el cual se hace constar que un producto plaguicida ha pasado el proceso de evaluación  relativo a la calidad, seguridad y eficacia y cumple con todos los requisitos establecidos en la legislación nacional aplicable vigente, para poder ser importado y comercializado en la República de Guatemala.;https://medicamentos.mspas.gob.gt/index.php/legislacion-vigente/resoluciones-comieco
3606;Ministerio de Salud Pública y Asistencia Social -MSPAS-;Registro Nuevo de Reconocimiento mutuo de plaguicidas de uso domestico y de uso profesional -DRCPFA-;Salud;Emision del Certificado de Registro Sanitario para productos Plaguicidas de uso doméstico, Plagicidas de uso profesional , Productos Repelentes de uso externo en Humanos y Productos Repelentes de uso en ambientes con vigencia de cinco años. El Certificado de Registro Sanitario es el documento extendido por el MSPAS a través de la Sección de Autorizaciones Sanitarias de Productos Farmacéuticos, en el cual se hace constar que un producto plaguicida ha pasado el proceso de evaluación  relativo a la calidad, seguridad y eficacia y cumple con todos los requisitos establecidos en la legislación nacional aplicable vigente, para poder ser importado y comercializado en la República de Guatemala.;https://medicamentos.mspas.gob.gt/index.php/legislacion-vigente/resoluciones-comieco
3607;Ministerio de Salud Pública y Asistencia Social -MSPAS-;Renovación de Registro de Reconocimiento mutuo de plaguicidas de uso domestico y de uso profesional -DRCPFA-;Salud;Emision del Certificado de Registro Sanitario para productos Plaguicidas de uso doméstico, Plagicidas de uso profesional , Productos Repelentes de uso externo en Humanos y Productos Repelentes de uso en ambientes con vigencia de cinco años. El Certificado de Registro Sanitario es el documento extendido por el MSPAS a través de la Sección de Autorizaciones Sanitarias de Productos Farmacéuticos, en el cual se hace constar que un producto plaguicida ha pasado el proceso de evaluación  relativo a la calidad, seguridad y eficacia y cumple con todos los requisitos establecidos en la legislación nacional aplicable vigente, para poder ser importado y comercializado en la República de Guatemala.;https://medicamentos.mspas.gob.gt/index.php/legislacion-vigente/resoluciones-comieco
3621;Ministerio de Salud Pública y Asistencia Social -MSPAS-;Tarjeta de salud1;Salud;estado del paciente es sano;mspas.gob.gt
3763;Ministerio de Salud Pública y Asistencia Social -MSPAS-;COMPENSACIÓN ECONÓMICA;Trabajo;Beneficio económico que equivale a un mes de salario por cada año de servicios continuos prestados en el MSPAS. En ningún caso será mayor de quince meses de salario y se otorgará a los trabajadores que se acojan al régimen de Clases Pasivas del Estado, por lo que los trabajadores que se acojan a este beneficio podrán hacer valer su derecho a partir del uno de enero del año dos mil diez.;https://www.mspas.gob.gt/tramites-direcciones-generales#593-direccion-general-de-recursos-humanos
3764;Ministerio de Salud Pública y Asistencia Social -MSPAS-;Constancia de hospitalización;Salud;El trámite para solicitar una Constancia de Hospitalización en los Hospitales Nacionales es la diligencia administrativa que tiene por objeto emitir un documento legal que permite constar el ingreso o atención recibida con respaldo de testimonio de Personal de Registros médicos de tener a la vista el historial clínico, este documento es una alternativa a la constancia médica, en caso de que no esté el médico tratante.;https://www.mspas.gob.gt/
3765;Ministerio de Salud Pública y Asistencia Social -MSPAS-;Certificación de expedientes médicos;Salud;El trámite para solicitar una Certificación de Expedientes Médicos en los Hospitales Nacionales es la diligencia administrativa que tiene por objeto emitir un documento legal que permite : Darle cumplimiento a los requerimientos que hacen los órganos judiciales tales como: Ministerio Público, Organismo Judicial en cualquiera de sus ramas, PDH, Procuraduría General de la Nación, que necesiten tener evidencia física de la atención que recibió determinado paciente en su estancia en el Hospital.;https://www.mspas.gob.gt/
3766;Ministerio de Salud Pública y Asistencia Social -MSPAS-;Citas Banco de Sangre;Salud;Es un trámite que se realiza con el fin de evitar aglomeraciones o tiempo de espera prolongado para atender a un donador de sangre.;https://www.mspas.gob.gt/
3842;Ministerio de Salud Pública y Asistencia Social -MSPAS-;Reposición de Licencia Sanitaria -DRCA-;Salud;Trámite  mediante el cual se gestiona la reposición de Licencia Sanitaria de Funcionamiento para fábricas de Alimentos.;https://mspas.gob.gt/servicios/control-de-alimentos
3843;Ministerio de Salud Pública y Asistencia Social -MSPAS-;Actualización de Licencia Sanitaria -DRCA-;Salud;Trámite  mediante el cual se gestiona el cambio de nombre de Establecimiento o cambio de propietario en la Licencia Sanitaria de Funcionamiento para fábricas de Alimentos.;https://mspas.gob.gt/servicios/control-de-alimentos
3844;Ministerio de Salud Pública y Asistencia Social -MSPAS-;Autorización Sanitaria para Sistemas de Disposición de Excretas;Salud;"Toda persona individual o jurídica, pública o privada, que pretenda obtener dictamen sanitario para proyectos de construcción, reparación y/o modificación de sistemas de disposición de excretas, podrá ingresar expediente directamente ante la Dirección de Agua Potable, Saneamiento, Salud y Ambiente; mismo que debe contener solicitud escrita, en la que se especifique claramente la dirección, número telefónico y/o correo electrónico de contacto para notificaciones, así como los requisitos documentales legales y técnicos establecidos para el efecto.";https://www.mspas.gob.gt/descargas-mspas/category/500-normativa-letrinizacion
3845;Ministerio de Salud Pública y Asistencia Social -MSPAS-;Acreditación de Profesionales en Manejo de Desechos Sólidos Hospitalarios;Salud;"Toda persona individual, que pretenda obtener certificado de acreditación en manejo de desechos sólidos hospitalarios  podrá ingresar expediente directamente ante la Dirección de Agua Potable, Saneamiento, Salud y Ambiente; mismo que debe contener solicitud escrita, en la que se especifique claramente la dirección, número telefónico y/o correo electrónico de contacto para notificaciones, así como los requisitos documentales legales y técnicos establecidos para el efecto.";https://www.mspas.gob.gt/descargas-mspas/category/529-acreditacion-de-profesionales-desechos-hospitalarios
3846;Ministerio de Salud Pública y Asistencia Social -MSPAS-;Aprobación de Plan de Manejo/Disposición de Desechos Sólidos Hospitalarios para Entes Generadores Públicos;Salud;"Toda persona individual o jurídica, pública o privada, que pretenda obtener dictamen sanitario para proyectos de de aprobación de Plan de Manejo/Disposición de Desechos Sólidos Hospitalarios, podrá ingresar expediente directamente ante la Dirección de Agua Potable, Saneamiento, Salud y Ambiente; mismo que debe contener solicitud escrita, en la que se especifique claramente la dirección, número telefónico y/o correo electrónico de contacto para notificaciones, así como los requisitos documentales legales y técnicos establecidos para el efecto.";https://www.mspas.gob.gt/descargas-mspas/category/527-planes-de-manejo-disposicion-desechos-hospitalarios
3847;Ministerio de Salud Pública y Asistencia Social -MSPAS-;Aprobación de Plan de Manejo/Disposición de Desechos Sólidos Hospitalarios para Entes Generadores Privados;Salud;"Toda persona individual o jurídica, pública o privada, que pretenda obtener dictamen sanitario para proyectos de de aprobación de Plan de Manejo/Disposición de Desechos Sólidos Hospitalarios, podrá ingresar expediente directamente ante la Dirección de Agua Potable, Saneamiento, Salud y Ambiente; mismo que debe contener solicitud escrita, en la que se especifique claramente la dirección, número telefónico y/o correo electrónico de contacto para notificaciones, así como los requisitos documentales legales y técnicos establecidos para el efecto.";https://www.mspas.gob.gt/descargas-mspas/category/531-normativa-planes-de-manejo-disposicion
3848;Ministerio de Salud Pública y Asistencia Social -MSPAS-;Licencia de Operación para Empresas de Disposición de Desechos Sólidos Hospitalarios (Primera o Renovación);Salud;"Toda persona individual o jurídica, pública o privada, que pretenda obtener dictamen sanitario para proyectos de de aprobación de Plan de Manejo/Disposición de Desechos Sólidos Hospitalarios, podrá ingresar expediente directamente ante la Dirección de Agua Potable, Saneamiento, Salud y Ambiente; mismo que debe contener solicitud escrita, en la que se especifique claramente la dirección, número telefónico y/o correo electrónico de contacto para notificaciones, así como los requisitos documentales legales y técnicos establecidos para el efecto.";https://www.mspas.gob.gt/descargas-mspas/category/532-requisitos-empresas-de-disposicion
3849;Ministerio de Salud Pública y Asistencia Social -MSPAS-;Autorización Sanitaria para Construcción en General;Salud;"Toda persona individual o jurídica, pública o privada, que pretenda obtener dictamen sanitario para proyectos de construcción en general, podrá ingresar expediente directamente ante la Dirección de Agua Potable, Saneamiento, Salud y Ambiente; mismo que debe contener solicitud escrita, en la que se especifique claramente la dirección, número telefónico y/o correo electrónico de contacto para notificaciones, así como los requisitos documentales legales y técnicos establecidos para el efecto.";https://www.mspas.gob.gt/construccion-en-general
3850;Ministerio de Salud Pública y Asistencia Social -MSPAS-;Autorización Sanitaria para Sistemas de Disposición de Desechos Sólidos;Salud;"Toda persona individual o jurídica, pública o privada, que pretenda obtener dictamen sanitario para sistemas de disposición de desechos sólidos, podrá ingresar expediente directamente ante la Dirección de Agua Potable, Saneamiento, Salud y Ambiente; mismo que debe contener solicitud escrita, en la que se especifique claramente la dirección, número telefónico y/o correo electrónico de contacto para notificaciones, así como los requisitos documentales legales y técnicos establecidos para el efecto.";https://www.mspas.gob.gt/descargas-mspas/category/667-sistemas-tratamiento-disposicion-final
1915;Ministerio de Trabajo y Previsión Social -MINTRABAJO-;Registro Electrónico de Contratos Individuales de Trabajo -RECIT-;Mediación y Diálogo;Contrato individual de trabajo, sea cual fuere su denominación, es el vínculo económico-jurídico mediante el que una persona (trabajador), queda obligada a prestar a otra (patrono), sus servicios personales o a ejecutarle una obra, personalmente, bajo la dependencia continuada y dirección inmediata o delegada de esta última, a cambio de una retribución de cualquier clase o forma. El registro electrónico de contratos individuales de trabajo tiene por objeto agilizar el trámite de registro.;https://recit.mintrabajo.gob.gt/
1916;Ministerio de Trabajo y Previsión Social -MINTRABAJO-;Registro Electrónico de Reglamentos Interiores de Trabajo;Trabajo;El Reglamento Interior de Trabajo es el conjunto de normas elaborado por el patrono de acuerdo con las leyes, reglamentos, pactos colectivos y contratos vigentes que lo afecten, con el objeto de preparar y regular las normas a que obligadamente se deben sujetar él y sus trabajadores con motivo de la ejecución o prestación concreta del trabajo. Todo reglamento interior de trabajo debe ser aprobado por la Inspección General de Trabajo a través del RECIT.;https://rerit.mintrabajo.gob.gt/
1917;Ministerio de Trabajo y Previsión Social -MINTRABAJO-;Libro Electrónico de Salarios;Trabajo;Todo patrono que ocupe permanentemente a diez o más trabajadores, debe llevar un libro de salarios autorizado y sellado por la Dirección General de Trabajo del Ministerio de Trabajo y Previsión Social.;https://librosalarios.mintrabajo.gob.gt/
1918;Ministerio de Trabajo y Previsión Social -MINTRABAJO-;Emisión de Solvencias de Faltas de Trabajo y Previsión Social de Forma Electrónica;Mediación y Diálogo;El Registro de Faltas de Trabajo y Previsión Social es administrado por la Inspección General de Trabajo. En dicho registro consta los nombres de las personas individuales o jurídicas que hayan sido sancionadas conforme al procedimiento respectivo y que hayan causado estado en sede administrativa o causado firmeza en sede judicial, así como su eliminación por el transcurso de un año de si imposición si no hubiere reincidencia, por el pago de la multa o por el cumplimiento de la infracción que la motivó.;https://solvencias.mintrabajo.gob.gt/
1919;Ministerio de Trabajo y Previsión Social -MINTRABAJO-;Programa de Aporte Económico del Adulto Mayor;Educación, Cultura y Deporte;Programa de Aporte Económico al Adulto Mayor, consiste en un aporte económico mensual por parte del Estado de Guatemala, que beneficia a personas de sesenta y cinco años de edad y más, que carecen de recursos económicos y están en pobreza o pobreza extrema.;https://www.mintrabajo.gob.gt/index.php/servicios/servicios-adulto-mayor
1920;Ministerio de Trabajo y Previsión Social -MINTRABAJO-;Atención al usuario (a) y orientación sobre sus derechos laborales de la Sección Mujer Trabajadora.;Trabajo;Proceso para la atención y orientación de los usuarios (as) que buscan conocer sobre sus derechos y obligaciones laborales.;https://www.mintrabajo.gob.gt/index.php/servicios/mujer-trabajadora
1921;Ministerio de Trabajo y Previsión Social -MINTRABAJO-;Registro de Médicos que elaboran y firman Planes de Salud y Seguridad Ocupacional;Inscripciones y Registros;Procedimiento por el cual se registran los médicos en la base de datos del Departamento de Salud y Seguridad Ocupacional del Ministerio de Trabajo y Previsión Social para que estos puedan firmar los Planes de Salud y Seguridad Ocupacional posteriormente a haber sido autorizados y verificados.;https://dgps-sso.mintrabajo.gob.gt/
1922;Ministerio de Trabajo y Previsión Social -MINTRABAJO-;Registro de Monitores y Planes de Prevención de Riesgos Laborales y de Salud y Seguridad Ocupacional;Trabajo;Los lugares de trabajo que cuenten con menos de diez trabajadores, deben contar con un monitor de salud y seguridad ocupacional quien tendrá a su cargo la gestión de prevención de riesgos laborales, sus atribuciones y actividades deben estar debidamente autorizados con su libro de actas, por el Departamento de Salud y Seguridad Ocupacional del Ministerio de Trabajo y Previsión Social o la Sección de Seguridad e Higiene del Instituto Guatemalteco de Seguridad Social.;https://dgps-sso.mintrabajo.gob.gt/
1923;Ministerio de Trabajo y Previsión Social -MINTRABAJO-;Registro de Comités de Salud y Seguridad Ocupacional;Trabajo;Todo lugar de trabajo, con diez o más trabajadores, debe contar con un comité bipartito de Salud y Seguridad Ocupacional. Estos Comités Bipartitos de Salud y Seguridad Ocupacional, deben ser integrados con igual número de representantes de los trabajadores y del patrono, los cuales no deben ser sustituidos por ninguna clase de comisión o brigada que tengan funciones similares. Las atribuciones y actividades de estos comités deben estar debidamente autorizados con su libro de actas, por el Departamento de Salud y Seguridad Ocupacional del Ministerio de Trabajo y Previsión Social o la Sección de Seguridad e Higiene del Instituto Guatemalteco de Seguridad Social, y sus funciones deben ser desarrolladas en el reglamento interior de trabajo correspondiente.;https://dgps-sso.mintrabajo.gob.gt/
1924;Ministerio de Trabajo y Previsión Social -MINTRABAJO-;Registro de empresas e instituciones capacitadoras en Salud y Seguridad Ocupacional;Trabajo;De conformidad con el artículo 11 inciso i del Acuerdo Gubernativo 229-2014, Reglamento de Salud y Seguridad Ocupacional, el Ministerio de Trabajo y Previsión Social expedirá las licencias necesarias y registrará las instituciones, profesionales y personas individuales o jurídicas que deseen promover, capacitar e implementar sistemas de gestión de prevención de riesgos laborales;https://dgps-sso.mintrabajo.gob.gt/
1925;Ministerio de Trabajo y Previsión Social -MINTRABAJO-;Habilitación del Libro de Actas de Comités de Salud y Seguridad Ocupacional;Trabajo;Todo lugar de trabajo debe contar con un comité bipartito de Salud y Seguridad Ocupacional. Las atribuciones y actividades de estos comités deben estar debidamente autorizados con su libro de actas, por el Departamento de Salud y Seguridad Ocupacional del Ministerio de Trabajo y Previsión Social o la Sección de Seguridad e Higiene del Instituto Guatemalteco de Seguridad Social, y sus funciones deben ser desarrolladas en el reglamento interior de trabajo correspondiente y los lugares de trabajo que cuenten con menos de diez trabajadores, deben contar con un monitor de salud y seguridad ocupacional quien tendrá a su cargo la gestión de prevención de riesgos laborales, sus atribuciones y actividades deben estar debidamente autorizados con su libro de actas, por el Departamento de Salud y Seguridad Ocupacional del Ministerio de Trabajo y Previsión Social o la Sección de Seguridad e Higiene del Instituto Guatemalteco de Seguridad Social.;https://dgps-sso.mintrabajo.gob.gt/
1926;Ministerio de Trabajo y Previsión Social -MINTRABAJO-;Registro de Personas Individuales y Profesionales Diversos en Salud y Seguridad Ocupacional;Trabajo;A través de este procedimiento se registran e inscriben en el Departamento de Salud y Seguridad Ocupacional del Ministerio de Trabajo y Previsión Social las personas individuales y profesionales diversos que tengan relación con el tema de salud y seguridad ocupacional que deseen promover, capacitar e implementar sistemas de gestión de prevención de riesgos laborales.;https://dgps-sso.mintrabajo.gob.gt/
1927;Ministerio de Trabajo y Previsión Social -MINTRABAJO-;Registro de Accidentes Laborales;Trabajo;De conformidad con el artículo 302 del Acuerdo Gubernativo 229-2014 Reglamento de Salud y Seguridad Ocupacional, entre las responsabilidades de los patronos está la vigilancia de los accidentes de trabajo y las enfermedades profesionales, los cuales debe de registrar y reportar conforme a la normativa vigente.;https://docs.google.com/forms/d/e/1FAIpQLSezjHEpGnKHelzEjxnx1HwONF39wxWG6V2g8LJFlrGcx1K5WQ/viewform
1928;Ministerio de Trabajo y Previsión Social -MINTRABAJO-;Recepción de denuncias laborales de Salud y Seguridad Ocupacional;Trabajo;El Departamento de Salud y Seguridad Ocupacional del Ministerio de Trabajo y Previsión Social recibe todo tipo de denuncias sobre incumplimiento de las leyes y reglamentos en materia de salud y seguridad ocupacional.;https://dgps-sso.mintrabajo.gob.gt/
1929;Ministerio de Trabajo y Previsión Social -MINTRABAJO-;Asesoría y capacitación a empleadores y trabajadores del sector privado y público en relación a Salud y Seguridad Ocupacional;Trabajo;Corresponde al Departamento de Salud y Seguridad del Ministerio de Trabajo y Previsión Social y la Sección de Seguridad e Higiene del Instituto Guatemalteco de Seguridad Social, impartir asesoría técnica sobre SSO a empresas e instituciones públicas y privadas, municipalidades, instituciones autónomas, y descentralizadas y en general a todas aquellas entidades u organizaciones que así lo requieran.;https://dgps-sso.mintrabajo.gob.gt/
1930;Ministerio de Trabajo y Previsión Social -MINTRABAJO-;Homologación de Pactos Colectivos de Condiciones de Trabajo de empresa o centro de producción determinado;Trabajo;El Ministerio de Trabajo y Previsión social tiene la atribución legal de estudiar el texto de los Pactos Colectivos de Condiciones de Trabajo negociados con el objeto de verificar que estos no contengan violación a las disposiciones de la Constitución Política de la República de Guatemala, Código de Trabajo y demás disposiciones legales.;https://www.mintrabajo.gob.gt/index.php/documentacion/pactos-colectivos
1931;Ministerio de Trabajo y Previsión Social -MINTRABAJO-;Reserva de centros vacacionales del Estado;Trabajo;A través de este servicio se realiza la gestión para la reserva de habitaciones en los diferentes Centros Vacacionales administrados por la Dirección de Recreación de los Trabajadores del Estado del Ministerio de Trabajo y Previsión Social y de los que pueden hacer uso las personas de las Instituciones descentralizadas, autónomas o semi-autónomas, de acuerdo al Decreto 81-70 del Congreso de la República.;https://reservaciones.mintrabajo.gob.gt/
1932;Ministerio de Trabajo y Previsión Social -MINTRABAJO-;Solicitud de Acceso a la Información Pública;Mediación y Diálogo;Garantizar a toda persona interesada, sin discriminación alguna, el derecho de solicitar y a tener acceso a la información pública en posesión del Ministerio de Trabajo y Previsión Social.;https://uip.mintrabajo.gob.gt/
1933;Ministerio de Trabajo y Previsión Social -MINTRABAJO-;Denuncias por corrupción dentro del Ministerio de Trabajo y Previsión Social;Mediación y Diálogo;A través de la denuncia ciudadana se persigue promover y realizar acciones y procedimientos encaminados a prevenir, detectar, o documentar, los actos o hechos que evidencien falta de probidad por parte de las personas que prestan servicios personales al Ministerio de Trabajo y Previsión Social, ya sea que se trate de servidores públicos, de personal temporal o de personas sin relación de dependencia y diligenciar ante las autoridades competentes las acciones que correspondan para deducir responsabilidades, si las hubiere.;https://denuncias.mintrabajo.gob.gt/
1934;Ministerio de Trabajo y Previsión Social -MINTRABAJO-;Programa de Trabajo Temporal;Trabajo;"El programa de movilidad laboral tiene por objetivo vincular a trabajadores guatemaltecos con oportunidades de empleos que se generan en el mercado laboral en el exterior por medio de la migración regular, ordenada y segura. 

Por la naturaleza de sus acciones, el proceso no es permanente, depende de la demanda de mano de obra de los empleados, cada convocatoria es desarrollada a través de enlaces específicos, desde el portal Tu Empleo y otros medios de comunicación.";https://tuempleo.mintrabajo.gob.gt/
1935;Ministerio de Trabajo y Previsión Social -MINTRABAJO-;Servicio Nacional de Empleo;Trabajo;Es un espacio de atención personalizada, en temas de orientación laboral, intermediación, formación y capacitación técnico profesional, que además vincula a otros servicios para la certificación de competencias, emprendimiento y autoempleo.;https://tuempleo.mintrabajo.gob.gt/
1936;Ministerio de Trabajo y Previsión Social -MINTRABAJO-;Permisos de Trabajo de Personas Extranjeras;Trabajo;Los extranjeros que ingresen legalmente al país necesitan de autorización previa del Ministerio de Trabajo y Previsión Social para trabajar en relación de dependencia, prestando sus servicios a un empleador del sector privado.;https://www.mintrabajo.gob.gt/index.php/dge/permisos-de-trabajo-a-extranjeros
1937;Ministerio de Trabajo y Previsión Social -MINTRABAJO-;Registro de profesiones y técnicas que no tienen carácter universitario;Trabajo;Los titulares de diplomas o certificados de aptitud profesional o técnica expedidos por centros de enseñanza extraescolar o mediante métodos y sistemas de estudios por correspondencia, tales como quiroprácticos, acupunturistas, fisioterapistas, homeopatías, naturistas, quinesteticos, cultura física o belleza , promotores sociales, educadores bilingues, procuradores indígenas, personal paramédico y técnicos en general para ejercer sus respectivas actividades profesionales, deberán inscribirse en el Registro de profesiones técnicas.;https://becaempleo.mintrabajo.gob.gt/
3294;Ministerio de Trabajo y Previsión Social -MINTRABAJO-;Reconocimiento de la personalidad jurídica, aprobación de estatutos e inscripción de sindicatos.;Inscripciones y Registros;"Artículo 210 del Código de Trabajo: ""Los sindicatos legalmente constituidos son personas jurídicas capaces de ejercer derechos y contraer obligaciones y están exentos de cubrir toda clase de impuestos fiscales y municipales que puedan pesar sobre sus bienes inmuebles, rentas o ingresos de cualquier clase"".";.
3295;Ministerio de Trabajo y Previsión Social -MINTRABAJO-;Personería Jurídica, inscripción de directivos y credenciales de organizaciones sindicales;Inscripciones y Registros;"De conformidad con el artículo 225 literal d) del Código de Trabajo son obligaciones de los sindicatos ""Comunicar al Departamento Administrativo de Trabajo, dentro de los diez días siguientes a la respectiva elección, los cambios ocurridos en su Comité ejecutivo o Consejo Consultivo.""";Trámite físico.
3296;Ministerio de Trabajo y Previsión Social -MINTRABAJO-;Reforma parcial o total de estatutos de sindicatos, federaciones y confederaciones;Inscripciones y Registros;De conformidad con el artículo 3 del Convenio número 87 sobre la libertad sindical y la protección del derecho de sindicación, las organizaciones de trabajadores y de empleadores tienen el derecho de redactar sus estatutos y reglamentos administrativos, el de elegir libremente sus representantes, el de organizar su administración y sus actividades y el de formular su programa de acción.;.
3297;Ministerio de Trabajo y Previsión Social -MINTRABAJO-;Registro de padrón de afiliados de sindicatos;Inscripciones y Registros;De conformidad con el Código de Trabajo, los sindicatos tienen como obligación enviar anualmente a la Dirección General de Trabajo un padrón de todos sus miembros, que debe incluir sus nombres y apellidos, número de sus Documentos Personales de Identificación y sus correspondientes profesiones u oficios o, si se trata de sindicatos patronales, datos de la naturaleza de las actividades económicas que como tales desempeñen.;.
3298;Ministerio de Trabajo y Previsión Social -MINTRABAJO-;Autorización y sello de libro de actas y acuerdos de la Asamblea General, actas y acuerdos del Comité Ejecutivo, de registro de socios y de contabilidad de ingresos y egresos de sindicatos, federaciones y confederaciones;Salud;Es obligación de los sindicatos llevar los siguientes libros, debidamente sellados y autorizados, por la Dirección General de Trabajo: de actas y acuerdos de la Asamblea General, de actas y acuerdos del Comité Ejecutivo, de registro de socios y de contabilidad de ingresos y egresos.;.
3299;Ministerio de Trabajo y Previsión Social -MINTRABAJO-;Atención al usuario (a) y orientación sobre sus derechos laborales a adolescentes y emisión de la constancia de edad mínima de admisión al empleo.;Trabajo;Proceso para la atención y orientación a los usuarios adolescentes que buscan ser orientados sobre los derechos y obligaciones laborales que les asisten, así como para la emisión de la constancia de edad mínima de admisión al empleo.;.
3300;Ministerio de Trabajo y Previsión Social -MINTRABAJO-;Atención al usuario (a) de la Sección de Pueblos Indígenas.;Trabajo;Proceso para la atención y orientación a los usuarios (as) sobre derechos y obligaciones laborales relacionadas con pueblos indígenas.;.
3301;Ministerio de Trabajo y Previsión Social -MINTRABAJO-;Programa de Aporte Económico del Adulto Mayor: Recepción de Sobrevivencia.;Medio Ambiente;.;.
3302;Ministerio de Trabajo y Previsión Social -MINTRABAJO-;Atención al usuario (a) y orientación sobre sus derechos laborales de la Sección de Trabajador con Discapacidad;Trabajo;Proceso para la atención y orientación a los usuarios (as) que buscan conocer sobre sus derechos y obligaciones laborales.;https://empleateinclusivo.mintrabajo.gob.gt/
3303;Ministerio de Trabajo y Previsión Social -MINTRABAJO-;Sistema electrónico para la recepción del informe del empleador y nóminas de trabajadores;Trabajo;Todos los patronos deben enviar dentro del improrrogable plazo de los dos primeros meses de cada a la dependencia administrativa correspondiente del Ministerio de Trabajo y Previsión Social, directamente o por medio de las autoridades de trabajo del lugar donde se encuentra la respectiva empresa, un informe que por lo menos debe contener egresos totales que hayan tenido por concepto de salarios durante el año anterior, con la debida separación de las salidas por jornadas ordinarias y extraordinarias y nombres y apellidos de sus trabajadores. Adicionalmente, en este trámite se puede dar cumplimiento a la entrega de nóminas de trabajadores al cual están obligados los patronos amparados bajo los Decreto 29-89 y 68-89 del Congreso de la República de Guatemala.;https://informeynomina2989.mintrabajo.gob.gt/
